1515690037;"2018/01/11 18:00:37";14.3;53;508;35;1020.5
1515690339;"2018/01/11 18:05:39";14.3;53;500;35;1020.5
1515690640;"2018/01/11 18:10:40";14.3;53;501;35;1020.6
1515690940;"2018/01/11 18:15:40";14.3;52;512;35;1020.6
1515691240;"2018/01/11 18:20:40";14.2;53;502;35;1020.7
1515691542;"2018/01/11 18:25:42";14.3;53;499;35;1020.7
1515691842;"2018/01/11 18:30:42";14.2;53;502;35;1020.7
1515692143;"2018/01/11 18:35:43";14.2;53;501;35;1020.6
1515692443;"2018/01/11 18:40:43";14.2;53;500;35;1020.7
1515692744;"2018/01/11 18:45:44";14.2;53;499;35;1020.8
1515693048;"2018/01/11 18:50:48";14.2;53;496;35;1020.8
1515693349;"2018/01/11 18:55:49";14.2;53;497;35;1021
1515693649;"2018/01/11 19:00:49";14.2;53;503;35;1021.1
1515693943;"2018/01/11 19:05:43";14.2;53;524;36;1021.1
1515693962;"2018/01/11 19:06:02";14.2;53;;;1021.1
1515694262;"2018/01/11 19:11:02";14.3;53;557;35;1021.1
1515694563;"2018/01/11 19:16:03";14.3;53;558;35;1021.3
1515694864;"2018/01/11 19:21:04";14.2;53;562;35;1021.3
1515695164;"2018/01/11 19:26:04";14.2;53;558;35;1021.4
1515695464;"2018/01/11 19:31:04";14.2;53;563;35;1021.5
1515695767;"2018/01/11 19:36:07";14.2;53;548;35;1021.5
1515696068;"2018/01/11 19:41:08";14.2;53;552;35;1021.6
1515696368;"2018/01/11 19:46:08";14.2;53;550;35;1021.7
1515696668;"2018/01/11 19:51:08";14.2;53;540;35;1021.7
1515696973;"2018/01/11 19:56:13";14.1;53;539;35;1021.8
1515697274;"2018/01/11 20:01:14";14.1;53;538;35;1021.9
1515697575;"2018/01/11 20:06:15";14.1;53;539;35;1021.9
1515697876;"2018/01/11 20:11:16";14.1;53;536;35;1022
1515698177;"2018/01/11 20:16:17";14.1;53;534;35;1022.1
1515698476;"2018/01/11 20:21:16";14.1;53;529;35;1022.1
1515698777;"2018/01/11 20:26:17";14.1;53;526;35;1022.1
1515699078;"2018/01/11 20:31:18";14.1;53;527;35;1022.2
1515699380;"2018/01/11 20:36:20";14.1;53;520;35;1022.3
1515699679;"2018/01/11 20:41:19";14;53;522;35;1022.4
1515699980;"2018/01/11 20:46:20";14;53;526;35;1022.5
1515700282;"2018/01/11 20:51:22";14;53;517;35;1022.5
1515700582;"2018/01/11 20:56:22";14;53;515;35;1022.6
1515700884;"2018/01/11 21:01:24";14;53;519;35;1022.6
1515701184;"2018/01/11 21:06:24";14;53;516;35;1022.7
1515701484;"2018/01/11 21:11:24";13.9;53;515;35;1022.8
1515701786;"2018/01/11 21:16:26";13.9;53;510;35;1022.9
1515702086;"2018/01/11 21:21:26";13.9;53;511;35;1023
1515702387;"2018/01/11 21:26:27";13.9;53;507;35;1023
1515702687;"2018/01/11 21:31:27";13.9;53;509;35;1023
1515702988;"2018/01/11 21:36:28";13.9;53;505;35;1023
1515703288;"2018/01/11 21:41:28";13.9;53;510;35;1023
1515703589;"2018/01/11 21:46:29";13.9;53;503;35;1023
1515703889;"2018/01/11 21:51:29";13.8;53;497;35;1023.1
1515704190;"2018/01/11 21:56:30";13.8;53;502;35;1023.2
1515704490;"2018/01/11 22:01:30";13.8;53;500;35;1023.2
1515704789;"2018/01/11 22:06:29";13.8;53;509;35;1023.3
1515705090;"2018/01/11 22:11:30";13.8;53;508;35;1023.4
1515705390;"2018/01/11 22:16:30";13.8;53;509;35;1023.4
1515705691;"2018/01/11 22:21:31";13.8;53;497;35;1023.5
1515705991;"2018/01/11 22:26:31";13.8;53;504;35;1023.6
1515706291;"2018/01/11 22:31:31";13.7;53;498;35;1023.7
1515706592;"2018/01/11 22:36:32";13.8;53;493;35;1023.7
1515706893;"2018/01/11 22:41:33";13.7;53;496;35;1023.8
1515707193;"2018/01/11 22:46:33";13.7;53;491;35;1023.9
1515707494;"2018/01/11 22:51:34";13.7;53;492;35;1023.9
1515707795;"2018/01/11 22:56:35";13.7;53;497;35;1023.9
1515708095;"2018/01/11 23:01:35";13.7;53;497;35;1024
1515708396;"2018/01/11 23:06:36";13.7;53;489;35;1024.2
1515708697;"2018/01/11 23:11:37";13.7;53;487;35;1024.3
1515708996;"2018/01/11 23:16:36";13.7;53;490;35;1024.4
1515709297;"2018/01/11 23:21:37";13.6;53;480;35;1024.4
1515709597;"2018/01/11 23:26:37";13.6;53;489;35;1024.4
1515709897;"2018/01/11 23:31:37";13.6;53;502;35;1024.5
1515710198;"2018/01/11 23:36:38";13.6;53;490;35;1024.6
1515710499;"2018/01/11 23:41:39";13.6;53;505;35;1024.7
1515710799;"2018/01/11 23:46:39";13.6;53;509;35;1024.7
1515711099;"2018/01/11 23:51:39";13.5;53;514;35;1024.8
1515711402;"2018/01/11 23:56:42";13.5;53;506;35;1024.9
1515711702;"2018/01/12 00:01:42";13.5;53;517;35;1024.9
1515712003;"2018/01/12 00:06:43";13.5;53;511;35;1025
1515712303;"2018/01/12 00:11:43";13.5;53;512;35;1025.1
1515712606;"2018/01/12 00:16:46";13.5;53;515;35;1025.1
1515712906;"2018/01/12 00:21:46";13.5;53;497;35;1025.2
1515713207;"2018/01/12 00:26:47";13.5;53;490;35;1025.3
1515713507;"2018/01/12 00:31:47";13.5;53;465;35;1025.3
1515713808;"2018/01/12 00:36:48";13.5;53;493;35;1025.4
1515714108;"2018/01/12 00:41:48";13.4;53;433;35;1025.4
1515714409;"2018/01/12 00:46:49";13.4;53;438;35;1025.5
1515714709;"2018/01/12 00:51:49";13.4;53;437;35;1025.6
1515715009;"2018/01/12 00:56:49";13.4;53;439;35;1025.5
1515715309;"2018/01/12 01:01:49";13.4;53;435;35;1025.6
1515715612;"2018/01/12 01:06:52";13.4;53;443;35;1025.6
1515715912;"2018/01/12 01:11:52";13.4;53;436;35;1025.6
1515716213;"2018/01/12 01:16:53";13.4;53;440;35;1025.6
1515716517;"2018/01/12 01:21:57";13.3;53;445;35;1025.6
1515716818;"2018/01/12 01:26:58";13.3;53;433;35;1025.6
1515717119;"2018/01/12 01:31:59";13.3;53;429;35;1025.6
1515717418;"2018/01/12 01:36:58";13.3;53;433;35;1025.7
1515717718;"2018/01/12 01:41:58";13.3;53;440;35;1025.7
1515718019;"2018/01/12 01:46:59";13.3;53;433;35;1025.7
1515718320;"2018/01/12 01:52:00";13.3;53;432;35;1025.8
1515718621;"2018/01/12 01:57:01";13.3;53;439;35;1025.8
1515718921;"2018/01/12 02:02:01";13.2;53;434;35;1025.8
1515719222;"2018/01/12 02:07:02";13.2;53;438;35;1025.8
1515719522;"2018/01/12 02:12:02";13.2;53;437;35;1025.9
1515719825;"2018/01/12 02:17:05";13.2;53;440;35;1025.8
1515720125;"2018/01/12 02:22:05";13.2;53;439;35;1025.9
1515720425;"2018/01/12 02:27:05";13.2;53;440;35;1025.9
1515720725;"2018/01/12 02:32:05";13.2;53;434;35;1026
1515721026;"2018/01/12 02:37:06";13.2;53;439;35;1026
1515721326;"2018/01/12 02:42:06";13.2;53;432;35;1026.1
1515721628;"2018/01/12 02:47:08";13.2;53;437;35;1026.2
1515721928;"2018/01/12 02:52:08";13.1;53;437;35;1026.3
1515722228;"2018/01/12 02:57:08";13.2;53;425;35;1026.3
1515722528;"2018/01/12 03:02:08";13.1;53;437;35;1026.3
1515722830;"2018/01/12 03:07:10";13.1;53;435;35;1026.4
1515723130;"2018/01/12 03:12:10";13.1;53;432;35;1026.4
1515723431;"2018/01/12 03:17:11";13.1;53;432;35;1026.4
1515723731;"2018/01/12 03:22:11";13.1;53;431;35;1026.4
1515724032;"2018/01/12 03:27:12";13.1;53;438;35;1026.5
1515724332;"2018/01/12 03:32:12";13.1;53;434;35;1026.6
1515724632;"2018/01/12 03:37:12";13.1;53;432;35;1026.6
1515724933;"2018/01/12 03:42:13";13.1;53;437;35;1026.7
1515725234;"2018/01/12 03:47:14";13.1;53;432;35;1026.8
1515725535;"2018/01/12 03:52:15";13.1;53;434;35;1026.9
1515725836;"2018/01/12 03:57:16";13.1;53;438;35;1026.9
1515726136;"2018/01/12 04:02:16";13.1;53;437;35;1027
1515726436;"2018/01/12 04:07:16";13.1;53;441;35;1027
1515726737;"2018/01/12 04:12:17";13.1;53;432;35;1027
1515727037;"2018/01/12 04:17:17";13.1;53;439;35;1027
1515727337;"2018/01/12 04:22:17";13;53;435;35;1027
1515727638;"2018/01/12 04:27:18";13.1;53;442;35;1027.1
1515727938;"2018/01/12 04:32:18";13;53;435;35;1027.1
1515728239;"2018/01/12 04:37:19";13;53;431;35;1027.2
1515728539;"2018/01/12 04:42:19";13;53;436;35;1027.2
1515728840;"2018/01/12 04:47:20";13;53;434;35;1027.3
1515729140;"2018/01/12 04:52:20";13;53;436;35;1027.3
1515729440;"2018/01/12 04:57:20";13;53;443;35;1027.3
1515729740;"2018/01/12 05:02:20";12.9;53;432;35;1027.3
1515730040;"2018/01/12 05:07:20";12.9;53;438;35;1027.3
1515730341;"2018/01/12 05:12:21";12.9;53;426;35;1027.3
1515730641;"2018/01/12 05:17:21";12.9;53;434;35;1027.4
1515730942;"2018/01/12 05:22:22";12.9;53;431;35;1027.4
1515731243;"2018/01/12 05:27:23";12.9;53;434;35;1027.4
1515731547;"2018/01/12 05:32:27";12.9;53;429;35;1027.4
1515731847;"2018/01/12 05:37:27";12.9;53;429;35;1027.5
1515732147;"2018/01/12 05:42:27";12.9;53;433;35;1027.5
1515732449;"2018/01/12 05:47:29";12.9;53;431;35;1027.5
1515732749;"2018/01/12 05:52:29";12.8;53;434;35;1027.5
1515733050;"2018/01/12 05:57:30";12.8;53;433;35;1027.4
1515733351;"2018/01/12 06:02:31";12.8;53;427;35;1027.5
1515733651;"2018/01/12 06:07:31";12.8;53;433;35;1027.6
1515733951;"2018/01/12 06:12:31";12.8;53;429;35;1027.7
1515734250;"2018/01/12 06:17:30";12.8;53;433;35;1027.7
1515734550;"2018/01/12 06:22:30";12.8;53;427;35;1027.8
1515734852;"2018/01/12 06:27:32";12.8;53;437;35;1027.8
1515735152;"2018/01/12 06:32:32";12.8;53;427;35;1027.9
1515735453;"2018/01/12 06:37:33";12.8;53;425;35;1028
1515735753;"2018/01/12 06:42:33";12.7;53;423;35;1028.1
1515736054;"2018/01/12 06:47:34";12.7;53;425;35;1028.1
1515736354;"2018/01/12 06:52:34";12.7;53;432;35;1028.2
1515736653;"2018/01/12 06:57:33";12.7;53;428;35;1028.3
1515736954;"2018/01/12 07:02:34";12.7;53;420;35;1028.3
1515737254;"2018/01/12 07:07:34";12.7;53;422;35;1028.3
1515737555;"2018/01/12 07:12:35";12.7;53;420;35;1028.4
1515737857;"2018/01/12 07:17:37";12.7;53;420;35;1028.4
1515738157;"2018/01/12 07:22:37";12.6;53;418;35;1028.5
1515738458;"2018/01/12 07:27:38";12.6;53;424;35;1028.5
1515738758;"2018/01/12 07:32:38";12.6;53;418;35;1028.6
1515739059;"2018/01/12 07:37:39";12.6;53;423;35;1028.6
1515739359;"2018/01/12 07:42:39";12.6;53;417;35;1028.7
1515739660;"2018/01/12 07:47:40";12.6;53;415;35;1028.7
1515739964;"2018/01/12 07:52:44";12.6;53;420;35;1028.8
1515740265;"2018/01/12 07:57:45";12.6;53;415;35;1028.9
1515740565;"2018/01/12 08:02:45";12.6;53;415;35;1028.9
1515740865;"2018/01/12 08:07:45";12.6;53;414;35;1028.9
1515741166;"2018/01/12 08:12:46";12.6;53;407;35;1029
1515741467;"2018/01/12 08:17:47";12.6;53;416;35;1029
1515741767;"2018/01/12 08:22:47";12.6;53;418;35;1029.1
1515742068;"2018/01/12 08:27:48";12.6;53;408;35;1029.2
1515742368;"2018/01/12 08:32:48";12.6;52;416;35;1029.3
1515742669;"2018/01/12 08:37:49";12.6;52;408;35;1029.5
1515742969;"2018/01/12 08:42:49";12.5;52;412;35;1029.5
1515743270;"2018/01/12 08:47:50";12.5;52;407;35;1029.6
1515743574;"2018/01/12 08:52:54";12.5;52;403;35;1029.6
1515743874;"2018/01/12 08:57:54";12.6;52;405;35;1029.6
1515744175;"2018/01/12 09:02:55";12.5;52;407;35;1029.6
1515744476;"2018/01/12 09:07:56";12.5;52;403;35;1029.7
1515744776;"2018/01/12 09:12:56";12.5;52;411;35;1029.9
1515745077;"2018/01/12 09:17:57";12.5;52;401;35;1029.9
1515745378;"2018/01/12 09:22:58";12.5;52;402;35;1030
1515745678;"2018/01/12 09:27:58";12.5;52;409;35;1030
1515745978;"2018/01/12 09:32:58";12.5;52;402;35;1030.1
1515746279;"2018/01/12 09:37:59";12.5;52;402;35;1030.2
1515746579;"2018/01/12 09:42:59";12.4;52;400;35;1030.2
1515746879;"2018/01/12 09:47:59";12.5;52;394;35;1030.2
1515747179;"2018/01/12 09:52:59";12.4;52;397;35;1030.3
1515747481;"2018/01/12 09:58:01";12.4;52;394;35;1030.4
1515747781;"2018/01/12 10:03:01";12.4;52;400;35;1030.4
1515748081;"2018/01/12 10:08:01";12.4;52;394;35;1030.4
1515748381;"2018/01/12 10:13:01";12.4;52;394;35;1030.5
1515748682;"2018/01/12 10:18:02";12.4;52;399;35;1030.6
1515748982;"2018/01/12 10:23:02";12.4;52;396;35;1030.6
1515749284;"2018/01/12 10:28:04";12.4;52;399;35;1030.6
1515749584;"2018/01/12 10:33:04";12.4;52;398;35;1030.6
1515749884;"2018/01/12 10:38:04";12.4;52;393;35;1030.7
1515750185;"2018/01/12 10:43:05";12.4;52;396;35;1030.8
1515750485;"2018/01/12 10:48:05";12.4;52;392;35;1030.8
1515750785;"2018/01/12 10:53:05";12.3;52;391;35;1030.9
1515751086;"2018/01/12 10:58:06";12.4;52;390;35;1030.9
1515751386;"2018/01/12 11:03:06";12.3;52;393;35;1031
1515751687;"2018/01/12 11:08:07";12.3;52;387;35;1030.9
1515751987;"2018/01/12 11:13:07";12.3;52;389;35;1030.9
1515752288;"2018/01/12 11:18:08";12.3;52;394;35;1030.9
1515752588;"2018/01/12 11:23:08";12.3;52;385;35;1030.9
1515752890;"2018/01/12 11:28:10";12.3;52;388;35;1030.9
1515753194;"2018/01/12 11:33:14";12.3;52;394;35;1030.9
1515753494;"2018/01/12 11:38:14";12.3;52;377;35;1031
1515753794;"2018/01/12 11:43:14";12.3;52;387;35;1030.9
1515754096;"2018/01/12 11:48:16";12.3;52;386;35;1031
1515754396;"2018/01/12 11:53:16";12.3;52;383;35;1031
1515754697;"2018/01/12 11:58:17";12.3;52;395;35;1031.1
1515755001;"2018/01/12 12:03:21";12.3;52;385;35;1031.1
1515755300;"2018/01/12 12:08:20";12.3;52;384;35;1031.2
1515755600;"2018/01/12 12:13:20";12.2;52;382;35;1031.2
1515755902;"2018/01/12 12:18:22";12.2;52;377;35;1031.2
1515756202;"2018/01/12 12:23:22";12.2;52;384;35;1031.2
1515756503;"2018/01/12 12:28:23";12.2;52;384;35;1031.2
1515756803;"2018/01/12 12:33:23";12.2;52;380;35;1031.1
1515757105;"2018/01/12 12:38:25";12.2;52;384;35;1031.2
1515757405;"2018/01/12 12:43:25";12.2;52;382;35;1031.2
1515757705;"2018/01/12 12:48:25";12.2;52;379;35;1031.2
1515758006;"2018/01/12 12:53:26";12.1;52;382;35;1031.2
1515758306;"2018/01/12 12:58:26";12.1;52;384;35;1031.3
1515758610;"2018/01/12 13:03:30";12.1;52;380;35;1031.3
1515758912;"2018/01/12 13:08:32";12.1;52;378;35;1031.3
1515759212;"2018/01/12 13:13:32";12.1;52;379;35;1031.3
1515759515;"2018/01/12 13:18:35";12.3;52;381;35;1031.2
1515759815;"2018/01/12 13:23:35";12.2;52;372;35;1031.3
1515760117;"2018/01/12 13:28:37";12.1;52;372;35;1031.3
1515760418;"2018/01/12 13:33:38";12.1;52;376;35;1031.3
1515760719;"2018/01/12 13:38:39";12.1;52;376;35;1031.3
1515761019;"2018/01/12 13:43:39";12.1;52;380;35;1031.3
1515761319;"2018/01/12 13:48:39";12.1;52;376;35;1031.2
1515761619;"2018/01/12 13:53:39";12.1;52;380;35;1031.2
1515761920;"2018/01/12 13:58:40";12.1;52;375;35;1031.2
1515762221;"2018/01/12 14:03:41";12;52;376;35;1031.3
1515762520;"2018/01/12 14:08:40";12;52;375;35;1031.3
1515762820;"2018/01/12 14:13:40";12;52;375;35;1031.3
1515763122;"2018/01/12 14:18:42";12;52;372;35;1031.4
1515763422;"2018/01/12 14:23:42";12;52;382;35;1031.3
1515763722;"2018/01/12 14:28:42";12;52;377;35;1031.3
1515764022;"2018/01/12 14:33:42";12;52;383;35;1031.3
1515764322;"2018/01/12 14:38:42";12;52;374;35;1031.3
1515764622;"2018/01/12 14:43:42";12;52;379;35;1031.4
1515764923;"2018/01/12 14:48:43";12;52;377;35;1031.4
1515765223;"2018/01/12 14:53:43";12;52;377;35;1031.4
1515765524;"2018/01/12 14:58:44";12;52;379;35;1031.3
1515765828;"2018/01/12 15:03:48";11.9;52;378;35;1031.3
1515766130;"2018/01/12 15:08:50";11.9;52;378;35;1031.4
1515766434;"2018/01/12 15:13:54";11.9;52;371;35;1031.4
1515766734;"2018/01/12 15:18:54";11.9;52;367;35;1031.4
1515767039;"2018/01/12 15:23:59";11.9;52;374;35;1031.5
1515767339;"2018/01/12 15:28:59";11.9;52;368;35;1031.4
1515767643;"2018/01/12 15:34:03";11.9;52;371;35;1031.5
1515767945;"2018/01/12 15:39:05";11.9;52;376;35;1031.5
1515768245;"2018/01/12 15:44:05";11.9;52;373;35;1031.6
1515768545;"2018/01/12 15:49:05";11.9;52;368;35;1031.6
1515768849;"2018/01/12 15:54:09";11.8;52;369;35;1031.7
1515769148;"2018/01/12 15:59:08";11.8;52;379;35;1031.8
1515769453;"2018/01/12 16:04:13";11.8;52;367;35;1031.8
1515769753;"2018/01/12 16:09:13";11.8;52;367;35;1031.9
1515770057;"2018/01/12 16:14:17";11.8;52;374;35;1031.9
1515770359;"2018/01/12 16:19:19";11.9;52;381;35;1031.9
1515770663;"2018/01/12 16:24:23";11.8;52;380;35;1031.9
1515770963;"2018/01/12 16:29:23";11.8;52;379;35;1031.9
1515771263;"2018/01/12 16:34:23";11.8;52;380;35;1031.9
1515771563;"2018/01/12 16:39:23";11.8;52;379;35;1031.9
1515771867;"2018/01/12 16:44:27";11.7;52;385;35;1031.9
1515772169;"2018/01/12 16:49:29";11.8;52;385;35;1031.9
1515772469;"2018/01/12 16:54:29";11.7;52;386;35;1031.9
1515772768;"2018/01/12 16:59:28";11.7;52;387;35;1032
1515773068;"2018/01/12 17:04:28";11.7;52;384;35;1032
1515773369;"2018/01/12 17:09:29";11.7;52;383;35;1032
1515773669;"2018/01/12 17:14:29";11.7;52;388;35;1032
1515773970;"2018/01/12 17:19:30";11.7;52;389;35;1032.1
1515774270;"2018/01/12 17:24:30";11.7;52;385;35;1032.1
1515774570;"2018/01/12 17:29:30";11.7;52;389;35;1032.2
1515774874;"2018/01/12 17:34:34";11.7;52;381;35;1032.1
1515775176;"2018/01/12 17:39:36";11.7;52;385;35;1032.1
1515775480;"2018/01/12 17:44:40";11.6;52;379;35;1032.1
1515775779;"2018/01/12 17:49:39";11.7;52;385;35;1032.1
1515776079;"2018/01/12 17:54:39";11.6;52;390;35;1032.1
1515776379;"2018/01/12 17:59:39";11.6;52;388;35;1032.1
1515776680;"2018/01/12 18:04:40";11.6;52;392;35;1032.1
1515776980;"2018/01/12 18:09:40";11.6;52;390;35;1032.1
1515777284;"2018/01/12 18:14:44";11.6;52;391;35;1032.1
1515777584;"2018/01/12 18:19:44";11.6;52;394;35;1032.1
1515777888;"2018/01/12 18:24:48";11.6;52;386;35;1032
1515778188;"2018/01/12 18:29:48";11.6;52;389;35;1032
1515778493;"2018/01/12 18:34:53";11.6;52;383;35;1031.9
1515778679;"2018/01/12 18:37:59";11.7;53;423;37;1032
1515778733;"2018/01/12 18:38:53";11.8;53;435;36;1032
1515779033;"2018/01/12 18:43:53";11.7;53;442;35;1032
1515779333;"2018/01/12 18:48:53";11.8;53;444;35;1032.1
1515779637;"2018/01/12 18:53:57";12;52;452;35;1032.2
1515779938;"2018/01/12 18:58:58";12.3;52;447;35;1032.2
1515780239;"2018/01/12 19:03:59";12.6;52;446;35;1032.3
1515780538;"2018/01/12 19:08:58";12.8;52;444;35;1032.3
1515780839;"2018/01/12 19:13:59";13;52;461;35;1032.3
1515781139;"2018/01/12 19:18:59";13.2;52;469;35;1032.3
1515781441;"2018/01/12 19:24:01";13.3;51;464;35;1032.5
1515781741;"2018/01/12 19:29:01";13.5;51;469;35;1032.5
1515782043;"2018/01/12 19:34:03";13.6;51;526;35;1032.5
1515782344;"2018/01/12 19:39:04";13.7;51;523;35;1032.5
1515782644;"2018/01/12 19:44:04";13.8;51;511;35;1032.5
1515782946;"2018/01/12 19:49:06";13.9;51;504;35;1032.5
1515783250;"2018/01/12 19:54:10";14;51;499;35;1032.5
1515783550;"2018/01/12 19:59:10";14.1;50;506;35;1032.5
1515783850;"2018/01/12 20:04:10";14.1;50;500;35;1032.6
1515784150;"2018/01/12 20:09:10";14.2;50;510;35;1032.6
1515784452;"2018/01/12 20:14:12";14.3;50;502;35;1032.6
1515784753;"2018/01/12 20:19:13";14.3;50;500;35;1032.6
1515785053;"2018/01/12 20:24:13";14.4;50;492;35;1032.6
1515785353;"2018/01/12 20:29:13";14.5;50;505;35;1032.7
1515785655;"2018/01/12 20:34:15";14.5;50;495;35;1032.8
1515785954;"2018/01/12 20:39:14";14.6;50;502;35;1032.8
1515786255;"2018/01/12 20:44:15";14.6;50;497;35;1032.8
1515786555;"2018/01/12 20:49:15";14.7;50;495;35;1032.9
1515786856;"2018/01/12 20:54:16";14.7;50;495;35;1032.9
1515787157;"2018/01/12 20:59:17";14.8;50;491;35;1033
1515787458;"2018/01/12 21:04:18";14.8;50;492;35;1033
1515787758;"2018/01/12 21:09:18";14.9;50;490;35;1033
1515788059;"2018/01/12 21:14:19";14.9;50;491;35;1033
1515788360;"2018/01/12 21:19:20";14.9;50;485;35;1033
1515788661;"2018/01/12 21:24:21";15;50;487;35;1033
1515788961;"2018/01/12 21:29:21";15;50;486;35;1033
1515789262;"2018/01/12 21:34:22";15;50;477;35;1033
1515789563;"2018/01/12 21:39:23";15.1;50;488;35;1033
1515789864;"2018/01/12 21:44:24";15.1;49;483;35;1033
1515790165;"2018/01/12 21:49:25";15.2;50;487;35;1032.9
1515790466;"2018/01/12 21:54:26";15.2;49;483;35;1033
1515790766;"2018/01/12 21:59:26";15.3;49;479;35;1033
1515791066;"2018/01/12 22:04:26";15.3;49;485;35;1033.1
1515791368;"2018/01/12 22:09:28";15.3;49;483;35;1033.1
1515791669;"2018/01/12 22:14:29";15.4;49;481;35;1033.1
1515791969;"2018/01/12 22:19:29";15.4;49;480;35;1033
1515792269;"2018/01/12 22:24:29";15.4;49;479;35;1033
1515792571;"2018/01/12 22:29:31";15.5;49;486;35;1033
1515792872;"2018/01/12 22:34:32";15.5;49;477;35;1033
1515793172;"2018/01/12 22:39:32";15.6;49;474;35;1033
1515793472;"2018/01/12 22:44:32";15.6;49;476;35;1033
1515793774;"2018/01/12 22:49:34";15.6;49;469;35;1033
1515794075;"2018/01/12 22:54:35";15.6;49;473;35;1033
1515794375;"2018/01/12 22:59:35";15.7;49;484;35;1033
1515794675;"2018/01/12 23:04:35";15.7;49;478;35;1033.1
1515794978;"2018/01/12 23:09:38";15.7;49;473;35;1033.1
1515795279;"2018/01/12 23:14:39";15.7;49;484;36;1033.1
1515795579;"2018/01/12 23:19:39";15.8;49;493;35;1033.1
1515795879;"2018/01/12 23:24:39";15.9;50;557;42;1033.1
1515796180;"2018/01/12 23:29:40";15.9;50;631;43;1033.1
1515796481;"2018/01/12 23:34:41";15.9;50;710;44;1033.1
1515796782;"2018/01/12 23:39:42";16;50;797;46;1033.2
1515797082;"2018/01/12 23:44:42";16;50;862;46;1033.2
1515797384;"2018/01/12 23:49:44";16;51;921;38;1033.2
1515797684;"2018/01/12 23:54:44";16;51;977;35;1033.2
1515797781;"2018/01/12 23:56:21";16.1;51;1001;35;1033.2
1515798085;"2018/01/13 00:01:25";16.1;51;1040;36;1033.2
1515798385;"2018/01/13 00:06:25";16.1;51;1085;35;1033.2
1515798687;"2018/01/13 00:11:27";16.1;51;1120;35;1033.1
1515798987;"2018/01/13 00:16:27";16.1;51;1146;35;1033.1
1515799290;"2018/01/13 00:21:30";16.2;51;1192;35;1033.1
1515799591;"2018/01/13 00:26:31";16.2;51;1207;35;1033.1
1515799893;"2018/01/13 00:31:33";16.2;51;1229;35;1033.1
1515800193;"2018/01/13 00:36:33";16.2;51;1266;35;1033.1
1515800494;"2018/01/13 00:41:34";16.2;52;1289;35;1033.1
1515800795;"2018/01/13 00:46:35";16.2;52;1318;35;1033
1515801096;"2018/01/13 00:51:36";16.3;52;1347;35;1033
1515801397;"2018/01/13 00:56:37";16.3;52;1363;35;1033
1515801697;"2018/01/13 01:01:37";16.3;52;1389;35;1033
1515801998;"2018/01/13 01:06:38";16.3;52;1403;35;1032.9
1515802299;"2018/01/13 01:11:39";16.3;52;1412;35;1032.9
1515802600;"2018/01/13 01:16:40";16.3;52;1424;35;1032.9
1515802901;"2018/01/13 01:21:41";16.4;52;1425;35;1032.8
1515803202;"2018/01/13 01:26:42";16.4;52;1443;35;1032.7
1515803503;"2018/01/13 01:31:43";16.4;53;1453;35;1032.7
1515803804;"2018/01/13 01:36:44";16.4;53;1463;35;1032.8
1515804104;"2018/01/13 01:41:44";16.4;53;1468;35;1032.8
1515804405;"2018/01/13 01:46:45";16.4;53;1489;35;1032.8
1515804706;"2018/01/13 01:51:46";16.4;53;1501;35;1032.8
1515805007;"2018/01/13 01:56:47";16.4;53;1497;35;1032.8
1515805311;"2018/01/13 02:01:51";16.5;53;1520;35;1032.8
1515805611;"2018/01/13 02:06:51";16.4;53;1530;35;1032.8
1515805911;"2018/01/13 02:11:51";16.5;53;1525;35;1032.8
1515806212;"2018/01/13 02:16:52";16.5;53;1535;35;1032.8
1515806513;"2018/01/13 02:21:53";16.5;53;1553;35;1032.8
1515806814;"2018/01/13 02:26:54";16.5;54;1574;35;1032.8
1515807116;"2018/01/13 02:31:56";16.5;54;1600;35;1032.8
1515807416;"2018/01/13 02:36:56";16.5;54;1604;35;1032.8
1515807717;"2018/01/13 02:41:57";16.5;54;1620;35;1032.9
1515808018;"2018/01/13 02:46:58";16.5;54;1618;35;1032.9
1515808318;"2018/01/13 02:51:58";16.5;54;1615;35;1032.8
1515808619;"2018/01/13 02:56:59";16.5;54;1628;35;1032.8
1515808920;"2018/01/13 03:02:00";16.5;54;1606;35;1032.7
1515809221;"2018/01/13 03:07:01";16.5;54;1610;35;1032.7
1515809522;"2018/01/13 03:12:02";16.5;54;1624;35;1032.7
1515809823;"2018/01/13 03:17:03";16.5;54;1608;35;1032.7
1515810123;"2018/01/13 03:22:03";16.5;54;1604;35;1032.7
1515810424;"2018/01/13 03:27:04";16.5;54;1611;35;1032.7
1515810726;"2018/01/13 03:32:06";16.5;54;1625;35;1032.7
1515811026;"2018/01/13 03:37:06";16.5;54;1627;35;1032.7
1515811327;"2018/01/13 03:42:07";16.5;54;1648;35;1032.6
1515811627;"2018/01/13 03:47:07";16.5;54;1643;35;1032.6
1515811928;"2018/01/13 03:52:08";16.6;54;1635;35;1032.6
1515812229;"2018/01/13 03:57:09";16.5;54;1651;35;1032.5
1515812530;"2018/01/13 04:02:10";16.6;54;1629;35;1032.5
1515812831;"2018/01/13 04:07:11";16.5;54;1651;35;1032.5
1515813132;"2018/01/13 04:12:12";16.6;54;1649;35;1032.5
1515813433;"2018/01/13 04:17:13";16.6;54;1648;35;1032.5
1515813734;"2018/01/13 04:22:14";16.6;54;1663;35;1032.5
1515814035;"2018/01/13 04:27:15";16.6;54;1655;35;1032.5
1515814337;"2018/01/13 04:32:17";16.6;54;1666;35;1032.5
1515814638;"2018/01/13 04:37:18";16.6;54;1652;35;1032.6
1515814942;"2018/01/13 04:42:22";16.6;54;1661;35;1032.7
1515815242;"2018/01/13 04:47:22";16.6;54;1645;35;1032.6
1515815544;"2018/01/13 04:52:24";16.6;54;1659;35;1032.5
1515815845;"2018/01/13 04:57:25";16.6;54;1655;35;1032.5
1515816146;"2018/01/13 05:02:26";16.6;54;1681;35;1032.6
1515816446;"2018/01/13 05:07:26";16.6;55;1669;35;1032.6
1515816748;"2018/01/13 05:12:28";16.6;55;1687;35;1032.7
1515817048;"2018/01/13 05:17:28";16.6;55;1676;35;1032.6
1515817349;"2018/01/13 05:22:29";16.6;55;1682;35;1032.6
1515817650;"2018/01/13 05:27:30";16.6;55;1674;35;1032.4
1515817951;"2018/01/13 05:32:31";16.6;55;1680;35;1032.4
1515818252;"2018/01/13 05:37:32";16.6;55;1657;35;1032.3
1515818553;"2018/01/13 05:42:33";16.5;55;1688;35;1032.3
1515818855;"2018/01/13 05:47:35";16.4;55;1673;35;1032.3
1515819155;"2018/01/13 05:52:35";16.4;55;1672;35;1032.3
1515819455;"2018/01/13 05:57:35";16.3;55;1682;35;1032.3
1515819758;"2018/01/13 06:02:38";16.3;55;1669;35;1032.3
1515820058;"2018/01/13 06:07:38";16.2;55;1687;35;1032.2
1515820359;"2018/01/13 06:12:39";16.3;55;1675;35;1032.2
1515820659;"2018/01/13 06:17:39";16.3;55;1684;35;1032.2
1515820962;"2018/01/13 06:22:42";16.3;55;1680;35;1032.2
1515821263;"2018/01/13 06:27:43";16.3;55;1678;35;1032.2
1515821564;"2018/01/13 06:32:44";16.4;55;1684;35;1032.3
1515821864;"2018/01/13 06:37:44";16.4;55;1671;35;1032.3
1515822164;"2018/01/13 06:42:44";16.5;55;1682;35;1032.3
1515822465;"2018/01/13 06:47:45";16.4;55;1665;35;1032.2
1515822766;"2018/01/13 06:52:46";16.5;55;1651;35;1032.2
1515823067;"2018/01/13 06:57:47";16.5;55;1669;35;1032.2
1515823368;"2018/01/13 07:02:48";16.5;55;1666;35;1032.2
1515823669;"2018/01/13 07:07:49";16.5;55;1661;35;1032.3
1515823970;"2018/01/13 07:12:50";16.5;55;1652;35;1032.3
1515824270;"2018/01/13 07:17:50";16.5;55;1635;35;1032.2
1515824570;"2018/01/13 07:22:50";16.5;55;1648;35;1032.2
1515824871;"2018/01/13 07:27:51";16.5;55;1639;35;1032.2
1515825174;"2018/01/13 07:32:54";16.5;55;1632;35;1032.3
1515825475;"2018/01/13 07:37:55";16.5;55;1633;35;1032.3
1515825776;"2018/01/13 07:42:56";16.6;55;1637;35;1032.4
1515826076;"2018/01/13 07:47:56";16.5;55;1645;35;1032.4
1515826377;"2018/01/13 07:52:57";16.6;55;1631;35;1032.3
1515826678;"2018/01/13 07:57:58";16.6;55;1637;35;1032.3
1515826978;"2018/01/13 08:02:58";16.6;55;1646;35;1032.4
1515827279;"2018/01/13 08:07:59";16.6;55;1632;35;1032.5
1515827580;"2018/01/13 08:13:00";16.6;55;1645;35;1032.6
1515827880;"2018/01/13 08:18:00";16.6;55;1629;35;1032.7
1515828182;"2018/01/13 08:23:02";16.6;55;1644;36;1032.7
1515828482;"2018/01/13 08:28:02";16.6;56;1670;35;1032.8
1515828783;"2018/01/13 08:33:03";16.6;56;1683;35;1032.9
1515829083;"2018/01/13 08:38:03";16.6;56;1684;36;1032.9
1515829386;"2018/01/13 08:43:06";16.6;56;1708;44;1032.9
1515829686;"2018/01/13 08:48:06";16.6;56;1776;40;1033
1515829988;"2018/01/13 08:53:08";16.6;56;1833;36;1033
1515830288;"2018/01/13 08:58:08";16.6;57;1865;39;1033
1515830588;"2018/01/13 09:03:08";16.6;57;1922;52;1033
1515830889;"2018/01/13 09:08:09";16.5;57;1953;48;1033
1515831101;"2018/01/13 09:11:41";16.5;57;2002;48;1033
1515831404;"2018/01/13 09:16:44";16.5;57;1968;35;1033
1515831705;"2018/01/13 09:21:45";16.5;57;1901;35;1033.1
1515832006;"2018/01/13 09:26:46";16.4;57;1843;35;1033.1
1515832307;"2018/01/13 09:31:47";16.3;55;1590;37;1033.2
1515832608;"2018/01/13 09:36:48";16.1;56;1536;35;1033.2
1515832909;"2018/01/13 09:41:49";16;56;1451;35;1033.2
1515833208;"2018/01/13 09:46:48";16;55;1395;35;1033.2
1515833509;"2018/01/13 09:51:49";15.9;55;1343;35;1033.2
1515833811;"2018/01/13 09:56:51";15.9;55;1300;35;1033.2
1515834112;"2018/01/13 10:01:52";15.8;55;1251;35;1033.2
1515834412;"2018/01/13 10:06:52";15.7;55;1224;35;1033.2
1515834713;"2018/01/13 10:11:53";15.6;55;1180;35;1033.2
1515835015;"2018/01/13 10:16:55";15.6;55;1151;35;1033.3
1515835316;"2018/01/13 10:21:56";15.5;55;1112;36;1033.3
1515835617;"2018/01/13 10:26:57";15.5;55;1094;35;1033.4
1515835917;"2018/01/13 10:31:57";15.4;55;1058;35;1033.3
1515836218;"2018/01/13 10:36:58";15.4;55;1047;35;1033.3
1515836518;"2018/01/13 10:41:58";15.3;55;1004;35;1033.3
1515836819;"2018/01/13 10:46:59";15.3;55;972;35;1033.3
1515837120;"2018/01/13 10:52:00";15.2;55;961;35;1033.4
1515837420;"2018/01/13 10:57:00";15.2;55;935;35;1033.3
1515837720;"2018/01/13 11:02:00";15.2;55;910;35;1033.2
1515837913;"2018/01/13 11:05:13";15.2;55;897;35;1033.3
1515838218;"2018/01/13 11:10:18";15.1;55;881;35;1033.3
1515838518;"2018/01/13 11:15:18";15.1;55;868;35;1033.3
1515838819;"2018/01/13 11:20:19";15;55;840;35;1033.2
1515839120;"2018/01/13 11:25:20";15;55;820;35;1033.2
1515839422;"2018/01/13 11:30:22";14.9;55;803;35;1033.2
1515839723;"2018/01/13 11:35:23";14.9;55;790;35;1033.1
1515840024;"2018/01/13 11:40:24";14.9;54;776;35;1033.1
1515840324;"2018/01/13 11:45:24";14.8;54;764;35;1033
1515840626;"2018/01/13 11:50:26";14.8;54;747;35;1033
1515840931;"2018/01/13 11:55:31";14.7;54;725;35;1032.9
1515841231;"2018/01/13 12:00:31";14.7;54;718;35;1033
1515841531;"2018/01/13 12:05:31";14.6;54;704;35;1033
1515841831;"2018/01/13 12:10:31";14.6;54;690;35;1033
1515842131;"2018/01/13 12:15:31";14.6;54;688;35;1032.9
1515842433;"2018/01/13 12:20:33";14.6;54;669;35;1032.9
1515842733;"2018/01/13 12:25:33";14.5;54;658;35;1033
1515843034;"2018/01/13 12:30:34";14.5;54;647;35;1033.1
1515843335;"2018/01/13 12:35:35";14.4;54;654;35;1033
1515843636;"2018/01/13 12:40:36";14.4;54;635;35;1033
1515843937;"2018/01/13 12:45:37";14.4;54;638;35;1033
1515844237;"2018/01/13 12:50:37";14.4;54;620;35;1032.9
1515844538;"2018/01/13 12:55:38";14.3;54;608;35;1032.9
1515844839;"2018/01/13 13:00:39";14.3;54;613;35;1032.9
1515845139;"2018/01/13 13:05:39";14.2;54;593;35;1032.9
1515845439;"2018/01/13 13:10:39";14.2;54;587;35;1032.8
1515845740;"2018/01/13 13:15:40";14.2;54;575;35;1032.8
1515846040;"2018/01/13 13:20:40";14.1;54;574;35;1032.8
1515846340;"2018/01/13 13:25:40";14.1;54;568;35;1032.8
1515846640;"2018/01/13 13:30:40";14.1;54;556;35;1032.7
1515846940;"2018/01/13 13:35:40";14;54;552;35;1032.7
1515847241;"2018/01/13 13:40:41";14;54;554;35;1032.7
1515847545;"2018/01/13 13:45:45";14;54;541;35;1032.6
1515847850;"2018/01/13 13:50:50";14;54;541;35;1032.6
1515848099;"2018/01/13 13:54:59";13.9;54;539;35;1032.5
1515848399;"2018/01/13 13:59:59";13.9;54;526;35;1032.5
1515848700;"2018/01/13 14:05:00";13.9;54;525;35;1032.5
1515849002;"2018/01/13 14:10:02";13.9;53;519;35;1032.5
1515849302;"2018/01/13 14:15:02";13.8;54;509;35;1032.5
1515849601;"2018/01/13 14:20:01";13.8;53;512;35;1032.6
1515849906;"2018/01/13 14:25:06";13.8;53;505;35;1032.5
1515850209;"2018/01/13 14:30:09";13.8;53;501;35;1032.5
1515850513;"2018/01/13 14:35:13";13.7;53;507;35;1032.5
1515850813;"2018/01/13 14:40:13";13.7;53;502;35;1032.5
1515851114;"2018/01/13 14:45:14";13.7;53;501;35;1032.5
1515851416;"2018/01/13 14:50:16";13.7;53;498;35;1032.5
1515851720;"2018/01/13 14:55:20";13.6;53;519;35;1032.5
1515852020;"2018/01/13 15:00:20";13.6;53;511;35;1032.5
1515852324;"2018/01/13 15:05:24";13.6;53;511;35;1032.5
1515852624;"2018/01/13 15:10:24";13.6;53;515;35;1032.6
1515852924;"2018/01/13 15:15:24";13.5;53;493;35;1032.5
1515853225;"2018/01/13 15:20:25";13.5;53;501;35;1032.5
1515853525;"2018/01/13 15:25:25";13.5;53;462;35;1032.5
1515853826;"2018/01/13 15:30:26";13.5;53;427;35;1032.4
1515854126;"2018/01/13 15:35:26";13.4;53;430;35;1032.4
1515854427;"2018/01/13 15:40:27";13.4;53;430;35;1032.5
1515854727;"2018/01/13 15:45:27";13.4;53;420;35;1032.5
1515855027;"2018/01/13 15:50:27";13.3;53;420;35;1032.5
1515855327;"2018/01/13 15:55:27";13.3;53;416;35;1032.5
1515855628;"2018/01/13 16:00:28";13.3;53;416;35;1032.5
1515855928;"2018/01/13 16:05:28";13.2;53;415;35;1032.5
1515856228;"2018/01/13 16:10:28";13.2;53;409;35;1032.5
1515856528;"2018/01/13 16:15:28";13.2;53;406;35;1032.5
1515856829;"2018/01/13 16:20:29";13.2;53;410;35;1032.6
1515857129;"2018/01/13 16:25:29";13.1;53;408;35;1032.6
1515857430;"2018/01/13 16:30:30";13.1;53;409;35;1032.6
1515857730;"2018/01/13 16:35:30";13.1;53;397;35;1032.6
1515858032;"2018/01/13 16:40:32";13.1;53;398;35;1032.6
1515858332;"2018/01/13 16:45:32";13.1;53;403;35;1032.7
1515858632;"2018/01/13 16:50:32";13.1;53;403;35;1032.7
1515858933;"2018/01/13 16:55:33";13;53;404;35;1032.7
1515859232;"2018/01/13 17:00:32";13;53;398;35;1032.8
1515859532;"2018/01/13 17:05:32";13;53;395;35;1032.7
1515859833;"2018/01/13 17:10:33";13;53;400;36;1032.7
1515860133;"2018/01/13 17:15:33";14.7;52;;;1032.7
1515860287;"2018/01/13 17:18:07";15.4;51;474;39;1032.7
1515860591;"2018/01/13 17:23:11";15.9;50;638;35;1032.6
1515860896;"2018/01/13 17:28:16";14.9;51;730;35;1032.7
1515861196;"2018/01/13 17:33:16";14.3;52;716;35;1032.8
1515861497;"2018/01/13 17:38:17";13.8;52;690;35;1032.7
1515861798;"2018/01/13 17:43:18";13.5;52;714;35;1032.7
1515862098;"2018/01/13 17:48:18";13.3;53;613;35;1032.9
1515862398;"2018/01/13 17:53:18";13.1;53;611;35;1032.9
1515862698;"2018/01/13 17:58:18";13;53;601;35;1032.9
1515862999;"2018/01/13 18:03:19";12.9;53;578;35;1032.8
1515863299;"2018/01/13 18:08:19";12.8;53;584;35;1032.8
1515863603;"2018/01/13 18:13:23";12.7;53;567;35;1032.9
1515863906;"2018/01/13 18:18:26";12.6;53;566;35;1032.9
1515864207;"2018/01/13 18:23:27";12.6;53;539;35;1032.8
1515864507;"2018/01/13 18:28:27";12.6;53;543;35;1032.8
1515864807;"2018/01/13 18:33:27";12.5;53;539;35;1032.7
1515865111;"2018/01/13 18:38:31";12.5;53;526;35;1032.8
1515865412;"2018/01/13 18:43:32";12.5;53;521;35;1032.8
1515865716;"2018/01/13 18:48:36";12.4;53;524;35;1032.7
1515866020;"2018/01/13 18:53:40";12.4;53;510;35;1032.6
1515866324;"2018/01/13 18:58:44";12.3;53;504;35;1032.6
1515866624;"2018/01/13 19:03:44";12.3;53;492;35;1032.6
1515866924;"2018/01/13 19:08:44";12.3;53;491;35;1032.7
1515867225;"2018/01/13 19:13:45";12.3;53;483;35;1032.8
1515867525;"2018/01/13 19:18:45";12.2;53;489;35;1032.9
1515867829;"2018/01/13 19:23:49";12.2;53;476;35;1032.8
1515868133;"2018/01/13 19:28:53";12.2;53;471;35;1032.8
1515868436;"2018/01/13 19:33:56";12.2;53;474;35;1032.8
1515868740;"2018/01/13 19:39:00";12.1;53;464;35;1032.8
1515869042;"2018/01/13 19:44:02";12.1;53;461;35;1032.7
1515869342;"2018/01/13 19:49:02";12.1;53;461;35;1032.7
1515869646;"2018/01/13 19:54:06";12.1;53;457;35;1032.6
1515869950;"2018/01/13 19:59:10";12.1;54;464;36;1032.6
1515870250;"2018/01/13 20:04:10";12.1;53;469;35;1032.5
1515870554;"2018/01/13 20:09:14";12;53;473;35;1032.5
1515870855;"2018/01/13 20:14:15";12;53;468;35;1032.5
1515871159;"2018/01/13 20:19:19";12;53;474;35;1032.5
1515871459;"2018/01/13 20:24:19";12;53;453;35;1032.5
1515871763;"2018/01/13 20:29:23";11.9;53;455;35;1032.4
1515872065;"2018/01/13 20:34:25";11.9;53;452;35;1032.4
1515872368;"2018/01/13 20:39:28";11.9;53;447;35;1032.4
1515872672;"2018/01/13 20:44:32";11.9;53;447;35;1032.4
1515872976;"2018/01/13 20:49:36";11.8;53;445;35;1032.4
1515873276;"2018/01/13 20:54:36";11.8;53;442;35;1032.4
1515873580;"2018/01/13 20:59:40";11.8;53;441;35;1032.4
1515873880;"2018/01/13 21:04:40";11.7;53;444;35;1032.4
1515874184;"2018/01/13 21:09:44";11.7;53;429;35;1032.4
1515874487;"2018/01/13 21:14:47";11.7;53;430;35;1032.3
1515874791;"2018/01/13 21:19:51";11.7;53;430;35;1032.4
1515875091;"2018/01/13 21:24:51";11.7;53;430;35;1032.2
1515875395;"2018/01/13 21:29:55";11.6;53;427;35;1032.2
1515875699;"2018/01/13 21:34:59";11.6;53;421;35;1032.2
1515876002;"2018/01/13 21:40:02";11.6;53;421;35;1032.2
1515876302;"2018/01/13 21:45:02";11.6;53;417;35;1032.1
1515876607;"2018/01/13 21:50:07";11.5;53;421;35;1032.1
1515876911;"2018/01/13 21:55:11";11.6;53;417;35;1032.1
1515877214;"2018/01/13 22:00:14";11.5;53;417;35;1032.1
1515877517;"2018/01/13 22:05:17";11.6;53;423;35;1032
1515877821;"2018/01/13 22:10:21";11.5;53;412;35;1032.1
1515878121;"2018/01/13 22:15:21";11.5;53;416;35;1032
1515878425;"2018/01/13 22:20:25";11.5;53;410;35;1032.1
1515878726;"2018/01/13 22:25:26";11.4;53;407;35;1032
1515879029;"2018/01/13 22:30:29";11.4;53;407;35;1032.1
1515879331;"2018/01/13 22:35:31";11.4;53;411;35;1032.1
1515879634;"2018/01/13 22:40:34";11.4;53;404;35;1032.1
1515879934;"2018/01/13 22:45:34";11.4;53;408;35;1032.1
1515880238;"2018/01/13 22:50:38";11.3;53;408;35;1032.1
1515880537;"2018/01/13 22:55:37";11.3;53;410;35;1032.2
1515880840;"2018/01/13 23:00:40";11.3;53;415;35;1032.1
1515881141;"2018/01/13 23:05:41";11.4;53;413;35;1032.2
1515881444;"2018/01/13 23:10:44";11.3;53;410;35;1032.2
1515881750;"2018/01/13 23:15:50";11.3;53;411;35;1032.2
1515882054;"2018/01/13 23:20:54";11.3;53;405;35;1032.2
1515882357;"2018/01/13 23:25:57";11.3;53;403;35;1032.2
1515882661;"2018/01/13 23:31:01";11.2;53;402;35;1032.2
1515882964;"2018/01/13 23:36:04";11.2;53;405;35;1032.1
1515883267;"2018/01/13 23:41:07";11.2;53;409;35;1032.1
1515883572;"2018/01/13 23:46:12";11.2;53;399;35;1032.1
1515883875;"2018/01/13 23:51:15";11.1;53;404;35;1032
1515884179;"2018/01/13 23:56:19";11.1;53;401;35;1031.9
1515884483;"2018/01/14 00:01:23";11.1;53;406;35;1031.9
1515884787;"2018/01/14 00:06:27";11.1;53;406;35;1031.9
1515885091;"2018/01/14 00:11:31";11.1;53;405;35;1031.9
1515885391;"2018/01/14 00:16:31";11.1;53;405;35;1031.9
1515885694;"2018/01/14 00:21:34";11;53;404;35;1031.8
1515885994;"2018/01/14 00:26:34";11;53;401;35;1031.8
1515886298;"2018/01/14 00:31:38";11;53;400;35;1031.7
1515886598;"2018/01/14 00:36:38";11;53;404;35;1031.7
1515886900;"2018/01/14 00:41:40";11;53;396;35;1031.7
1515887205;"2018/01/14 00:46:45";11;53;407;35;1031.7
1515887509;"2018/01/14 00:51:49";11;53;402;35;1031.7
1515887813;"2018/01/14 00:56:53";11;53;400;35;1031.6
1515888116;"2018/01/14 01:01:56";10.9;53;396;35;1031.6
1515888419;"2018/01/14 01:06:59";10.9;53;399;35;1031.5
1515888722;"2018/01/14 01:12:02";10.9;53;403;35;1031.5
1515889026;"2018/01/14 01:17:06";10.9;53;402;35;1031.5
1515889329;"2018/01/14 01:22:09";10.9;53;400;35;1031.6
1515889630;"2018/01/14 01:27:10";10.9;53;400;35;1031.6
1515889934;"2018/01/14 01:32:14";10.9;53;400;35;1031.7
1515890238;"2018/01/14 01:37:18";10.9;53;400;35;1031.7
1515890541;"2018/01/14 01:42:21";10.8;53;395;35;1031.7
1515890846;"2018/01/14 01:47:26";10.8;53;399;35;1031.7
1515891149;"2018/01/14 01:52:29";10.8;53;397;35;1031.7
1515891453;"2018/01/14 01:57:33";10.8;53;396;35;1031.5
1515891756;"2018/01/14 02:02:36";10.8;53;400;35;1031.5
1515892056;"2018/01/14 02:07:36";10.8;53;404;35;1031.4
1515892360;"2018/01/14 02:12:40";10.8;53;392;35;1031.4
1515892664;"2018/01/14 02:17:44";10.8;53;394;35;1031.4
1515892967;"2018/01/14 02:22:47";10.7;53;395;35;1031.4
1515893271;"2018/01/14 02:27:51";10.7;53;397;35;1031.3
1515893575;"2018/01/14 02:32:55";10.7;53;397;35;1031.3
1515893878;"2018/01/14 02:37:58";10.7;53;398;35;1031.2
1515894181;"2018/01/14 02:43:01";10.7;53;394;35;1031.1
1515894484;"2018/01/14 02:48:04";10.7;53;401;35;1031
1515894788;"2018/01/14 02:53:08";10.7;53;400;35;1031
1515895092;"2018/01/14 02:58:12";10.7;53;399;35;1031
1515895395;"2018/01/14 03:03:15";10.7;53;399;35;1031
1515895700;"2018/01/14 03:08:20";10.7;53;404;35;1031
1515896003;"2018/01/14 03:13:23";10.6;53;400;35;1031.1
1515896307;"2018/01/14 03:18:27";10.6;53;399;35;1031.1
1515896611;"2018/01/14 03:23:31";10.6;53;393;35;1031.1
1515896914;"2018/01/14 03:28:34";10.6;53;399;35;1031
1515897217;"2018/01/14 03:33:37";10.6;54;394;35;1031
1515897522;"2018/01/14 03:38:42";10.6;54;395;35;1030.9
1515897825;"2018/01/14 03:43:45";10.6;54;399;35;1030.9
1515898128;"2018/01/14 03:48:48";10.6;54;395;35;1030.9
1515898432;"2018/01/14 03:53:52";10.5;54;394;35;1030.8
1515898734;"2018/01/14 03:58:54";10.6;54;397;35;1030.8
1515899038;"2018/01/14 04:03:58";10.5;54;402;35;1030.8
1515899342;"2018/01/14 04:09:02";10.5;54;397;35;1030.7
1515899645;"2018/01/14 04:14:05";10.5;54;397;35;1030.6
1515899947;"2018/01/14 04:19:07";10.5;54;390;35;1030.5
1515900251;"2018/01/14 04:24:11";10.5;54;397;35;1030.5
1515900554;"2018/01/14 04:29:14";10.5;54;398;35;1030.5
1515900858;"2018/01/14 04:34:18";10.5;54;392;35;1030.5
1515901161;"2018/01/14 04:39:21";10.5;54;395;35;1030.4
1515901464;"2018/01/14 04:44:24";10.4;54;395;35;1030.4
1515901765;"2018/01/14 04:49:25";10.4;54;396;35;1030.4
1515902069;"2018/01/14 04:54:29";10.4;54;399;35;1030.4
1515902372;"2018/01/14 04:59:32";10.4;54;395;35;1030.4
1515902676;"2018/01/14 05:04:36";10.4;54;394;35;1030.4
1515902976;"2018/01/14 05:09:36";10.4;54;400;35;1030.4
1515903279;"2018/01/14 05:14:39";10.4;54;400;35;1030.5
1515903584;"2018/01/14 05:19:44";10.4;54;401;35;1030.4
1515903888;"2018/01/14 05:24:48";10.4;54;401;35;1030.4
1515904192;"2018/01/14 05:29:52";10.4;54;403;35;1030.4
1515904496;"2018/01/14 05:34:56";10.4;54;399;35;1030.4
1515904799;"2018/01/14 05:39:59";10.4;54;396;35;1030.3
1515905102;"2018/01/14 05:45:02";10.4;54;394;35;1030.2
1515905407;"2018/01/14 05:50:07";10.4;54;399;35;1030.2
1515905711;"2018/01/14 05:55:11";10.3;54;396;35;1030.2
1515906014;"2018/01/14 06:00:14";10.3;54;402;35;1030.2
1515906317;"2018/01/14 06:05:17";10.3;54;394;35;1030.2
1515906622;"2018/01/14 06:10:22";10.3;54;395;35;1030.3
1515906926;"2018/01/14 06:15:26";10.3;54;397;35;1030.3
1515907229;"2018/01/14 06:20:29";10.3;54;399;35;1030.4
1515907532;"2018/01/14 06:25:32";10.3;54;396;35;1030.3
1515907835;"2018/01/14 06:30:35";10.3;54;396;35;1030.2
1515908139;"2018/01/14 06:35:39";10.3;54;399;35;1030.2
1515908441;"2018/01/14 06:40:41";10.3;54;388;35;1030.2
1515908745;"2018/01/14 06:45:45";10.2;54;388;35;1030.2
1515909049;"2018/01/14 06:50:49";10.2;54;395;35;1030.2
1515909352;"2018/01/14 06:55:52";10.2;54;400;35;1030.2
1515909656;"2018/01/14 07:00:56";10.2;54;395;35;1030.2
1515909960;"2018/01/14 07:06:00";10.2;54;398;35;1030.2
1515910262;"2018/01/14 07:11:02";10.2;54;395;35;1030.1
1515910565;"2018/01/14 07:16:05";10.2;54;391;35;1030.1
1515910868;"2018/01/14 07:21:08";10.2;54;398;35;1030.1
1515911172;"2018/01/14 07:26:12";10.2;54;393;35;1030.1
1515911476;"2018/01/14 07:31:16";10.2;54;393;35;1030.1
1515911780;"2018/01/14 07:36:20";10.2;54;389;35;1030.1
1515912081;"2018/01/14 07:41:21";10.2;54;391;35;1030.1
1515912385;"2018/01/14 07:46:25";10.1;54;393;35;1030.1
1515912688;"2018/01/14 07:51:28";10.2;54;390;35;1030.1
1515912991;"2018/01/14 07:56:31";10.1;54;393;35;1030.1
1515913296;"2018/01/14 08:01:36";10.1;54;392;35;1030.1
1515913599;"2018/01/14 08:06:39";10.1;54;386;35;1030
1515913902;"2018/01/14 08:11:42";10.1;54;392;35;1030
1515914205;"2018/01/14 08:16:45";10.1;54;392;35;1030
1515914509;"2018/01/14 08:21:49";10.1;54;390;35;1030.1
1515914812;"2018/01/14 08:26:52";10.1;54;387;35;1030.1
1515915115;"2018/01/14 08:31:55";10.1;54;388;35;1030.1
1515915418;"2018/01/14 08:36:58";10.1;54;392;35;1030.1
1515915721;"2018/01/14 08:42:01";10.1;54;390;35;1030.1
1515916025;"2018/01/14 08:47:05";10;54;387;35;1030.1
1515916329;"2018/01/14 08:52:09";10;54;382;35;1030.1
1515916632;"2018/01/14 08:57:12";10;54;384;35;1030.1
1515916935;"2018/01/14 09:02:15";10;54;386;35;1030
1515917238;"2018/01/14 09:07:18";10;54;381;35;1030
1515917542;"2018/01/14 09:12:22";10;54;381;35;1030
1515917845;"2018/01/14 09:17:25";10;54;384;35;1030
1515918149;"2018/01/14 09:22:29";10;54;382;35;1030.1
1515918452;"2018/01/14 09:27:32";9.9;54;380;35;1030.1
1515918756;"2018/01/14 09:32:36";9.9;54;376;35;1030.2
1515919059;"2018/01/14 09:37:39";9.9;54;376;35;1030.1
1515919365;"2018/01/14 09:42:45";9.9;54;372;35;1030.1
1515919668;"2018/01/14 09:47:48";9.9;54;367;35;1030
1515919972;"2018/01/14 09:52:52";9.9;54;373;35;1030.1
1515920276;"2018/01/14 09:57:56";9.9;54;368;35;1030.1
1515920579;"2018/01/14 10:02:59";9.9;54;371;35;1030
1515920883;"2018/01/14 10:08:03";9.9;54;369;35;1030.1
1515921183;"2018/01/14 10:13:03";9.9;54;371;35;1030.2
1515921486;"2018/01/14 10:18:06";9.8;54;367;35;1030.1
1515921790;"2018/01/14 10:23:10";9.8;54;366;35;1030.1
1515922093;"2018/01/14 10:28:13";9.8;54;362;35;1030.1
1515922393;"2018/01/14 10:33:13";9.8;54;366;35;1030
1515922696;"2018/01/14 10:38:16";9.8;54;370;35;1030
1515923000;"2018/01/14 10:43:20";9.8;54;358;35;1030
1515923304;"2018/01/14 10:48:24";9.8;54;363;35;1030
1515923604;"2018/01/14 10:53:24";9.8;54;355;35;1029.9
1515923908;"2018/01/14 10:58:28";9.7;54;357;35;1030
1515924212;"2018/01/14 11:03:32";9.7;54;360;35;1029.8
1515924515;"2018/01/14 11:08:35";9.7;54;362;35;1029.8
1515924818;"2018/01/14 11:13:38";9.7;54;363;35;1029.8
1515925121;"2018/01/14 11:18:41";9.7;54;369;37;1029.7
1515925422;"2018/01/14 11:23:42";9.8;54;377;35;1029.7
1515925725;"2018/01/14 11:28:45";9.9;54;378;35;1029.7
1515926029;"2018/01/14 11:33:49";10.4;54;383;35;1029.5
1515926332;"2018/01/14 11:38:52";10.8;53;389;35;1029.4
1515926636;"2018/01/14 11:43:56";11.1;53;400;35;1029.3
1515926939;"2018/01/14 11:48:59";11.4;53;404;35;1029.2
1515927243;"2018/01/14 11:54:03";11.7;52;407;35;1029.1
1515927547;"2018/01/14 11:59:07";11.9;52;400;35;1029.1
1515927847;"2018/01/14 12:04:07";12.1;52;413;35;1029.1
1515928151;"2018/01/14 12:09:11";12.2;51;411;35;1029
1515928451;"2018/01/14 12:14:11";12.4;51;408;35;1029
1515928755;"2018/01/14 12:19:15";12.5;51;414;35;1028.9
1515929056;"2018/01/14 12:24:16";12.6;51;414;35;1028.9
1515929359;"2018/01/14 12:29:19";12.7;51;408;35;1028.9
1515929660;"2018/01/14 12:34:20";12.8;50;410;35;1028.9
1515929960;"2018/01/14 12:39:20";12.8;50;411;35;1028.8
1515930260;"2018/01/14 12:44:20";12.9;50;407;35;1028.7
1515930561;"2018/01/14 12:49:21";13;50;411;35;1028.7
1515930861;"2018/01/14 12:54:21";13.1;50;403;35;1028.7
1515931161;"2018/01/14 12:59:21";13.1;50;403;35;1028.7
1515931463;"2018/01/14 13:04:23";13.1;50;405;35;1028.7
1515931764;"2018/01/14 13:09:24";13.2;50;397;35;1028.8
1515932065;"2018/01/14 13:14:25";13.3;50;406;35;1028.7
1515932365;"2018/01/14 13:19:25";13.3;49;397;35;1028.6
1515932666;"2018/01/14 13:24:26";13.4;49;402;35;1028.5
1515932966;"2018/01/14 13:29:26";13.4;49;401;35;1028.4
1515933267;"2018/01/14 13:34:27";13.5;49;425;35;1028.4
1515933568;"2018/01/14 13:39:28";13.5;49;467;35;1028.3
1515933868;"2018/01/14 13:44:28";13.6;49;465;35;1028.2
1515934168;"2018/01/14 13:49:28";13.6;49;462;35;1028.2
1515934469;"2018/01/14 13:54:29";13.7;49;445;35;1028.3
1515934770;"2018/01/14 13:59:30";13.7;49;443;35;1028.2
1515935070;"2018/01/14 14:04:30";13.8;49;441;35;1028.2
1515935370;"2018/01/14 14:09:30";13.8;49;440;35;1028.2
1515935671;"2018/01/14 14:14:31";13.9;49;433;35;1028.2
1515935971;"2018/01/14 14:19:31";13.9;49;437;35;1028.2
1515936272;"2018/01/14 14:24:32";14;49;445;35;1028.2
1515936573;"2018/01/14 14:29:33";14;49;442;35;1028.2
1515936873;"2018/01/14 14:34:33";14.1;49;445;35;1028.2
1515937174;"2018/01/14 14:39:34";14.1;49;433;35;1028.2
1515937475;"2018/01/14 14:44:35";14.1;49;446;35;1028.2
1515937775;"2018/01/14 14:49:35";14.2;48;445;35;1028
1515938076;"2018/01/14 14:54:36";14.2;48;439;35;1028
1515938376;"2018/01/14 14:59:36";14.2;48;450;35;1027.9
1515938677;"2018/01/14 15:04:37";14.3;48;442;35;1027.9
1515938977;"2018/01/14 15:09:37";14.3;48;437;35;1027.9
1515939278;"2018/01/14 15:14:38";14.3;48;437;35;1027.9
1515939579;"2018/01/14 15:19:39";14.4;48;438;35;1027.9
1515939880;"2018/01/14 15:24:40";14.4;48;444;35;1027.9
1515940180;"2018/01/14 15:29:40";14.5;48;444;35;1027.8
1515940481;"2018/01/14 15:34:41";14.5;48;448;35;1027.8
1515940781;"2018/01/14 15:39:41";14.5;48;434;35;1027.8
1515941082;"2018/01/14 15:44:42";14.6;48;447;35;1027.8
1515941383;"2018/01/14 15:49:43";14.6;48;443;35;1027.8
1515941684;"2018/01/14 15:54:44";14.6;48;442;35;1027.7
1515941984;"2018/01/14 15:59:44";14.6;48;437;35;1027.7
1515942285;"2018/01/14 16:04:45";14.7;48;439;35;1027.7
1515942586;"2018/01/14 16:09:46";14.7;48;450;35;1027.6
1515942886;"2018/01/14 16:14:46";14.7;48;443;35;1027.5
1515943187;"2018/01/14 16:19:47";14.7;48;445;35;1027.5
1515943488;"2018/01/14 16:24:48";14.7;48;447;35;1027.5
1515943788;"2018/01/14 16:29:48";14.8;48;455;35;1027.5
1515944089;"2018/01/14 16:34:49";14.8;48;448;35;1027.5
1515944390;"2018/01/14 16:39:50";14.8;48;453;35;1027.5
1515944691;"2018/01/14 16:44:51";14.9;48;451;35;1027.5
1515944992;"2018/01/14 16:49:52";14.9;48;449;35;1027.5
1515945296;"2018/01/14 16:54:56";14.9;48;447;35;1027.5
1515945597;"2018/01/14 16:59:57";14.9;48;438;35;1027.5
1515945896;"2018/01/14 17:04:56";14.9;48;447;35;1027.4
1515946197;"2018/01/14 17:09:57";14.9;48;450;35;1027.4
1515946498;"2018/01/14 17:14:58";15;48;444;35;1027.4
1515946799;"2018/01/14 17:19:59";15;48;454;35;1027.4
1515947103;"2018/01/14 17:25:03";15.2;47;458;35;1027.4
1515947404;"2018/01/14 17:30:04";15.1;47;455;35;1027.4
1515947704;"2018/01/14 17:35:04";15.1;47;458;35;1027.3
1515948005;"2018/01/14 17:40:05";15.1;47;442;35;1027.2
1515948306;"2018/01/14 17:45:06";15.1;47;456;35;1027.2
1515948607;"2018/01/14 17:50:07";15.1;47;448;35;1027.1
1515948907;"2018/01/14 17:55:07";15.1;47;450;35;1027
1515949207;"2018/01/14 18:00:07";15.1;47;450;35;1026.9
1515949509;"2018/01/14 18:05:09";15.1;47;451;35;1026.9
1515949810;"2018/01/14 18:10:10";15.1;47;447;35;1026.8
1515950111;"2018/01/14 18:15:11";15.2;47;457;35;1026.7
1515950411;"2018/01/14 18:20:11";15.2;47;449;35;1026.6
1515950712;"2018/01/14 18:25:12";15.2;47;451;35;1026.6
1515951013;"2018/01/14 18:30:13";15.2;47;450;35;1026.6
1515951315;"2018/01/14 18:35:15";15.2;47;444;35;1026.7
1515951615;"2018/01/14 18:40:15";15.2;47;447;35;1026.7
1515951916;"2018/01/14 18:45:16";15.2;47;455;35;1026.5
1515952217;"2018/01/14 18:50:17";15.2;47;460;35;1026.4
1515952522;"2018/01/14 18:55:22";15.2;47;445;35;1026.3
1515952823;"2018/01/14 19:00:23";15.2;47;445;35;1026.3
1515953125;"2018/01/14 19:05:25";15.3;47;460;35;1026.2
1515953425;"2018/01/14 19:10:25";15.3;47;455;35;1026.1
1515953726;"2018/01/14 19:15:26";15.3;47;453;35;1026.1
1515954027;"2018/01/14 19:20:27";15.3;47;447;35;1026.1
1515954328;"2018/01/14 19:25:28";15.3;47;448;35;1026.1
1515954628;"2018/01/14 19:30:28";15.3;47;448;35;1026
1515954929;"2018/01/14 19:35:29";15.3;47;445;35;1026.1
1515955230;"2018/01/14 19:40:30";15.3;47;454;35;1026.2
1515955533;"2018/01/14 19:45:33";15.5;47;454;35;1026.1
1515955834;"2018/01/14 19:50:34";15.4;47;456;35;1026
1515956134;"2018/01/14 19:55:34";15.4;47;452;35;1026.1
1515956435;"2018/01/14 20:00:35";15.4;47;449;35;1026.1
1515956738;"2018/01/14 20:05:38";15.4;47;444;35;1026
1515957042;"2018/01/14 20:10:42";15.4;47;459;35;1026
1515957343;"2018/01/14 20:15:43";15.4;47;453;35;1025.9
1515957643;"2018/01/14 20:20:43";15.4;47;451;35;1025.9
1515957944;"2018/01/14 20:25:44";15.3;47;447;35;1025.8
1515958245;"2018/01/14 20:30:45";15.3;47;456;35;1025.7
1515958545;"2018/01/14 20:35:45";15.3;47;443;35;1025.5
1515958847;"2018/01/14 20:40:47";15.3;47;455;35;1025.5
1515959147;"2018/01/14 20:45:47";15.3;47;447;35;1025.5
1515959448;"2018/01/14 20:50:48";15.3;47;451;35;1025.5
1515959748;"2018/01/14 20:55:48";15.3;47;459;35;1025.5
1515960050;"2018/01/14 21:00:50";15.3;47;455;35;1025.4
1515960351;"2018/01/14 21:05:51";15.3;47;454;35;1025.5
1515960652;"2018/01/14 21:10:52";15.3;47;451;36;1025.4
1515960952;"2018/01/14 21:15:52";15.3;47;452;35;1025.2
1515961254;"2018/01/14 21:20:54";15.3;47;454;35;1025.2
1515961555;"2018/01/14 21:25:55";15.3;47;448;35;1025.1
1515961855;"2018/01/14 21:30:55";15.3;46;444;35;1025
1515962155;"2018/01/14 21:35:55";15.3;46;447;35;1024.9
1515962457;"2018/01/14 21:40:57";15.3;46;449;35;1024.9
1515962758;"2018/01/14 21:45:58";15.4;47;470;35;1024.9
1515963057;"2018/01/14 21:50:57";15.4;46;476;35;1024.9
1515963358;"2018/01/14 21:55:58";15.4;46;477;35;1024.8
1515963660;"2018/01/14 22:01:00";15.4;46;471;35;1024.7
1515963960;"2018/01/14 22:06:00";15.4;46;473;35;1024.7
1515964261;"2018/01/14 22:11:01";15.4;46;468;35;1024.6
1515964562;"2018/01/14 22:16:02";15.4;46;458;35;1024.7
1515964863;"2018/01/14 22:21:03";15.4;46;466;35;1024.7
1515965164;"2018/01/14 22:26:04";15.4;46;455;35;1024.6
1515965464;"2018/01/14 22:31:04";15.4;46;465;35;1024.6
1515965764;"2018/01/14 22:36:04";15.4;46;458;35;1024.5
1515966065;"2018/01/14 22:41:05";15.4;46;457;35;1024.5
1515966366;"2018/01/14 22:46:06";15.4;46;465;35;1024.4
1515966667;"2018/01/14 22:51:07";15.4;46;465;35;1024.3
1515966968;"2018/01/14 22:56:08";15.4;46;461;35;1024.1
1515967269;"2018/01/14 23:01:09";15.4;46;456;35;1024.1
1515967570;"2018/01/14 23:06:10";15.4;46;461;35;1024.1
1515967870;"2018/01/14 23:11:10";15.4;46;454;35;1024.1
1515968171;"2018/01/14 23:16:11";15.3;46;458;35;1024.1
1515968471;"2018/01/14 23:21:11";15.3;46;453;35;1024
1515968771;"2018/01/14 23:26:11";15.3;46;456;35;1024
1515969073;"2018/01/14 23:31:13";15.4;46;461;35;1023.9
1515969374;"2018/01/14 23:36:14";15.3;46;457;35;1023.7
1515969677;"2018/01/14 23:41:17";15.4;46;458;35;1023.5
1515969977;"2018/01/14 23:46:17";15.4;46;455;35;1023.4
1515970277;"2018/01/14 23:51:17";15.4;46;461;35;1023.4
1515970577;"2018/01/14 23:56:17";15.4;46;454;35;1023.5
1515970879;"2018/01/15 00:01:19";15.4;46;455;35;1023.5
1515971180;"2018/01/15 00:06:20";15.4;46;451;35;1023.3
1515971480;"2018/01/15 00:11:20";15.4;46;459;35;1023.2
1515971781;"2018/01/15 00:16:21";15.4;46;458;35;1023.2
1515972081;"2018/01/15 00:21:21";15.4;46;452;35;1023.2
1515972381;"2018/01/15 00:26:21";15.4;46;445;35;1023.2
1515972683;"2018/01/15 00:31:23";15.4;46;453;35;1023.1
1515972984;"2018/01/15 00:36:24";15.4;46;451;35;1022.9
1515973285;"2018/01/15 00:41:25";15.4;46;453;35;1022.8
1515973585;"2018/01/15 00:46:25";15.4;46;458;35;1022.8
1515973886;"2018/01/15 00:51:26";15.4;46;454;35;1022.8
1515974186;"2018/01/15 00:56:26";15.4;46;446;35;1022.6
1515974489;"2018/01/15 01:01:29";15.3;46;455;35;1022.4
1515974789;"2018/01/15 01:06:29";15.3;46;445;35;1022.4
1515975089;"2018/01/15 01:11:29";15.3;46;451;35;1022.3
1515975389;"2018/01/15 01:16:29";15.3;46;449;35;1022.2
1515975690;"2018/01/15 01:21:30";15.2;46;448;35;1022.2
1515975990;"2018/01/15 01:26:30";15.2;46;446;35;1022.1
1515976291;"2018/01/15 01:31:31";15.2;46;442;35;1021.9
1515976592;"2018/01/15 01:36:32";15.2;46;443;35;1021.8
1515976893;"2018/01/15 01:41:33";15.2;46;442;35;1021.7
1515977193;"2018/01/15 01:46:33";15.2;46;452;35;1021.6
1515977494;"2018/01/15 01:51:34";15.2;46;454;35;1021.5
1515977794;"2018/01/15 01:56:34";15.2;46;450;35;1021.5
1515978096;"2018/01/15 02:01:36";15.2;46;443;35;1021.4
1515978397;"2018/01/15 02:06:37";15.2;46;445;35;1021.3
1515978697;"2018/01/15 02:11:37";15.2;46;445;35;1021.2
1515978998;"2018/01/15 02:16:38";15.1;46;451;35;1021
1515979300;"2018/01/15 02:21:40";15.1;46;448;35;1021
1515979601;"2018/01/15 02:26:41";15.1;46;453;35;1020.9
1515979901;"2018/01/15 02:31:41";15.1;45;448;35;1020.8
1515980201;"2018/01/15 02:36:41";15.1;46;444;35;1020.6
1515980502;"2018/01/15 02:41:42";15.1;46;442;35;1020.5
1515980802;"2018/01/15 02:46:42";15.1;46;441;35;1020.4
1515981104;"2018/01/15 02:51:44";15.1;45;449;35;1020.3
1515981404;"2018/01/15 02:56:44";15;46;437;35;1020.3
1515981705;"2018/01/15 03:01:45";15;45;432;35;1020.3
1515982005;"2018/01/15 03:06:45";15;46;433;35;1020.1
1515982306;"2018/01/15 03:11:46";15;46;434;35;1019.9
1515982606;"2018/01/15 03:16:46";15;45;438;35;1019.8
1515982907;"2018/01/15 03:21:47";15;45;440;35;1019.8
1515983208;"2018/01/15 03:26:48";15;45;434;35;1019.8
1515983509;"2018/01/15 03:31:49";15;45;431;35;1019.6
1515983810;"2018/01/15 03:36:50";15;45;433;35;1019.6
1515984111;"2018/01/15 03:41:51";15;45;441;35;1019.6
1515984411;"2018/01/15 03:46:51";15;45;434;35;1019.5
1515984712;"2018/01/15 03:51:52";15;45;441;35;1019.4
1515985012;"2018/01/15 03:56:52";14.9;45;434;35;1019.3
1515985313;"2018/01/15 04:01:53";14.9;45;425;35;1019.1
1515985613;"2018/01/15 04:06:53";14.9;45;430;35;1019.1
1515985914;"2018/01/15 04:11:54";14.9;45;432;35;1019
1515986215;"2018/01/15 04:16:55";14.9;45;438;35;1018.9
1515986516;"2018/01/15 04:21:56";14.9;45;435;35;1018.8
1515986817;"2018/01/15 04:26:57";14.9;45;429;35;1018.7
1515987119;"2018/01/15 04:31:59";14.9;45;425;35;1018.7
1515987419;"2018/01/15 04:36:59";14.9;45;434;35;1018.7
1515987720;"2018/01/15 04:42:00";14.9;45;432;35;1018.7
1515988021;"2018/01/15 04:47:01";14.9;45;430;35;1018.5
1515988321;"2018/01/15 04:52:01";14.8;45;423;35;1018.4
1515988622;"2018/01/15 04:57:02";14.8;45;428;35;1018.3
1515988923;"2018/01/15 05:02:03";14.8;45;432;35;1018.2
1515989223;"2018/01/15 05:07:03";14.8;45;420;35;1018.1
1515989524;"2018/01/15 05:12:04";14.8;45;426;35;1018.1
1515989825;"2018/01/15 05:17:05";14.8;45;437;35;1018
1515990126;"2018/01/15 05:22:06";14.8;45;426;35;1017.9
1515990427;"2018/01/15 05:27:07";14.8;45;429;35;1017.7
1515990728;"2018/01/15 05:32:08";14.8;45;423;35;1017.5
1515991028;"2018/01/15 05:37:08";14.7;45;421;35;1017.4
1515991329;"2018/01/15 05:42:09";14.7;45;425;35;1017.3
1515991629;"2018/01/15 05:47:09";14.7;45;423;35;1017.3
1515991930;"2018/01/15 05:52:10";14.7;45;419;35;1017.3
1515992231;"2018/01/15 05:57:11";14.7;45;425;35;1017.3
1515992532;"2018/01/15 06:02:12";14.7;45;422;35;1017.2
1515992832;"2018/01/15 06:07:12";14.7;45;420;35;1017
1515993133;"2018/01/15 06:12:13";14.7;45;423;35;1017
1515993433;"2018/01/15 06:17:13";14.6;45;426;35;1016.9
1515993735;"2018/01/15 06:22:15";14.7;45;428;35;1016.8
1515994035;"2018/01/15 06:27:15";14.6;45;427;35;1016.8
1515994336;"2018/01/15 06:32:16";14.7;45;418;35;1016.7
1515994637;"2018/01/15 06:37:17";14.6;45;417;35;1016.6
1515994938;"2018/01/15 06:42:18";14.7;45;426;35;1016.5
1515995238;"2018/01/15 06:47:18";14.6;45;429;35;1016.5
1515995539;"2018/01/15 06:52:19";14.6;45;429;35;1016.3
1515995840;"2018/01/15 06:57:20";14.6;45;423;35;1016.3
1515996140;"2018/01/15 07:02:20";14.6;45;426;35;1016.1
1515996441;"2018/01/15 07:07:21";14.6;45;418;35;1016
1515996741;"2018/01/15 07:12:21";14.5;45;423;35;1015.8
1515997042;"2018/01/15 07:17:22";14.5;45;425;36;1015.6
1515997343;"2018/01/15 07:22:23";14.6;45;423;35;1015.6
1515997643;"2018/01/15 07:27:23";14.5;45;417;35;1015.4
1515997943;"2018/01/15 07:32:23";14.6;45;427;35;1015.3
1515998243;"2018/01/15 07:37:23";14.6;45;424;35;1015.2
1515998545;"2018/01/15 07:42:25";14.6;45;426;35;1015.2
1515998846;"2018/01/15 07:47:26";14.5;45;423;35;1015.1
1515999146;"2018/01/15 07:52:26";14.5;45;427;35;1015
1515999450;"2018/01/15 07:57:30";14.5;45;426;35;1015
1515999751;"2018/01/15 08:02:31";14.5;45;417;35;1014.9
1516000051;"2018/01/15 08:07:31";14.6;45;425;35;1014.8
1516000351;"2018/01/15 08:12:31";14.6;45;425;36;1014.7
1516000652;"2018/01/15 08:17:32";14.5;45;426;35;1014.6
1516000954;"2018/01/15 08:22:34";14.5;45;422;35;1014.5
1516001255;"2018/01/15 08:27:35";14.5;45;425;37;1014.4
1516001554;"2018/01/15 08:32:34";14.4;45;432;35;1014.1
1516001855;"2018/01/15 08:37:35";14.3;45;432;35;1014.1
1516002157;"2018/01/15 08:42:37";14.2;45;424;35;1014.1
1516002457;"2018/01/15 08:47:37";14;45;424;36;1014
1516002758;"2018/01/15 08:52:38";13.9;45;422;35;1014.1
1516003058;"2018/01/15 08:57:38";13.7;45;423;35;1014
1516003360;"2018/01/15 09:02:40";13.6;45;435;35;1013.9
1516003660;"2018/01/15 09:07:40";13.5;45;441;35;1013.9
1516003960;"2018/01/15 09:12:40";13.4;45;400;36;1013.7
1516004260;"2018/01/15 09:17:40";13.3;45;368;35;1013.6
1516004561;"2018/01/15 09:22:41";13.3;45;366;35;1013.5
1516004861;"2018/01/15 09:27:41";13.2;46;366;35;1013.4
1516005162;"2018/01/15 09:32:42";13.1;46;371;35;1013.3
1516005462;"2018/01/15 09:37:42";13.1;46;367;35;1013.2
1516005763;"2018/01/15 09:42:43";12.9;46;360;36;1013
1516006067;"2018/01/15 09:47:47";12.9;46;369;35;1013
1516006366;"2018/01/15 09:52:46";12.8;46;363;36;1013
1516006666;"2018/01/15 09:57:46";12.7;46;357;35;1012.9
1516006970;"2018/01/15 10:02:50";12.6;46;359;36;1012.9
1516007270;"2018/01/15 10:07:50";12.5;46;350;35;1012.8
1516007572;"2018/01/15 10:12:52";12.5;46;357;35;1012.6
1516007876;"2018/01/15 10:17:56";12.4;46;356;36;1012.5
1516008175;"2018/01/15 10:22:55";12.3;46;357;35;1012.4
1516008479;"2018/01/15 10:27:59";12.3;46;350;35;1012.3
1516008781;"2018/01/15 10:33:01";12.2;46;352;36;1012.3
1516009081;"2018/01/15 10:38:01";12.1;46;356;35;1012.1
1516009382;"2018/01/15 10:43:02";12.1;46;351;36;1012
1516009686;"2018/01/15 10:48:06";12;46;360;36;1012
1516009985;"2018/01/15 10:53:05";12;46;352;35;1011.9
1516010285;"2018/01/15 10:58:05";11.9;46;351;35;1011.8
1516010586;"2018/01/15 11:03:06";11.9;47;355;35;1011.7
1516010890;"2018/01/15 11:08:10";11.9;47;348;35;1011.5
1516011191;"2018/01/15 11:13:11";11.8;47;345;35;1011.4
1516011495;"2018/01/15 11:18:15";11.8;47;344;35;1011.3
1516011797;"2018/01/15 11:23:17";11.7;47;344;35;1011.2
1516012101;"2018/01/15 11:28:21";11.7;47;347;35;1011
1516012405;"2018/01/15 11:33:25";11.7;47;345;35;1010.9
1516012709;"2018/01/15 11:38:29";11.6;47;349;35;1010.7
1516013009;"2018/01/15 11:43:29";11.6;47;346;35;1010.6
1516013313;"2018/01/15 11:48:33";11.5;47;347;35;1010.4
1516013614;"2018/01/15 11:53:34";11.5;47;345;35;1010.1
1516013917;"2018/01/15 11:58:37";11.4;47;344;35;1010
1516014222;"2018/01/15 12:03:42";11.4;47;344;35;1009.8
1516014526;"2018/01/15 12:08:46";11.4;47;345;35;1009.7
1516014826;"2018/01/15 12:13:46";11.3;47;344;35;1009.4
1516015130;"2018/01/15 12:18:50";11.3;47;341;35;1009.1
1516015430;"2018/01/15 12:23:50";11.3;47;340;35;1008.9
1516015734;"2018/01/15 12:28:54";11.3;47;342;36;1008.8
1516016038;"2018/01/15 12:33:58";11.3;47;348;35;1008.6
1516016342;"2018/01/15 12:39:02";11.2;47;347;35;1008.6
1516016642;"2018/01/15 12:44:02";11.2;47;346;35;1008.4
1516016946;"2018/01/15 12:49:06";11.2;47;343;35;1008.3
1516017249;"2018/01/15 12:54:09";11.2;47;346;35;1008.3
1516017553;"2018/01/15 12:59:13";11.1;47;341;35;1008.2
1516017857;"2018/01/15 13:04:17";11.1;47;342;35;1008.1
1516018161;"2018/01/15 13:09:21";11;47;342;35;1007.9
1516018464;"2018/01/15 13:14:24";11;47;337;35;1007.7
1516018767;"2018/01/15 13:19:27";11;47;336;35;1007.6
1516019068;"2018/01/15 13:24:28";11;47;336;35;1007.4
1516019372;"2018/01/15 13:29:32";10.9;47;334;35;1007.3
1516019676;"2018/01/15 13:34:36";10.9;47;340;35;1007.2
1516019980;"2018/01/15 13:39:40";10.9;47;339;35;1007
1516020284;"2018/01/15 13:44:44";10.8;47;339;36;1006.8
1516020587;"2018/01/15 13:49:47";10.8;47;338;35;1006.7
1516020891;"2018/01/15 13:54:51";10.8;47;337;35;1006.6
1516021195;"2018/01/15 13:59:55";10.7;47;332;35;1006.4
1516021494;"2018/01/15 14:04:54";10.7;47;328;35;1006.2
1516021797;"2018/01/15 14:09:57";10.7;47;335;35;1006
1516022103;"2018/01/15 14:15:03";10.7;47;338;35;1005.9
1516022406;"2018/01/15 14:20:06";10.7;47;335;35;1005.7
1516022710;"2018/01/15 14:25:10";10.7;47;336;35;1005.7
1516023013;"2018/01/15 14:30:13";10.6;47;336;35;1005.7
1516023313;"2018/01/15 14:35:13";10.6;47;333;36;1005.2
1516023616;"2018/01/15 14:40:16";10.5;47;330;35;1005.2
1516023921;"2018/01/15 14:45:21";10.5;47;336;35;1005.1
1516024224;"2018/01/15 14:50:24";10.5;47;328;35;1004.8
1516024527;"2018/01/15 14:55:27";10.4;47;337;35;1004.7
1516024831;"2018/01/15 15:00:31";10.4;47;340;35;1004.6
1516025134;"2018/01/15 15:05:34";10.4;47;333;35;1004.5
1516025438;"2018/01/15 15:10:38";10.3;47;337;35;1004.5
1516025738;"2018/01/15 15:15:38";10.3;48;331;35;1004.4
1516026042;"2018/01/15 15:20:42";10.3;48;334;35;1004.4
1516026346;"2018/01/15 15:25:46";10.3;48;333;36;1004.2
1516026649;"2018/01/15 15:30:49";10.2;48;330;35;1004.1
1516026954;"2018/01/15 15:35:54";10.2;48;334;35;1003.9
1516027258;"2018/01/15 15:40:58";10.1;48;333;35;1003.8
1516027558;"2018/01/15 15:45:58";10.1;48;344;37;1003.7
1516027862;"2018/01/15 15:51:02";10.1;48;339;35;1003.5
1516028165;"2018/01/15 15:56:05";10.4;48;340;35;1003.4
1516028465;"2018/01/15 16:01:05";10.7;48;340;35;1003.3
1516028769;"2018/01/15 16:06:09";11.1;47;348;35;1003.2
1516029073;"2018/01/15 16:11:13";11.4;47;342;35;1003.1
1516029372;"2018/01/15 16:16:12";11.7;47;350;35;1002.9
1516029672;"2018/01/15 16:21:12";11.9;47;350;35;1002.6
1516029974;"2018/01/15 16:26:14";12.1;46;357;35;1002.5
1516030274;"2018/01/15 16:31:14";12.2;46;355;35;1002.4
1516030574;"2018/01/15 16:36:14";12.4;46;356;35;1002.3
1516030874;"2018/01/15 16:41:14";12.4;46;358;35;1002.2
1516031175;"2018/01/15 16:46:15";12.6;46;363;35;1002
1516031479;"2018/01/15 16:51:19";12.6;46;361;35;1001.9
1516031778;"2018/01/15 16:56:18";12.7;46;356;35;1001.7
1516032079;"2018/01/15 17:01:19";12.8;45;359;35;1001.7
1516032379;"2018/01/15 17:06:19";12.9;45;357;35;1001.6
1516032679;"2018/01/15 17:11:19";12.9;45;359;35;1001.5
1516032980;"2018/01/15 17:16:20";13;45;362;35;1001.3
1516033284;"2018/01/15 17:21:24";13.1;45;359;35;1001.2
1516033584;"2018/01/15 17:26:24";13.1;45;362;35;1001
1516033888;"2018/01/15 17:31:28";13.1;45;366;35;1000.8
1516034189;"2018/01/15 17:36:29";13.2;45;360;35;1000.5
1516034490;"2018/01/15 17:41:30";13.2;45;362;35;1000.4
1516034792;"2018/01/15 17:46:32";13.2;45;360;36;1000.3
1516035096;"2018/01/15 17:51:36";13.3;45;366;35;1000.2
1516035397;"2018/01/15 17:56:37";13.3;45;372;35;1000.1
1516035697;"2018/01/15 18:01:37";13.3;45;363;35;1000
1516035997;"2018/01/15 18:06:37";13.4;45;365;36;999.8
1516036297;"2018/01/15 18:11:37";13.4;45;372;35;999.7
1516036598;"2018/01/15 18:16:38";13.5;45;414;35;999.6
1516036898;"2018/01/15 18:21:38";13.5;45;434;35;999.5
1516037198;"2018/01/15 18:26:38";13.5;45;438;35;999.3
1516037498;"2018/01/15 18:31:38";13.6;45;436;36;999.1
1516037800;"2018/01/15 18:36:40";13.6;45;413;36;999
1516038100;"2018/01/15 18:41:40";13.6;45;411;36;998.8
1516038401;"2018/01/15 18:46:41";13.7;45;407;36;998.7
1516038701;"2018/01/15 18:51:41";13.7;45;416;35;998.6
1516039003;"2018/01/15 18:56:43";13.8;45;410;36;998.5
1516039304;"2018/01/15 19:01:44";13.8;45;412;35;998.4
1516039605;"2018/01/15 19:06:45";13.8;45;413;36;998.3
1516039905;"2018/01/15 19:11:45";13.8;45;415;35;998.1
1516040207;"2018/01/15 19:16:47";13.9;45;418;36;998
1516040507;"2018/01/15 19:21:47";13.9;45;415;35;997.8
1516040809;"2018/01/15 19:26:49";14;45;415;36;997.7
1516041109;"2018/01/15 19:31:49";14;45;409;35;997.6
1516041410;"2018/01/15 19:36:50";14;45;424;36;997.4
1516041710;"2018/01/15 19:41:50";14;45;417;36;997.4
1516042013;"2018/01/15 19:46:53";14.1;45;423;36;997.3
1516042313;"2018/01/15 19:51:53";14.1;45;418;36;997.2
1516042613;"2018/01/15 19:56:53";14.1;44;414;36;997.1
1516042913;"2018/01/15 20:01:53";14.1;44;422;36;996.9
1516043214;"2018/01/15 20:06:54";14.2;44;425;36;996.8
1516043514;"2018/01/15 20:11:54";14.2;45;419;35;996.5
1516043815;"2018/01/15 20:16:55";14.3;44;426;36;996.4
1516044115;"2018/01/15 20:21:55";14.3;44;422;35;996.2
1516044416;"2018/01/15 20:26:56";14.3;44;419;35;996
1516044716;"2018/01/15 20:31:56";14.3;44;420;35;995.9
1516045017;"2018/01/15 20:36:57";14.3;44;423;36;995.8
1516045317;"2018/01/15 20:41:57";14.3;44;422;35;995.6
1516045618;"2018/01/15 20:46:58";14.4;44;420;35;995.4
1516045918;"2018/01/15 20:51:58";14.4;44;419;35;995.3
1516046219;"2018/01/15 20:56:59";14.4;44;422;36;995.2
1516046519;"2018/01/15 21:01:59";14.4;44;425;36;995
1516046821;"2018/01/15 21:07:01";14.4;44;422;36;994.8
1516047121;"2018/01/15 21:12:01";14.4;45;420;35;994.7
1516047421;"2018/01/15 21:17:01";14.4;44;427;35;994.5
1516047725;"2018/01/15 21:22:05";14.4;45;425;35;994.3
1516048026;"2018/01/15 21:27:06";14.5;45;422;36;994.1
1516048326;"2018/01/15 21:32:06";14.5;45;424;36;993.9
1516048626;"2018/01/15 21:37:06";14.5;45;423;35;993.7
1516048927;"2018/01/15 21:42:07";14.5;45;420;35;993.6
1516049228;"2018/01/15 21:47:08";14.5;45;429;35;993.5
1516049528;"2018/01/15 21:52:08";14.5;45;428;36;993.3
1516049829;"2018/01/15 21:57:09";14.6;45;429;35;993.2
1516050133;"2018/01/15 22:02:13";14.6;45;416;36;993.1
1516050435;"2018/01/15 22:07:15";14.6;45;415;35;992.9
1516050739;"2018/01/15 22:12:19";14.6;45;415;36;992.9
1516051038;"2018/01/15 22:17:18";14.6;45;423;36;992.7
1516051342;"2018/01/15 22:22:22";14.6;45;426;36;992.6
1516051552;"2018/01/15 22:25:52";14.6;45;421;35;992.5
1516051854;"2018/01/15 22:30:54";14.6;45;425;35;992.4
1516052158;"2018/01/15 22:35:58";14.6;45;425;35;992.2
1516052460;"2018/01/15 22:41:00";14.6;45;430;36;992.1
1516052761;"2018/01/15 22:46:01";14.6;45;425;35;992
1516053062;"2018/01/15 22:51:02";14.6;45;427;35;991.8
1516053363;"2018/01/15 22:56:03";14.6;45;424;35;991.7
1516053663;"2018/01/15 23:01:03";14.6;45;426;35;991.6
1516053964;"2018/01/15 23:06:04";14.6;45;422;36;991.4
1516054265;"2018/01/15 23:11:05";14.6;45;425;35;991.3
1516054566;"2018/01/15 23:16:06";14.6;45;422;35;991.2
1516054867;"2018/01/15 23:21:07";14.6;45;418;35;991
1516055167;"2018/01/15 23:26:07";14.7;45;425;35;990.9
1516055468;"2018/01/15 23:31:08";14.7;45;422;36;990.7
1516055769;"2018/01/15 23:36:09";14.7;45;424;35;990.3
1516056071;"2018/01/15 23:41:11";14.7;45;422;35;990.3
1516056372;"2018/01/15 23:46:12";14.7;45;427;35;990
1516056674;"2018/01/15 23:51:14";14.7;45;423;35;989.8
1516056974;"2018/01/15 23:56:14";14.7;45;428;35;989.7
1516057276;"2018/01/16 00:01:16";14.7;45;421;35;989.6
1516057576;"2018/01/16 00:06:16";14.7;45;416;35;989.4
1516057877;"2018/01/16 00:11:17";14.7;45;427;35;989.2
1516058177;"2018/01/16 00:16:17";14.7;45;420;35;989.1
1516058478;"2018/01/16 00:21:18";14.7;45;420;35;989
1516058779;"2018/01/16 00:26:19";14.7;45;431;35;988.8
1516059078;"2018/01/16 00:31:18";14.7;45;425;36;988.7
1516059379;"2018/01/16 00:36:19";14.7;45;424;36;988.5
1516059680;"2018/01/16 00:41:20";14.7;45;421;36;988.4
1516059981;"2018/01/16 00:46:21";14.7;45;425;35;988.3
1516060282;"2018/01/16 00:51:22";14.7;45;422;35;988.1
1516060583;"2018/01/16 00:56:23";14.7;45;422;35;987.8
1516060884;"2018/01/16 01:01:24";14.8;45;428;35;987.6
1516061184;"2018/01/16 01:06:24";14.7;45;421;35;987.4
1516061484;"2018/01/16 01:11:24";14.7;45;425;36;987.2
1516061785;"2018/01/16 01:16:25";14.7;45;414;35;987.1
1516062087;"2018/01/16 01:21:27";14.7;45;421;35;987
1516062388;"2018/01/16 01:26:28";14.7;45;426;35;986.8
1516062690;"2018/01/16 01:31:30";14.7;45;424;36;986.6
1516062991;"2018/01/16 01:36:31";14.7;45;417;36;986.5
1516063291;"2018/01/16 01:41:31";14.7;45;425;35;986.3
1516063592;"2018/01/16 01:46:32";14.7;45;419;35;986.2
1516063892;"2018/01/16 01:51:32";14.7;45;428;36;986.1
1516064192;"2018/01/16 01:56:32";14.7;45;425;36;985.9
1516064494;"2018/01/16 02:01:34";14.7;45;431;36;985.8
1516064794;"2018/01/16 02:06:34";14.7;45;426;35;985.7
1516065095;"2018/01/16 02:11:35";14.7;45;429;35;985.5
1516065396;"2018/01/16 02:16:36";14.7;45;424;35;985.4
1516065697;"2018/01/16 02:21:37";14.7;45;425;35;985.2
1516065998;"2018/01/16 02:26:38";14.7;45;411;35;984.9
1516066299;"2018/01/16 02:31:39";14.7;45;414;35;984.8
1516066599;"2018/01/16 02:36:39";14.7;45;418;35;984.7
1516066898;"2018/01/16 02:41:38";14.7;45;427;35;984.6
1516067199;"2018/01/16 02:46:39";14.7;45;422;36;984.5
1516067499;"2018/01/16 02:51:39";14.7;45;428;35;984.3
1516067800;"2018/01/16 02:56:40";14.7;45;421;35;984.2
1516068102;"2018/01/16 03:01:42";14.7;45;425;36;984
1516068403;"2018/01/16 03:06:43";14.7;45;428;35;983.9
1516068704;"2018/01/16 03:11:44";14.7;45;416;36;983.8
1516069005;"2018/01/16 03:16:45";14.6;45;425;36;983.6
1516069305;"2018/01/16 03:21:45";14.6;45;421;35;983.5
1516069605;"2018/01/16 03:26:45";14.6;45;416;36;983.3
1516069908;"2018/01/16 03:31:48";14.7;45;423;36;983.2
1516070208;"2018/01/16 03:36:48";14.7;46;466;36;983.2
1516070509;"2018/01/16 03:41:49";14.7;45;450;37;983
1516070810;"2018/01/16 03:46:50";14.7;45;452;35;982.9
1516071111;"2018/01/16 03:51:51";14.7;45;447;35;982.8
1516071411;"2018/01/16 03:56:51";14.7;45;439;35;982.7
1516071712;"2018/01/16 04:01:52";14.7;45;443;35;982.5
1516072013;"2018/01/16 04:06:53";14.7;45;428;36;982.5
1516072314;"2018/01/16 04:11:54";14.7;45;436;37;982.5
1516072614;"2018/01/16 04:16:54";14.6;45;435;36;982.3
1516072915;"2018/01/16 04:21:55";14.6;45;432;35;982.2
1516073216;"2018/01/16 04:26:56";14.6;45;430;36;982
1516073517;"2018/01/16 04:31:57";14.6;45;434;36;982
1516073817;"2018/01/16 04:36:57";14.6;45;434;36;981.9
1516074119;"2018/01/16 04:41:59";14.6;45;425;37;981.7
1516074420;"2018/01/16 04:47:00";14.6;45;431;36;981.6
1516074721;"2018/01/16 04:52:01";14.6;45;425;36;981.6
1516075022;"2018/01/16 04:57:02";14.6;45;422;35;981.6
1516075322;"2018/01/16 05:02:02";14.6;45;433;36;981.5
1516075622;"2018/01/16 05:07:02";14.6;45;425;35;981.4
1516075924;"2018/01/16 05:12:04";14.6;45;429;35;981.2
1516076225;"2018/01/16 05:17:05";14.6;45;427;35;981.2
1516076525;"2018/01/16 05:22:05";14.6;45;419;36;981.1
1516076825;"2018/01/16 05:27:05";14.6;45;419;35;981
1516077127;"2018/01/16 05:32:07";14.6;45;419;36;981.1
1516077428;"2018/01/16 05:37:08";14.6;45;422;35;980.9
1516077728;"2018/01/16 05:42:08";14.6;45;424;35;980.8
1516078028;"2018/01/16 05:47:08";14.6;45;422;35;980.7
1516078330;"2018/01/16 05:52:10";14.6;45;428;35;980.7
1516078631;"2018/01/16 05:57:11";14.6;45;418;35;980.7
1516078931;"2018/01/16 06:02:11";14.7;45;421;35;980.8
1516079231;"2018/01/16 06:07:11";14.7;45;419;35;980.7
1516079533;"2018/01/16 06:12:13";14.7;45;420;35;980.6
1516079834;"2018/01/16 06:17:14";14.7;45;422;35;980.7
1516080134;"2018/01/16 06:22:14";14.7;45;423;35;980.7
1516080434;"2018/01/16 06:27:14";14.8;45;431;35;980.7
1516080736;"2018/01/16 06:32:16";14.8;45;428;35;980.8
1516081036;"2018/01/16 06:37:16";14.8;45;431;35;980.9
1516081338;"2018/01/16 06:42:18";14.8;45;423;35;980.8
1516081638;"2018/01/16 06:47:18";14.8;45;426;35;980.8
1516081939;"2018/01/16 06:52:19";14.9;45;426;35;980.8
1516082240;"2018/01/16 06:57:20";14.9;45;433;35;980.8
1516082539;"2018/01/16 07:02:19";14.9;45;435;35;980.9
1516082840;"2018/01/16 07:07:20";14.9;45;425;35;980.8
1516083141;"2018/01/16 07:12:21";15;45;426;35;980.9
1516083442;"2018/01/16 07:17:22";15;45;426;35;980.9
1516083744;"2018/01/16 07:22:24";15;46;428;35;981
1516084044;"2018/01/16 07:27:24";15;46;433;35;980.9
1516084346;"2018/01/16 07:32:26";15;46;436;35;980.9
1516084647;"2018/01/16 07:37:27";15;46;433;35;980.9
1516084947;"2018/01/16 07:42:27";15.1;46;437;35;980.9
1516085247;"2018/01/16 07:47:27";15;46;431;35;981
1516085549;"2018/01/16 07:52:29";15.1;46;437;35;981.1
1516085850;"2018/01/16 07:57:30";15.1;46;432;35;981
1516086150;"2018/01/16 08:02:30";15.1;46;436;35;981
1516086451;"2018/01/16 08:07:31";15.1;46;435;35;981
1516086750;"2018/01/16 08:12:30";15.1;46;437;35;981
1516087051;"2018/01/16 08:17:31";15.1;46;436;35;981
1516087354;"2018/01/16 08:22:34";15.1;46;431;35;981.1
1516087654;"2018/01/16 08:27:34";15.1;46;431;35;981.2
1516087955;"2018/01/16 08:32:35";15.1;46;433;35;981.2
1516088256;"2018/01/16 08:37:36";15.1;46;437;35;981.3
1516088556;"2018/01/16 08:42:36";15.1;46;431;35;981.3
1516088856;"2018/01/16 08:47:36";15.1;46;432;35;981.3
1516089157;"2018/01/16 08:52:37";15.1;46;427;35;981.3
1516089458;"2018/01/16 08:57:38";15.1;46;436;35;981.3
1516089759;"2018/01/16 09:02:39";15.1;46;444;35;981.3
1516090059;"2018/01/16 09:07:39";15.1;46;434;35;981.4
1516090360;"2018/01/16 09:12:40";15.1;46;444;35;981.4
1516090660;"2018/01/16 09:17:40";15.1;46;432;35;981.4
1516090961;"2018/01/16 09:22:41";15.1;46;426;35;981.3
1516091261;"2018/01/16 09:27:41";15.1;46;436;35;981.4
1516091562;"2018/01/16 09:32:42";15.2;46;433;35;981.5
1516091862;"2018/01/16 09:37:42";15.2;46;438;35;981.6
1516092164;"2018/01/16 09:42:44";15.2;46;441;35;981.6
1516092465;"2018/01/16 09:47:45";15.2;46;428;35;981.7
1516092765;"2018/01/16 09:52:45";15.2;46;430;35;981.7
1516093065;"2018/01/16 09:57:45";15.2;46;440;35;981.7
1516093367;"2018/01/16 10:02:47";15.2;46;439;35;981.7
1516093667;"2018/01/16 10:07:47";15.2;46;425;35;981.7
1516093969;"2018/01/16 10:12:49";15.2;46;432;35;981.7
1516094269;"2018/01/16 10:17:49";15.2;46;440;35;981.8
1516094569;"2018/01/16 10:22:49";15.3;46;435;35;981.8
1516094870;"2018/01/16 10:27:50";15.3;46;431;35;981.8
1516095172;"2018/01/16 10:32:52";15.3;46;433;35;981.7
1516095473;"2018/01/16 10:37:53";15.3;46;435;35;981.7
1516095776;"2018/01/16 10:42:56";15.4;46;432;35;981.6
1516096076;"2018/01/16 10:47:56";15.4;46;431;35;981.7
1516096376;"2018/01/16 10:52:56";15.5;46;436;35;981.7
1516096677;"2018/01/16 10:57:57";15.5;46;435;35;981.6
1516096979;"2018/01/16 11:02:59";15.6;46;441;35;981.6
1516097280;"2018/01/16 11:08:00";15.7;46;436;35;981.7
1516097580;"2018/01/16 11:13:00";15.7;46;446;35;981.6
1516097881;"2018/01/16 11:18:01";15.7;46;442;35;981.6
1516098182;"2018/01/16 11:23:02";15.6;46;444;35;981.5
1516098483;"2018/01/16 11:28:03";15.5;46;432;35;981.6
1516098784;"2018/01/16 11:33:04";15.4;47;439;35;981.6
1516099085;"2018/01/16 11:38:05";15.3;47;436;35;981.7
1516099387;"2018/01/16 11:43:07";15.3;47;429;35;981.7
1516099687;"2018/01/16 11:48:07";15.3;47;428;35;981.6
1516099988;"2018/01/16 11:53:08";15.4;47;440;35;981.6
1516100289;"2018/01/16 11:58:09";15.4;47;440;35;981.6
1516100590;"2018/01/16 12:03:10";15.5;47;428;35;981.6
1516100890;"2018/01/16 12:08:10";15.5;47;435;35;981.7
1516101192;"2018/01/16 12:13:12";15.6;47;434;35;981.7
1516101492;"2018/01/16 12:18:12";15.6;47;440;35;981.8
1516101793;"2018/01/16 12:23:13";15.7;47;429;35;981.7
1516102093;"2018/01/16 12:28:13";15.7;47;433;35;981.7
1516102395;"2018/01/16 12:33:15";15.7;47;437;35;981.6
1516102695;"2018/01/16 12:38:15";15.6;47;431;35;981.5
1516102997;"2018/01/16 12:43:17";15.6;47;436;35;981.5
1516103298;"2018/01/16 12:48:18";15.6;47;430;35;981.4
1516103599;"2018/01/16 12:53:19";15.5;47;432;35;981.4
1516103900;"2018/01/16 12:58:20";15.5;47;437;35;981.4
1516104201;"2018/01/16 13:03:21";15.5;47;433;35;981.4
1516104501;"2018/01/16 13:08:21";15.4;47;433;35;981.3
1516104802;"2018/01/16 13:13:22";15.5;47;437;35;981.2
1516105102;"2018/01/16 13:18:22";15.5;47;433;35;981.1
1516105403;"2018/01/16 13:23:23";15.5;47;433;35;981.1
1516105704;"2018/01/16 13:28:24";15.5;47;433;35;981.2
1516106004;"2018/01/16 13:33:24";15.5;47;434;35;981.1
1516106305;"2018/01/16 13:38:25";15.5;47;438;35;981
1516106607;"2018/01/16 13:43:27";15.5;47;431;36;981.1
1516106908;"2018/01/16 13:48:28";15.5;47;440;35;981.1
1516107208;"2018/01/16 13:53:28";15.6;47;432;35;981.1
1516107509;"2018/01/16 13:58:29";15.6;47;433;35;981.1
1516107809;"2018/01/16 14:03:29";15.6;47;436;35;981.1
1516108110;"2018/01/16 14:08:30";15.6;47;437;35;981
1516108411;"2018/01/16 14:13:31";15.6;47;436;35;981
1516108711;"2018/01/16 14:18:31";15.7;47;423;35;981.1
1516109012;"2018/01/16 14:23:32";15.7;47;437;35;981
1516109313;"2018/01/16 14:28:33";15.7;47;430;35;981
1516109614;"2018/01/16 14:33:34";15.7;47;437;35;981
1516109914;"2018/01/16 14:38:34";15.7;47;442;35;981
1516110217;"2018/01/16 14:43:37";15.7;47;438;35;981.1
1516110517;"2018/01/16 14:48:37";15.7;47;440;35;981.1
1516110818;"2018/01/16 14:53:38";15.7;47;438;35;980.9
1516111119;"2018/01/16 14:58:39";15.7;47;439;35;980.9
1516111421;"2018/01/16 15:03:41";15.7;47;439;35;980.9
1516111721;"2018/01/16 15:08:41";15.7;47;434;35;980.9
1516112022;"2018/01/16 15:13:42";15.7;47;434;35;981
1516112322;"2018/01/16 15:18:42";15.7;47;431;35;981
1516112623;"2018/01/16 15:23:43";15.7;47;443;35;981
1516112924;"2018/01/16 15:28:44";15.7;47;446;35;981
1516113225;"2018/01/16 15:33:45";15.7;47;438;35;981
1516113526;"2018/01/16 15:38:46";15.7;47;438;35;981
1516113827;"2018/01/16 15:43:47";15.7;47;439;35;981
1516114127;"2018/01/16 15:48:47";15.7;47;434;35;981
1516114428;"2018/01/16 15:53:48";15.7;47;436;35;981
1516114729;"2018/01/16 15:58:49";15.7;47;446;35;981.1
1516115030;"2018/01/16 16:03:50";15.7;47;441;35;981.1
1516115330;"2018/01/16 16:08:50";15.7;47;439;35;981.1
1516115631;"2018/01/16 16:13:51";15.7;47;445;35;981.1
1516115932;"2018/01/16 16:18:52";15.7;47;445;35;981.1
1516116233;"2018/01/16 16:23:53";15.8;47;445;35;981.1
1516116533;"2018/01/16 16:28:53";15.7;47;449;35;981
1516116836;"2018/01/16 16:33:56";15.8;47;451;35;981
1516117136;"2018/01/16 16:38:56";15.7;47;449;35;981
1516117437;"2018/01/16 16:43:57";15.7;47;446;35;981.1
1516117738;"2018/01/16 16:48:58";15.7;47;448;35;981.1
1516118039;"2018/01/16 16:53:59";15.7;47;449;35;981.1
1516118340;"2018/01/16 16:59:00";15.7;47;445;35;981.1
1516118641;"2018/01/16 17:04:01";15.7;47;440;35;981.1
1516118942;"2018/01/16 17:09:02";15.7;47;445;35;981.1
1516119242;"2018/01/16 17:14:02";15.7;47;442;35;981
1516119543;"2018/01/16 17:19:03";15.6;47;442;35;981
1516119844;"2018/01/16 17:24:04";15.7;47;445;35;981.1
1516120145;"2018/01/16 17:29:05";15.7;47;442;35;981.1
1516120446;"2018/01/16 17:34:06";15.7;47;452;35;981.1
1516120746;"2018/01/16 17:39:06";15.7;47;449;35;981.1
1516121048;"2018/01/16 17:44:08";15.7;47;453;35;981.1
1516121349;"2018/01/16 17:49:09";15.7;47;442;35;981.1
1516121650;"2018/01/16 17:54:10";15.7;47;449;35;981.1
1516121951;"2018/01/16 17:59:11";15.7;47;450;35;981.2
1516122250;"2018/01/16 18:04:10";15.7;47;447;35;981.1
1516122551;"2018/01/16 18:09:11";15.7;47;438;35;981.1
1516122852;"2018/01/16 18:14:12";15.7;47;442;35;981.1
1516123153;"2018/01/16 18:19:13";15.7;47;446;35;981
1516123454;"2018/01/16 18:24:14";15.7;47;455;35;981
1516123755;"2018/01/16 18:29:15";15.7;47;441;35;981
1516124056;"2018/01/16 18:34:16";15.7;47;454;35;981
1516124357;"2018/01/16 18:39:17";15.7;47;448;35;981.1
1516124658;"2018/01/16 18:44:18";15.7;47;449;35;981.1
1516124959;"2018/01/16 18:49:19";15.7;47;446;35;981.1
1516125257;"2018/01/16 18:54:17";15.7;47;454;35;981.1
1516125558;"2018/01/16 18:59:18";15.7;47;456;35;981.1
1516125863;"2018/01/16 19:04:23";15.7;47;454;35;981.1
1516126164;"2018/01/16 19:09:24";15.7;47;466;35;981.1
1516126464;"2018/01/16 19:14:24";15.7;47;456;35;981.1
1516126765;"2018/01/16 19:19:25";15.7;47;453;35;981.1
1516127070;"2018/01/16 19:24:30";15.8;47;461;35;981.2
1516127371;"2018/01/16 19:29:31";15.7;47;457;35;981.2
1516127671;"2018/01/16 19:34:31";15.7;47;458;35;981.2
1516127971;"2018/01/16 19:39:31";15.7;47;456;35;981.2
1516128273;"2018/01/16 19:44:33";15.7;47;461;35;981.2
1516128573;"2018/01/16 19:49:33";15.7;48;454;35;981.3
1516128874;"2018/01/16 19:54:34";15.7;48;460;35;981.3
1516129175;"2018/01/16 19:59:35";15.7;48;456;35;981.4
1516129476;"2018/01/16 20:04:36";15.7;48;458;35;981.4
1516129777;"2018/01/16 20:09:37";15.7;48;460;35;981.5
1516130078;"2018/01/16 20:14:38";15.7;48;467;35;981.5
1516130379;"2018/01/16 20:19:39";15.7;48;462;35;981.5
1516130680;"2018/01/16 20:24:40";15.7;48;466;35;981.4
1516130981;"2018/01/16 20:29:41";15.7;48;470;35;981.5
1516131281;"2018/01/16 20:34:41";15.7;48;458;35;981.5
1516131582;"2018/01/16 20:39:42";15.7;48;469;35;981.4
1516131882;"2018/01/16 20:44:42";15.7;48;451;35;981.5
1516132183;"2018/01/16 20:49:43";15.7;48;471;35;981.6
1516132486;"2018/01/16 20:54:46";15.7;48;470;35;981.5
1516132786;"2018/01/16 20:59:46";15.7;48;470;35;981.6
1516133087;"2018/01/16 21:04:47";15.6;48;473;35;981.6
1516133388;"2018/01/16 21:09:48";15.5;48;476;35;981.7
1516133688;"2018/01/16 21:14:48";15.5;48;470;35;981.7
1516133988;"2018/01/16 21:19:48";15.4;48;473;35;981.7
1516134290;"2018/01/16 21:24:50";15.3;48;477;35;981.7
1516134590;"2018/01/16 21:29:50";15.3;48;476;35;981.7
1516134893;"2018/01/16 21:34:53";15.2;48;476;35;981.7
1516135193;"2018/01/16 21:39:53";15.2;48;468;35;981.8
1516135494;"2018/01/16 21:44:54";15.1;48;477;35;981.8
1516135794;"2018/01/16 21:49:54";15;48;474;35;981.8
1516136094;"2018/01/16 21:54:54";15;48;473;35;981.8
1516136395;"2018/01/16 21:59:55";14.9;48;473;35;981.9
1516136696;"2018/01/16 22:04:56";14.9;48;466;35;981.9
1516136997;"2018/01/16 22:09:57";14.9;48;457;35;981.9
1516137297;"2018/01/16 22:14:57";14.8;48;475;35;982
1516137598;"2018/01/16 22:19:58";14.8;48;465;35;982
1516137898;"2018/01/16 22:24:58";14.7;48;464;35;982
1516138198;"2018/01/16 22:29:58";14.7;49;466;35;982.1
1516138500;"2018/01/16 22:35:00";14.7;49;460;35;982.1
1516138801;"2018/01/16 22:40:01";14.6;49;464;35;982.1
1516139101;"2018/01/16 22:45:01";14.6;49;470;35;982.2
1516139402;"2018/01/16 22:50:02";14.6;49;461;35;982.1
1516139703;"2018/01/16 22:55:03";14.6;49;466;35;982.1
1516140004;"2018/01/16 23:00:04";14.5;49;466;35;982.2
1516140303;"2018/01/16 23:05:03";14.5;49;458;35;982.2
1516140604;"2018/01/16 23:10:04";14.4;49;465;35;982.2
1516140904;"2018/01/16 23:15:04";14.4;49;465;35;982.2
1516141205;"2018/01/16 23:20:05";14.4;49;466;35;982.2
1516141506;"2018/01/16 23:25:06";14.3;49;463;35;982.3
1516141806;"2018/01/16 23:30:06";14.3;49;460;35;982.4
1516142109;"2018/01/16 23:35:09";14.3;49;461;35;982.4
1516142409;"2018/01/16 23:40:09";14.2;49;464;35;982.5
1516142710;"2018/01/16 23:45:10";14.2;49;464;35;982.5
1516143010;"2018/01/16 23:50:10";14.2;49;460;35;982.4
1516143311;"2018/01/16 23:55:11";14.2;49;467;35;982.4
1516143611;"2018/01/17 00:00:11";14.2;49;460;35;982.4
1516143912;"2018/01/17 00:05:12";14.1;49;474;35;982.4
1516144212;"2018/01/17 00:10:12";14.1;49;466;35;982.4
1516144513;"2018/01/17 00:15:13";14.1;49;466;35;982.5
1516144814;"2018/01/17 00:20:14";14.1;49;461;35;982.5
1516145113;"2018/01/17 00:25:13";14;49;461;35;982.5
1516145414;"2018/01/17 00:30:14";14;49;459;35;982.4
1516145714;"2018/01/17 00:35:14";14;49;463;35;982.5
1516146019;"2018/01/17 00:40:19";13.9;49;470;35;982.5
1516146320;"2018/01/17 00:45:20";13.9;49;458;35;982.4
1516146621;"2018/01/17 00:50:21";13.9;49;466;35;982.5
1516146921;"2018/01/17 00:55:21";13.9;49;464;35;982.4
1516147222;"2018/01/17 01:00:22";13.8;49;458;35;982.4
1516147523;"2018/01/17 01:05:23";13.8;49;456;35;982.4
1516147824;"2018/01/17 01:10:24";13.8;49;462;35;982.4
1516148123;"2018/01/17 01:15:23";13.7;49;462;35;982.3
1516148423;"2018/01/17 01:20:23";13.7;50;462;35;982.4
1516148726;"2018/01/17 01:25:26";13.7;50;465;35;982.5
1516149026;"2018/01/17 01:30:26";13.6;50;487;35;982.4
1516149326;"2018/01/17 01:35:26";13.6;50;484;35;982.4
1516149626;"2018/01/17 01:40:26";13.6;50;484;35;982.4
1516149927;"2018/01/17 01:45:27";13.6;50;491;35;982.4
1516150228;"2018/01/17 01:50:28";13.5;50;441;35;982.4
1516150528;"2018/01/17 01:55:28";13.5;50;478;35;982.4
1516150828;"2018/01/17 02:00:28";13.5;50;429;35;982.4
1516151129;"2018/01/17 02:05:29";13.5;50;455;35;982.5
1516151429;"2018/01/17 02:10:29";13.5;50;408;35;982.5
1516151730;"2018/01/17 02:15:30";13.5;50;418;35;982.5
1516152030;"2018/01/17 02:20:30";13.4;50;412;35;982.6
1516152331;"2018/01/17 02:25:31";13.4;50;405;35;982.5
1516152631;"2018/01/17 02:30:31";13.4;50;407;35;982.5
1516152931;"2018/01/17 02:35:31";13.4;50;410;35;982.5
1516153231;"2018/01/17 02:40:31";13.3;50;408;35;982.5
1516153532;"2018/01/17 02:45:32";13.3;50;404;35;982.5
1516153832;"2018/01/17 02:50:32";13.3;50;403;35;982.5
1516154132;"2018/01/17 02:55:32";13.3;50;404;35;982.5
1516154432;"2018/01/17 03:00:32";13.2;50;409;35;982.3
1516154732;"2018/01/17 03:05:32";13.2;50;402;35;982.3
1516155033;"2018/01/17 03:10:33";13.2;50;394;35;982.4
1516155333;"2018/01/17 03:15:33";13.2;50;406;35;982.4
1516155633;"2018/01/17 03:20:33";13.2;50;403;35;982.5
1516155935;"2018/01/17 03:25:35";13.2;50;401;35;982.5
1516156235;"2018/01/17 03:30:35";13.2;50;400;35;982.4
1516156536;"2018/01/17 03:35:36";13.2;50;396;35;982.4
1516156836;"2018/01/17 03:40:36";13.1;50;395;35;982.4
1516157135;"2018/01/17 03:45:35";13.1;50;402;35;982.5
1516157436;"2018/01/17 03:50:36";13.1;50;399;35;982.4
1516157736;"2018/01/17 03:55:36";13.1;50;399;35;982.4
1516158041;"2018/01/17 04:00:41";13.1;50;402;35;982.4
1516158341;"2018/01/17 04:05:41";13.1;50;399;35;982.4
1516158641;"2018/01/17 04:10:41";13.1;50;398;35;982.4
1516158942;"2018/01/17 04:15:42";13.1;50;394;35;982.4
1516159243;"2018/01/17 04:20:43";13.1;50;401;35;982.5
1516159543;"2018/01/17 04:25:43";13.1;50;401;35;982.5
1516159844;"2018/01/17 04:30:44";13.1;50;400;35;982.5
1516160144;"2018/01/17 04:35:44";13.1;50;394;35;982.4
1516160449;"2018/01/17 04:40:49";13;50;392;35;982.4
1516160749;"2018/01/17 04:45:49";13;50;401;35;982.4
1516161049;"2018/01/17 04:50:49";13;50;404;35;982.4
1516161351;"2018/01/17 04:55:51";13;50;395;35;982.4
1516161655;"2018/01/17 05:00:55";12.9;50;399;35;982.5
1516161956;"2018/01/17 05:05:56";12.9;50;404;35;982.5
1516162256;"2018/01/17 05:10:56";12.9;50;399;35;982.5
1516162556;"2018/01/17 05:15:56";12.9;50;403;35;982.6
1516162857;"2018/01/17 05:20:57";12.9;50;403;35;982.7
1516163157;"2018/01/17 05:25:57";12.9;50;404;35;982.7
1516163461;"2018/01/17 05:31:01";12.9;50;406;35;982.7
1516163763;"2018/01/17 05:36:03";12.9;50;398;35;982.7
1516164067;"2018/01/17 05:41:07";12.9;50;408;35;982.8
1516164369;"2018/01/17 05:46:09";12.9;50;398;35;982.8
1516164669;"2018/01/17 05:51:09";12.8;50;409;35;982.8
1516164970;"2018/01/17 05:56:10";12.8;50;406;35;982.8
1516165274;"2018/01/17 06:01:14";12.8;50;405;35;982.8
1516165575;"2018/01/17 06:06:15";12.8;50;402;35;982.8
1516165879;"2018/01/17 06:11:19";12.8;50;409;35;982.9
1516166179;"2018/01/17 06:16:19";12.8;50;401;35;982.9
1516166484;"2018/01/17 06:21:24";12.8;50;401;35;983
1516166784;"2018/01/17 06:26:24";12.8;50;402;35;983.1
1516167084;"2018/01/17 06:31:24";12.7;50;414;35;983.1
1516167385;"2018/01/17 06:36:25";12.7;50;410;35;983.1
1516167686;"2018/01/17 06:41:26";12.7;50;405;35;983.1
1516167986;"2018/01/17 06:46:26";12.7;50;408;35;983.1
1516168290;"2018/01/17 06:51:30";12.7;50;407;35;983.1
1516168591;"2018/01/17 06:56:31";12.7;50;405;35;983.1
1516168891;"2018/01/17 07:01:31";12.7;50;404;35;983.2
1516169192;"2018/01/17 07:06:32";12.7;50;407;35;983.2
1516169492;"2018/01/17 07:11:32";12.6;50;400;35;983.2
1516169793;"2018/01/17 07:16:33";12.6;50;401;35;983.3
1516170093;"2018/01/17 07:21:33";12.6;50;407;35;983.4
1516170397;"2018/01/17 07:26:37";12.6;50;409;35;983.5
1516170697;"2018/01/17 07:31:37";12.6;50;403;35;983.5
1516170998;"2018/01/17 07:36:38";12.6;50;406;35;983.5
1516171298;"2018/01/17 07:41:38";12.6;50;403;35;983.6
1516171598;"2018/01/17 07:46:38";12.6;50;406;35;983.7
1516171898;"2018/01/17 07:51:38";12.6;50;398;35;983.8
1516172203;"2018/01/17 07:56:43";12.6;50;400;35;984
1516172503;"2018/01/17 08:01:43";12.5;51;403;36;984
1516172804;"2018/01/17 08:06:44";12.6;51;411;35;984
1516173104;"2018/01/17 08:11:44";12.9;51;413;35;984
1516173405;"2018/01/17 08:16:45";13.3;50;421;35;983.9
1516173705;"2018/01/17 08:21:45";13.6;50;444;35;983.8
1516174006;"2018/01/17 08:26:46";13.9;50;465;35;983.8
1516174306;"2018/01/17 08:31:46";14.1;50;470;35;983.9
1516174607;"2018/01/17 08:36:47";14.3;49;472;35;983.9
1516174907;"2018/01/17 08:41:47";14.5;49;470;35;984
1516175208;"2018/01/17 08:46:48";14.6;49;477;35;984.1
1516175509;"2018/01/17 08:51:49";14.7;49;472;35;984.1
1516175811;"2018/01/17 08:56:51";14.7;48;473;35;984.1
1516176111;"2018/01/17 09:01:51";14.6;48;475;35;984.2
1516176412;"2018/01/17 09:06:52";14.6;48;471;35;984.1
1516176712;"2018/01/17 09:11:52";14.4;49;454;35;984.2
1516177013;"2018/01/17 09:16:53";14.4;49;466;35;984.3
1516177313;"2018/01/17 09:21:53";14.3;49;458;35;984.3
1516177614;"2018/01/17 09:26:54";14.2;49;464;35;984.3
1516177915;"2018/01/17 09:31:55";14.2;49;447;35;984.4
1516178215;"2018/01/17 09:36:55";14.2;49;453;35;984.4
1516178515;"2018/01/17 09:41:55";14.2;49;445;35;984.5
1516178816;"2018/01/17 09:46:56";14.3;49;450;35;984.4
1516179116;"2018/01/17 09:51:56";14.4;49;454;35;984.5
1516179418;"2018/01/17 09:56:58";14.4;49;456;35;984.6
1516179718;"2018/01/17 10:01:58";14.5;49;450;35;984.7
1516180019;"2018/01/17 10:06:59";14.5;49;452;35;984.7
1516180319;"2018/01/17 10:11:59";14.5;49;451;35;984.8
1516180621;"2018/01/17 10:17:01";14.5;49;456;35;984.9
1516180922;"2018/01/17 10:22:02";14.5;49;450;35;984.9
1516181223;"2018/01/17 10:27:03";14.5;49;448;35;985
1516181523;"2018/01/17 10:32:03";14.4;49;452;35;985.1
1516181824;"2018/01/17 10:37:04";14.4;49;452;35;985.1
1516182124;"2018/01/17 10:42:04";14.4;49;449;35;985
1516182425;"2018/01/17 10:47:05";14.3;49;455;35;985.1
1516182725;"2018/01/17 10:52:05";14.3;49;450;35;985.1
1516183026;"2018/01/17 10:57:06";14.4;49;452;35;985.2
1516183326;"2018/01/17 11:02:06";14.4;49;451;35;985.3
1516183627;"2018/01/17 11:07:07";14.4;49;448;35;985.3
1516183927;"2018/01/17 11:12:07";14.4;49;450;35;985.2
1516184228;"2018/01/17 11:17:08";14.5;49;443;35;985.2
1516184529;"2018/01/17 11:22:09";14.5;49;453;35;985.3
