1515690029;"2018/01/11 18:00:29";14.4;50
1515690337;"2018/01/11 18:05:37";14.4;50
1515690593;"2018/01/11 18:09:53";14.4;50
1515690901;"2018/01/11 18:15:01";14.4;50
1515691209;"2018/01/11 18:20:09";14.4;50
1515691516;"2018/01/11 18:25:16";14.4;50
1515691824;"2018/01/11 18:30:24";14.4;50
1515692131;"2018/01/11 18:35:31";14.4;50
1515692439;"2018/01/11 18:40:39";14.4;50
1515692695;"2018/01/11 18:44:55";14.4;50
1515693003;"2018/01/11 18:50:03";14.3;50
1515693311;"2018/01/11 18:55:11";14.3;50
1515693618;"2018/01/11 19:00:18";14.3;50
1515693958;"2018/01/11 19:05:58";15.8;69
1515694215;"2018/01/11 19:10:15";16.7;47
1515694522;"2018/01/11 19:15:22";14.8;50
1515694830;"2018/01/11 19:20:30";13.3;53
1515695136;"2018/01/11 19:25:36";12.2;55
1515695444;"2018/01/11 19:30:44";11.3;58
1515695753;"2018/01/11 19:35:53";10.5;60
1515696060;"2018/01/11 19:41:00";9.8;61
1515696367;"2018/01/11 19:46:07";9.3;63
1515696623;"2018/01/11 19:50:23";8.9;64
1515696932;"2018/01/11 19:55:32";8.6;65
1515697239;"2018/01/11 20:00:39";8.2;66
1515697547;"2018/01/11 20:05:47";8;67
1515697855;"2018/01/11 20:10:55";7.8;68
1515698162;"2018/01/11 20:16:02";7.6;69
1515698469;"2018/01/11 20:21:09";7.4;69
1515698776;"2018/01/11 20:26:16";7.3;70
1515699033;"2018/01/11 20:30:33";7.2;70
1515699341;"2018/01/11 20:35:41";7.1;71
1515699648;"2018/01/11 20:40:48";7;71
1515699956;"2018/01/11 20:45:56";6.9;72
1515700263;"2018/01/11 20:51:03";6.9;72
1515700571;"2018/01/11 20:56:11";6.8;72
1515700880;"2018/01/11 21:01:20";6.8;72
1515701135;"2018/01/11 21:05:35";6.7;73
1515701443;"2018/01/11 21:10:43";6.7;73
1515701751;"2018/01/11 21:15:51";6.7;73
1515702059;"2018/01/11 21:20:59";6.6;73
1515702366;"2018/01/11 21:26:06";6.6;73
1515702674;"2018/01/11 21:31:14";6.6;73
1515702982;"2018/01/11 21:36:22";6.6;74
1515703238;"2018/01/11 21:40:38";6.6;74
1515703546;"2018/01/11 21:45:46";6.6;74
1515703853;"2018/01/11 21:50:53";6.6;74
1515704161;"2018/01/11 21:56:01";6.5;74
1515704468;"2018/01/11 22:01:08";6.5;74
1515704775;"2018/01/11 22:06:15";6.5;74
1515705083;"2018/01/11 22:11:23";6.5;74
1515705390;"2018/01/11 22:16:30";6.5;74
1515705647;"2018/01/11 22:20:47";6.5;74
1515705954;"2018/01/11 22:25:54";6.5;74
1515706262;"2018/01/11 22:31:02";6.5;74
1515706569;"2018/01/11 22:36:09";6.5;75
1515706877;"2018/01/11 22:41:17";6.5;75
1515707185;"2018/01/11 22:46:25";6.5;75
1515707492;"2018/01/11 22:51:32";6.5;75
1515707750;"2018/01/11 22:55:50";6.5;75
1515708057;"2018/01/11 23:00:57";6.5;75
1515708365;"2018/01/11 23:06:05";6.5;75
1515708673;"2018/01/11 23:11:13";6.5;75
1515708979;"2018/01/11 23:16:19";6.4;75
1515709287;"2018/01/11 23:21:27";6.4;75
1515709594;"2018/01/11 23:26:34";6.4;75
1515709851;"2018/01/11 23:30:51";6.4;75
1515710158;"2018/01/11 23:35:58";6.4;75
1515710466;"2018/01/11 23:41:06";6.4;75
1515710774;"2018/01/11 23:46:14";6.4;75
1515711081;"2018/01/11 23:51:21";6.4;75
1515711390;"2018/01/11 23:56:30";6.4;75
1515711697;"2018/01/12 00:01:37";6.4;75
1515711954;"2018/01/12 00:05:54";6.4;75
1515712261;"2018/01/12 00:11:01";6.4;75
1515712568;"2018/01/12 00:16:08";6.4;75
1515712876;"2018/01/12 00:21:16";6.4;75
1515713183;"2018/01/12 00:26:23";6.4;75
1515713491;"2018/01/12 00:31:31";6.4;75
1515713798;"2018/01/12 00:36:38";6.4;76
1515714106;"2018/01/12 00:41:46";6.4;76
1515714362;"2018/01/12 00:46:02";6.4;76
1515714670;"2018/01/12 00:51:10";6.4;76
1515714977;"2018/01/12 00:56:17";6.4;76
1515715284;"2018/01/12 01:01:24";6.4;76
1515715594;"2018/01/12 01:06:34";6.4;76
1515715902;"2018/01/12 01:11:42";6.4;76
1515716209;"2018/01/12 01:16:49";6.4;76
1515716517;"2018/01/12 01:21:57";6.4;76
1515716773;"2018/01/12 01:26:13";6.4;76
1515717081;"2018/01/12 01:31:21";6.4;76
1515717387;"2018/01/12 01:36:27";6.4;76
1515717695;"2018/01/12 01:41:35";6.4;76
1515718003;"2018/01/12 01:46:43";6.4;76
1515718310;"2018/01/12 01:51:50";6.4;76
1515718618;"2018/01/12 01:56:58";6.4;76
1515718874;"2018/01/12 02:01:14";6.4;76
1515719182;"2018/01/12 02:06:22";6.4;76
1515719489;"2018/01/12 02:11:29";6.4;76
1515719798;"2018/01/12 02:16:38";6.4;76
1515720106;"2018/01/12 02:21:46";6.4;76
1515720412;"2018/01/12 02:26:52";6.4;76
1515720720;"2018/01/12 02:32:00";6.4;76
1515720976;"2018/01/12 02:36:16";6.4;76
1515721284;"2018/01/12 02:41:24";6.4;76
1515721592;"2018/01/12 02:46:32";6.4;76
1515721900;"2018/01/12 02:51:40";6.4;76
1515722207;"2018/01/12 02:56:47";6.4;76
1515722514;"2018/01/12 03:01:54";6.4;76
1515722822;"2018/01/12 03:07:02";6.4;76
1515723130;"2018/01/12 03:12:10";6.4;76
1515723386;"2018/01/12 03:16:26";6.4;76
1515723693;"2018/01/12 03:21:33";6.4;76
1515724001;"2018/01/12 03:26:41";6.4;76
1515724309;"2018/01/12 03:31:49";6.4;76
1515724616;"2018/01/12 03:36:56";6.4;76
1515724924;"2018/01/12 03:42:04";6.4;76
1515725232;"2018/01/12 03:47:12";6.4;76
1515725488;"2018/01/12 03:51:28";6.4;76
1515725796;"2018/01/12 03:56:36";6.4;76
1515726103;"2018/01/12 04:01:43";6.4;76
1515726411;"2018/01/12 04:06:51";6.3;76
1515726718;"2018/01/12 04:11:58";6.3;76
1515727026;"2018/01/12 04:17:06";6.3;76
1515727334;"2018/01/12 04:22:14";6.3;76
1515727590;"2018/01/12 04:26:30";6.3;76
1515727898;"2018/01/12 04:31:38";6.3;76
1515728205;"2018/01/12 04:36:45";6.3;76
1515728513;"2018/01/12 04:41:53";6.3;76
1515728821;"2018/01/12 04:47:01";6.3;76
1515729129;"2018/01/12 04:52:09";6.3;76
1515729436;"2018/01/12 04:57:16";6.3;76
1515729692;"2018/01/12 05:01:32";6.3;76
1515730000;"2018/01/12 05:06:40";6.3;76
1515730307;"2018/01/12 05:11:47";6.3;76
1515730615;"2018/01/12 05:16:55";6.3;76
1515730922;"2018/01/12 05:22:02";6.3;76
1515731231;"2018/01/12 05:27:11";6.3;76
1515731539;"2018/01/12 05:32:19";6.3;76
1515731845;"2018/01/12 05:37:25";6.3;76
1515732102;"2018/01/12 05:41:42";6.3;76
1515732409;"2018/01/12 05:46:49";6.3;76
1515732717;"2018/01/12 05:51:57";6.3;76
1515733025;"2018/01/12 05:57:05";6.3;76
1515733332;"2018/01/12 06:02:12";6.3;76
1515733640;"2018/01/12 06:07:20";6.3;76
1515733947;"2018/01/12 06:12:27";6.3;76
1515734203;"2018/01/12 06:16:43";6.3;76
1515734510;"2018/01/12 06:21:50";6.3;76
1515734819;"2018/01/12 06:26:59";6.3;76
1515735127;"2018/01/12 06:32:07";6.3;76
1515735434;"2018/01/12 06:37:14";6.3;76
1515735742;"2018/01/12 06:42:22";6.3;76
1515736049;"2018/01/12 06:47:29";6.2;76
1515736306;"2018/01/12 06:51:46";6.2;76
1515736612;"2018/01/12 06:56:52";6.2;76
1515736920;"2018/01/12 07:02:00";6.2;76
1515737228;"2018/01/12 07:07:08";6.2;76
1515737535;"2018/01/12 07:12:15";6.2;76
1515737844;"2018/01/12 07:17:24";6.2;76
1515738151;"2018/01/12 07:22:31";6.2;76
1515738408;"2018/01/12 07:26:48";6.2;76
1515738715;"2018/01/12 07:31:55";6.2;76
1515739023;"2018/01/12 07:37:03";6.2;76
1515739331;"2018/01/12 07:42:11";6.2;76
1515739638;"2018/01/12 07:47:18";6.2;75
1515739946;"2018/01/12 07:52:26";6.1;75
1515740254;"2018/01/12 07:57:34";6.1;75
1515740561;"2018/01/12 08:02:41";6.1;75
1515740818;"2018/01/12 08:06:58";6;75
1515741125;"2018/01/12 08:12:05";6.1;75
1515741433;"2018/01/12 08:17:13";6.1;76
1515741740;"2018/01/12 08:22:20";6.1;76
1515742048;"2018/01/12 08:27:28";6.1;76
1515742356;"2018/01/12 08:32:36";6.1;76
1515742663;"2018/01/12 08:37:43";6.1;76
1515742920;"2018/01/12 08:42:00";6.1;76
1515743176;"2018/01/12 08:46:16";6.1;76
1515743535;"2018/01/12 08:52:15";6.1;76
1515743842;"2018/01/12 08:57:22";6.1;76
1515744150;"2018/01/12 09:02:30";6.1;76
1515744458;"2018/01/12 09:07:38";6.1;76
1515744765;"2018/01/12 09:12:45";6.1;76
1515745073;"2018/01/12 09:17:53";6.1;76
1515745329;"2018/01/12 09:22:09";6.1;76
1515745637;"2018/01/12 09:27:17";6.1;76
1515745944;"2018/01/12 09:32:24";6.1;76
1515746252;"2018/01/12 09:37:32";6.1;76
1515746560;"2018/01/12 09:42:40";6.2;76
1515746867;"2018/01/12 09:47:47";6.2;76
1515747175;"2018/01/12 09:52:55";6.2;76
1515747431;"2018/01/12 09:57:11";6.2;76
1515747739;"2018/01/12 10:02:19";6.2;76
1515748046;"2018/01/12 10:07:26";6.2;76
1515748353;"2018/01/12 10:12:33";6.2;76
1515748662;"2018/01/12 10:17:42";6.2;76
1515748969;"2018/01/12 10:22:49";6.2;76
1515749277;"2018/01/12 10:27:57";6.2;76
1515749533;"2018/01/12 10:32:13";6.2;76
1515749841;"2018/01/12 10:37:21";6.2;76
1515750149;"2018/01/12 10:42:29";6.2;76
1515750455;"2018/01/12 10:47:35";6.2;76
1515750712;"2018/01/12 10:51:52";6.2;76
1515751071;"2018/01/12 10:57:51";6.2;76
1515751379;"2018/01/12 11:02:59";6.2;76
1515751687;"2018/01/12 11:08:07";6.2;76
1515751943;"2018/01/12 11:12:23";6.2;76
1515752251;"2018/01/12 11:17:31";6.2;76
1515752558;"2018/01/12 11:22:38";6.2;76
1515752866;"2018/01/12 11:27:46";6.2;76
1515753173;"2018/01/12 11:32:53";6.2;76
1515753480;"2018/01/12 11:38:00";6.2;76
1515753788;"2018/01/12 11:43:08";6.2;76
1515754045;"2018/01/12 11:47:25";6.2;76
1515754353;"2018/01/12 11:52:33";6.2;76
1515754660;"2018/01/12 11:57:40";6.2;76
1515754968;"2018/01/12 12:02:48";6.2;75
1515755275;"2018/01/12 12:07:55";6.2;75
1515755582;"2018/01/12 12:13:02";6.2;76
1515755891;"2018/01/12 12:18:11";6.2;76
1515756198;"2018/01/12 12:23:18";6.2;76
1515756454;"2018/01/12 12:27:34";6.2;76
1515756761;"2018/01/12 12:32:41";6.2;76
1515757069;"2018/01/12 12:37:49";6.2;76
1515757377;"2018/01/12 12:42:57";6.2;76
1515757684;"2018/01/12 12:48:04";6.2;76
1515757992;"2018/01/12 12:53:12";6.2;76
1515758299;"2018/01/12 12:58:19";6.2;76
1515758607;"2018/01/12 13:03:27";6.2;76
1515758864;"2018/01/12 13:07:44";6.2;76
1515759172;"2018/01/12 13:12:52";6.2;76
1515759479;"2018/01/12 13:17:59";6.2;76
1515759786;"2018/01/12 13:23:06";6.2;76
1515760095;"2018/01/12 13:28:15";6.2;76
1515760402;"2018/01/12 13:33:22";6.2;76
1515760710;"2018/01/12 13:38:30";6.2;76
1515761018;"2018/01/12 13:43:38";6.2;76
1515761274;"2018/01/12 13:47:54";6.2;76
1515761582;"2018/01/12 13:53:02";6.2;76
1515761889;"2018/01/12 13:58:09";6.2;76
1515762197;"2018/01/12 14:03:17";6.2;76
1515762504;"2018/01/12 14:08:24";6.2;76
1515762811;"2018/01/12 14:13:31";6.2;76
1515763120;"2018/01/12 14:18:40";6.2;76
1515763376;"2018/01/12 14:22:56";6.2;76
1515763684;"2018/01/12 14:28:04";6.1;74
1515763991;"2018/01/12 14:33:11";6.1;74
1515764298;"2018/01/12 14:38:18";6;74
1515764606;"2018/01/12 14:43:26";6;75
1515764913;"2018/01/12 14:48:33";6;75
1515765221;"2018/01/12 14:53:41";6;75
1515765477;"2018/01/12 14:57:57";6;75
1515765785;"2018/01/12 15:03:05";6;75
1515766093;"2018/01/12 15:08:13";5.9;75
1515766401;"2018/01/12 15:13:21";5.9;75
1515766708;"2018/01/12 15:18:28";5.9;75
1515767015;"2018/01/12 15:23:35";5.9;75
1515767323;"2018/01/12 15:28:43";5.9;75
1515767630;"2018/01/12 15:33:50";5.9;75
1515767939;"2018/01/12 15:38:59";6;75
1515768195;"2018/01/12 15:43:15";6;76
1515768503;"2018/01/12 15:48:23";5.9;75
1515768811;"2018/01/12 15:53:31";5.9;75
1515769117;"2018/01/12 15:58:37";5.9;75
1515769425;"2018/01/12 16:03:45";5.9;75
1515769733;"2018/01/12 16:08:53";5.9;75
1515770040;"2018/01/12 16:14:00";5.9;75
1515770349;"2018/01/12 16:19:09";5.9;75
1515770656;"2018/01/12 16:24:16";5.9;75
1515770913;"2018/01/12 16:28:33";5.9;75
1515771220;"2018/01/12 16:33:40";5.9;75
1515771527;"2018/01/12 16:38:47";5.9;75
1515771835;"2018/01/12 16:43:55";6;76
1515772143;"2018/01/12 16:49:03";6;76
1515772451;"2018/01/12 16:54:11";6;76
1515772757;"2018/01/12 16:59:17";6;76
1515773065;"2018/01/12 17:04:25";6;76
1515773321;"2018/01/12 17:08:41";6;76
1515773629;"2018/01/12 17:13:49";6;76
1515773937;"2018/01/12 17:18:57";6;76
1515774244;"2018/01/12 17:24:04";6;76
1515774552;"2018/01/12 17:29:12";6;76
1515774859;"2018/01/12 17:34:19";6;76
1515775168;"2018/01/12 17:39:28";6;76
1515775476;"2018/01/12 17:44:36";6;76
1515775731;"2018/01/12 17:48:51";6;76
1515776039;"2018/01/12 17:53:59";6;76
1515776346;"2018/01/12 17:59:06";6;76
1515776654;"2018/01/12 18:04:14";6;76
1515776962;"2018/01/12 18:09:22";6;76
1515777269;"2018/01/12 18:14:29";6;76
1515777577;"2018/01/12 18:19:37";6;76
1515777884;"2018/01/12 18:24:44";6;76
1515778141;"2018/01/12 18:29:01";6;76
1515778448;"2018/01/12 18:34:08";6;76
1515778731;"2018/01/12 18:38:51";6;76
1515778988;"2018/01/12 18:43:08";6;76
1515779295;"2018/01/12 18:48:15";6;76
1515779603;"2018/01/12 18:53:23";6;76
1515779910;"2018/01/12 18:58:30";6;76
1515780218;"2018/01/12 19:03:38";6;76
1515780473;"2018/01/12 19:07:53";6;76
1515780832;"2018/01/12 19:13:52";6;76
1515781089;"2018/01/12 19:18:09";6;76
1515781397;"2018/01/12 19:23:17";6;75
1515781705;"2018/01/12 19:28:25";5.9;75
1515782013;"2018/01/12 19:33:33";5.9;75
1515782320;"2018/01/12 19:38:40";5.9;75
1515782627;"2018/01/12 19:43:47";5.9;75
1515782935;"2018/01/12 19:48:55";5.9;76
1515783243;"2018/01/12 19:54:03";5.9;76
1515783499;"2018/01/12 19:58:19";5.9;76
1515783807;"2018/01/12 20:03:27";5.9;76
1515784114;"2018/01/12 20:08:34";5.9;76
1515784422;"2018/01/12 20:13:42";5.9;76
1515784730;"2018/01/12 20:18:50";5.9;76
1515785036;"2018/01/12 20:23:56";6;76
1515785344;"2018/01/12 20:29:04";6;76
1515785653;"2018/01/12 20:34:13";6;76
1515785908;"2018/01/12 20:38:28";6;76
1515786216;"2018/01/12 20:43:36";6;76
1515786523;"2018/01/12 20:48:43";6;76
1515786831;"2018/01/12 20:53:51";6;76
1515787138;"2018/01/12 20:58:58";6;76
1515787446;"2018/01/12 21:04:06";6;76
1515787754;"2018/01/12 21:09:14";6;76
1515788010;"2018/01/12 21:13:30";6;76
1515788318;"2018/01/12 21:18:38";6;76
1515788625;"2018/01/12 21:23:45";6;76
1515788933;"2018/01/12 21:28:53";6;76
1515789241;"2018/01/12 21:34:01";6;76
1515789548;"2018/01/12 21:39:08";6;76
1515789856;"2018/01/12 21:44:16";6;76
1515790164;"2018/01/12 21:49:24";6;76
1515790421;"2018/01/12 21:53:41";6;76
1515790727;"2018/01/12 21:58:47";6;76
1515791035;"2018/01/12 22:03:55";6;76
1515791344;"2018/01/12 22:09:04";6;76
1515791651;"2018/01/12 22:14:11";5.9;76
1515791958;"2018/01/12 22:19:18";6;76
1515792265;"2018/01/12 22:24:25";5.9;76
1515792523;"2018/01/12 22:28:43";5.9;76
1515792830;"2018/01/12 22:33:50";5.9;76
1515793137;"2018/01/12 22:38:57";5.9;76
1515793445;"2018/01/12 22:44:05";5.9;76
1515793753;"2018/01/12 22:49:13";5.9;76
1515794061;"2018/01/12 22:54:21";5.9;76
1515794367;"2018/01/12 22:59:27";5.9;76
1515794675;"2018/01/12 23:04:35";5.9;76
1515794932;"2018/01/12 23:08:52";5.9;76
1515795240;"2018/01/12 23:14:00";5.9;76
1515795547;"2018/01/12 23:19:07";5.9;76
1515795854;"2018/01/12 23:24:14";5.9;76
1515796162;"2018/01/12 23:29:22";5.9;76
1515796470;"2018/01/12 23:34:30";5.9;76
1515796777;"2018/01/12 23:39:37";5.9;76
1515797034;"2018/01/12 23:43:54";5.9;76
1515797342;"2018/01/12 23:49:02";5.9;76
1515797650;"2018/01/12 23:54:10";5.9;76
1515797750;"2018/01/12 23:55:50";5.9;76
1515798059;"2018/01/13 00:00:59";5.9;76
1515798315;"2018/01/13 00:05:15";5.9;76
1515798674;"2018/01/13 00:11:14";5.9;76
1515798982;"2018/01/13 00:16:22";5.9;76
1515799290;"2018/01/13 00:21:30";5.9;76
1515799547;"2018/01/13 00:25:47";5.9;76
1515799854;"2018/01/13 00:30:54";5.9;76
1515800162;"2018/01/13 00:36:02";5.9;76
1515800470;"2018/01/13 00:41:10";5.9;76
1515800777;"2018/01/13 00:46:17";5.9;76
1515801084;"2018/01/13 00:51:24";5.9;76
1515801391;"2018/01/13 00:56:31";5.9;76
1515801648;"2018/01/13 01:00:48";5.9;76
1515801955;"2018/01/13 01:05:55";5.9;76
1515802263;"2018/01/13 01:11:03";5.8;76
1515802571;"2018/01/13 01:16:11";5.8;76
1515802878;"2018/01/13 01:21:18";5.8;76
1515803186;"2018/01/13 01:26:26";5.8;76
1515803493;"2018/01/13 01:31:33";5.8;76
1515803801;"2018/01/13 01:36:41";5.8;76
1515804057;"2018/01/13 01:40:57";5.8;76
1515804365;"2018/01/13 01:46:05";5.8;76
1515804673;"2018/01/13 01:51:13";5.8;76
1515804980;"2018/01/13 01:56:20";5.8;76
1515805289;"2018/01/13 02:01:29";5.8;76
1515805597;"2018/01/13 02:06:37";5.8;76
1515805903;"2018/01/13 02:11:43";5.8;76
1515806211;"2018/01/13 02:16:51";5.8;76
1515806467;"2018/01/13 02:21:07";5.8;76
1515806775;"2018/01/13 02:26:15";5.8;76
1515807083;"2018/01/13 02:31:23";5.8;76
1515807391;"2018/01/13 02:36:31";5.8;76
1515807699;"2018/01/13 02:41:39";5.8;76
1515808006;"2018/01/13 02:46:46";5.8;76
1515808313;"2018/01/13 02:51:53";5.8;76
1515808569;"2018/01/13 02:56:09";5.8;76
1515808877;"2018/01/13 03:01:17";5.8;76
1515809184;"2018/01/13 03:06:24";5.8;76
1515809492;"2018/01/13 03:11:32";5.8;76
1515809800;"2018/01/13 03:16:40";5.8;76
1515810107;"2018/01/13 03:21:47";5.8;76
1515810415;"2018/01/13 03:26:55";5.8;76
1515810722;"2018/01/13 03:32:02";5.8;76
1515810979;"2018/01/13 03:36:19";5.8;76
1515811286;"2018/01/13 03:41:26";5.8;76
1515811594;"2018/01/13 03:46:34";5.8;76
1515811902;"2018/01/13 03:51:42";5.8;76
1515812209;"2018/01/13 03:56:49";5.8;76
1515812517;"2018/01/13 04:01:57";5.8;76
1515812825;"2018/01/13 04:07:05";5.8;76
1515813081;"2018/01/13 04:11:21";5.8;76
1515813388;"2018/01/13 04:16:28";5.8;76
1515813696;"2018/01/13 04:21:36";5.8;76
1515814004;"2018/01/13 04:26:44";5.8;76
1515814311;"2018/01/13 04:31:51";5.8;76
1515814619;"2018/01/13 04:36:59";5.8;76
1515814927;"2018/01/13 04:42:07";5.8;76
1515815234;"2018/01/13 04:47:14";5.8;76
1515815542;"2018/01/13 04:52:22";5.8;76
1515815798;"2018/01/13 04:56:38";5.8;76
1515816106;"2018/01/13 05:01:46";5.8;76
1515816413;"2018/01/13 05:06:53";5.8;76
1515816721;"2018/01/13 05:12:01";5.8;76
1515817029;"2018/01/13 05:17:09";5.8;76
1515817336;"2018/01/13 05:22:16";5.8;76
1515817644;"2018/01/13 05:27:24";5.8;76
1515817900;"2018/01/13 05:31:40";5.7;76
1515818208;"2018/01/13 05:36:48";5.7;76
1515818515;"2018/01/13 05:41:55";5.7;76
1515818823;"2018/01/13 05:47:03";5.7;76
1515819130;"2018/01/13 05:52:10";5.7;76
1515819437;"2018/01/13 05:57:17";5.7;76
1515819746;"2018/01/13 06:02:26";5.7;76
1515820054;"2018/01/13 06:07:34";5.7;76
1515820309;"2018/01/13 06:11:49";5.7;76
1515820616;"2018/01/13 06:16:56";5.7;76
1515820925;"2018/01/13 06:22:05";5.7;76
1515821233;"2018/01/13 06:27:13";5.7;76
1515821540;"2018/01/13 06:32:20";5.7;76
1515821848;"2018/01/13 06:37:28";5.7;76
1515822156;"2018/01/13 06:42:36";5.7;76
1515822463;"2018/01/13 06:47:43";5.7;76
1515822720;"2018/01/13 06:52:00";5.7;76
1515823027;"2018/01/13 06:57:07";5.7;76
1515823335;"2018/01/13 07:02:15";5.7;76
1515823642;"2018/01/13 07:07:22";5.7;76
1515823950;"2018/01/13 07:12:30";5.7;76
1515824258;"2018/01/13 07:17:38";5.7;76
1515824564;"2018/01/13 07:22:44";5.7;76
1515824821;"2018/01/13 07:27:01";5.7;76
1515825129;"2018/01/13 07:32:09";5.7;76
1515825437;"2018/01/13 07:37:17";5.7;76
1515825744;"2018/01/13 07:42:24";5.7;76
1515826052;"2018/01/13 07:47:32";5.7;76
1515826360;"2018/01/13 07:52:40";5.6;76
1515826667;"2018/01/13 07:57:47";5.6;76
1515826974;"2018/01/13 08:02:54";5.6;76
1515827230;"2018/01/13 08:07:10";5.6;76
1515827538;"2018/01/13 08:12:18";5.6;76
1515827846;"2018/01/13 08:17:26";5.6;76
1515828154;"2018/01/13 08:22:34";5.6;76
1515828462;"2018/01/13 08:27:42";5.6;76
1515828768;"2018/01/13 08:32:48";5.6;76
1515829076;"2018/01/13 08:37:56";5.6;76
1515829385;"2018/01/13 08:43:05";5.6;76
1515829641;"2018/01/13 08:47:21";5.6;76
1515829949;"2018/01/13 08:52:29";5.6;76
1515830256;"2018/01/13 08:57:36";5.6;76
1515830563;"2018/01/13 09:02:43";5.6;76
1515830870;"2018/01/13 09:07:50";5.6;76
1515831076;"2018/01/13 09:11:16";5.6;76
1515831383;"2018/01/13 09:16:23";5.6;76
1515831691;"2018/01/13 09:21:31";5.6;76
1515831999;"2018/01/13 09:26:39";5.6;76
1515832307;"2018/01/13 09:31:47";5.6;76
1515832563;"2018/01/13 09:36:03";5.6;76
1515832871;"2018/01/13 09:41:11";5.6;76
1515833178;"2018/01/13 09:46:18";5.6;76
1515833485;"2018/01/13 09:51:25";5.6;76
1515833794;"2018/01/13 09:56:34";5.6;76
1515834101;"2018/01/13 10:01:41";5.6;76
1515834408;"2018/01/13 10:06:48";5.6;76
1515834664;"2018/01/13 10:11:04";5.6;76
1515834973;"2018/01/13 10:16:13";5.6;76
1515835281;"2018/01/13 10:21:21";5.6;76
1515835588;"2018/01/13 10:26:28";5.6;76
1515835896;"2018/01/13 10:31:36";5.6;76
1515836203;"2018/01/13 10:36:43";5.6;76
1515836511;"2018/01/13 10:41:51";5.6;76
1515836819;"2018/01/13 10:46:59";5.6;76
1515837075;"2018/01/13 10:51:15";5.6;76
1515837382;"2018/01/13 10:56:22";5.6;76
1515837689;"2018/01/13 11:01:29";5.6;76
1515837894;"2018/01/13 11:04:54";5.6;76
1515838203;"2018/01/13 11:10:03";5.6;76
1515838511;"2018/01/13 11:15:11";5.6;76
1515838816;"2018/01/13 11:20:16";5.6;76
1515839073;"2018/01/13 11:24:33";5.6;76
1515839381;"2018/01/13 11:29:41";5.6;76
1515839689;"2018/01/13 11:34:49";5.6;76
1515839996;"2018/01/13 11:39:56";5.6;76
1515840304;"2018/01/13 11:45:04";5.6;76
1515840613;"2018/01/13 11:50:13";5.6;76
1515840920;"2018/01/13 11:55:20";5.6;76
1515841228;"2018/01/13 12:00:28";5.6;76
1515841484;"2018/01/13 12:04:44";5.6;76
1515841791;"2018/01/13 12:09:51";5.6;76
1515842098;"2018/01/13 12:14:58";5.6;76
1515842406;"2018/01/13 12:20:06";5.6;76
1515842714;"2018/01/13 12:25:14";5.6;76
1515843021;"2018/01/13 12:30:21";5.6;76
1515843329;"2018/01/13 12:35:29";5.6;76
1515843585;"2018/01/13 12:39:45";5.6;76
1515843893;"2018/01/13 12:44:53";5.6;76
1515844200;"2018/01/13 12:50:00";5.6;76
1515844508;"2018/01/13 12:55:08";5.6;76
1515844816;"2018/01/13 13:00:16";5.6;76
1515845072;"2018/01/13 13:04:32";5.6;76
1515848098;"2018/01/13 13:54:58";5.6;75
1515848354;"2018/01/13 13:59:14";5.6;75
1515848662;"2018/01/13 14:04:22";5.6;76
1515848970;"2018/01/13 14:09:30";5.6;76
1515849175;"2018/01/13 14:12:55";5.6;76
1515849327;"2018/01/13 14:15:27";5.6;76
1515851096;"2018/01/13 14:44:56";5.6;76
1515851354;"2018/01/13 14:49:14";5.6;76
1515851712;"2018/01/13 14:55:12";5.6;76
1515851763;"2018/01/13 14:56:03";5.6;76
1515853455;"2018/01/13 15:24:15";5.6;76
1515853815;"2018/01/13 15:30:15";5.6;76
1515854122;"2018/01/13 15:35:22";5.6;76
1515854378;"2018/01/13 15:39:38";5.6;75
1515854686;"2018/01/13 15:44:46";5.5;75
1515854993;"2018/01/13 15:49:53";5.5;75
1515855249;"2018/01/13 15:54:09";5.5;75
1515855602;"2018/01/13 16:00:02";5.5;75
1515855909;"2018/01/13 16:05:09";5.5;75
1515856217;"2018/01/13 16:10:17";5.5;75
1515856524;"2018/01/13 16:15:24";5.5;75
1515856781;"2018/01/13 16:19:41";5.5;75
1515857088;"2018/01/13 16:24:48";5.5;76
1515857293;"2018/01/13 16:28:13";5.5;75
1515857704;"2018/01/13 16:35:04";5.5;76
1515858012;"2018/01/13 16:40:12";5.5;76
1515858217;"2018/01/13 16:43:37";5.5;76
1515858627;"2018/01/13 16:50:27";5.5;76
1515858884;"2018/01/13 16:54:44";5.5;76
1515859190;"2018/01/13 16:59:50";5.5;76
1515859498;"2018/01/13 17:04:58";5.5;74
1515859704;"2018/01/13 17:08:24";5.4;74
1515859909;"2018/01/13 17:11:49";5.4;74
1515860877;"2018/01/13 17:27:57";5.4;75
1515861184;"2018/01/13 17:33:04";5.3;75
1515861492;"2018/01/13 17:38:12";5.4;75
1515861748;"2018/01/13 17:42:28";5.4;75
1515862056;"2018/01/13 17:47:36";5.4;75
1515862363;"2018/01/13 17:52:43";5.4;75
1515862671;"2018/01/13 17:57:51";5.4;75
1515862979;"2018/01/13 18:02:59";5.4;75
1515863286;"2018/01/13 18:08:06";5.4;75
1515863594;"2018/01/13 18:13:14";5.4;75
1515863902;"2018/01/13 18:18:22";5.4;75
1515864158;"2018/01/13 18:22:38";5.4;75
1515864465;"2018/01/13 18:27:45";5.4;75
1515864773;"2018/01/13 18:32:53";5.4;75
1515865081;"2018/01/13 18:38:01";5.4;75
1515865388;"2018/01/13 18:43:08";5.4;75
1515865696;"2018/01/13 18:48:16";5.4;75
1515866004;"2018/01/13 18:53:24";5.4;75
1515866311;"2018/01/13 18:58:31";5.4;75
1515866619;"2018/01/13 19:03:39";5.4;75
1515866875;"2018/01/13 19:07:55";5.4;75
1515867183;"2018/01/13 19:13:03";5.4;75
1515867490;"2018/01/13 19:18:10";5.4;75
1515867798;"2018/01/13 19:23:18";5.3;75
1515868106;"2018/01/13 19:28:26";5.3;75
1515868413;"2018/01/13 19:33:33";5.3;75
1515868721;"2018/01/13 19:38:41";5.3;75
1515869028;"2018/01/13 19:43:48";5.3;75
1515869336;"2018/01/13 19:48:56";5.3;75
1515869644;"2018/01/13 19:54:04";5.3;75
1515869900;"2018/01/13 19:58:20";5.3;75
1515870208;"2018/01/13 20:03:28";5.3;75
1515870515;"2018/01/13 20:08:35";5.3;75
1515870823;"2018/01/13 20:13:43";5.3;75
1515871131;"2018/01/13 20:18:51";5.3;75
1515871438;"2018/01/13 20:23:58";5.3;75
1515871746;"2018/01/13 20:29:06";5.3;75
1515872053;"2018/01/13 20:34:13";5.3;75
1515872361;"2018/01/13 20:39:21";5.3;75
1515872669;"2018/01/13 20:44:29";5.3;75
1515872925;"2018/01/13 20:48:45";5.3;75
1515873233;"2018/01/13 20:53:53";5.3;75
1515873540;"2018/01/13 20:59:00";5.3;75
1515873848;"2018/01/13 21:04:08";5.3;75
1515874155;"2018/01/13 21:09:15";5.3;75
1515874463;"2018/01/13 21:14:23";5.3;75
1515874771;"2018/01/13 21:19:31";5.3;75
1515875078;"2018/01/13 21:24:38";5.3;75
1515875386;"2018/01/13 21:29:46";5.3;75
1515875694;"2018/01/13 21:34:54";5.3;75
1515876001;"2018/01/13 21:40:01";5.3;75
1515876257;"2018/01/13 21:44:17";5.3;75
1515876565;"2018/01/13 21:49:25";5.3;75
1515876873;"2018/01/13 21:54:33";5.3;75
1515877129;"2018/01/13 21:58:49";5.2;75
1515877488;"2018/01/13 22:04:48";5.2;75
1515877796;"2018/01/13 22:09:56";5.2;75
1515878103;"2018/01/13 22:15:03";5.2;75
1515878411;"2018/01/13 22:20:11";5.2;75
1515878718;"2018/01/13 22:25:18";5.2;75
1515879026;"2018/01/13 22:30:26";5.2;75
1515879282;"2018/01/13 22:34:42";5.2;75
1515879590;"2018/01/13 22:39:50";5.2;75
1515879898;"2018/01/13 22:44:58";5.2;75
1515880205;"2018/01/13 22:50:05";5.2;75
1515880511;"2018/01/13 22:55:11";5.2;75
1515880818;"2018/01/13 23:00:18";5.2;75
1515881126;"2018/01/13 23:05:26";5.2;75
1515881434;"2018/01/13 23:10:34";5.2;75
1515881743;"2018/01/13 23:15:43";5.2;76
1515882051;"2018/01/13 23:20:51";5.2;75
1515882307;"2018/01/13 23:25:07";5.2;75
1515882615;"2018/01/13 23:30:15";5.2;75
1515882922;"2018/01/13 23:35:22";5.2;75
1515883229;"2018/01/13 23:40:29";5.2;75
1515883538;"2018/01/13 23:45:38";5.2;76
1515883845;"2018/01/13 23:50:45";5.2;75
1515884153;"2018/01/13 23:55:53";5.2;75
1515884461;"2018/01/14 00:01:01";5.2;75
1515884768;"2018/01/14 00:06:08";5.2;76
1515885076;"2018/01/14 00:11:16";5.2;75
1515885383;"2018/01/14 00:16:23";5.2;76
1515885691;"2018/01/14 00:21:31";5.2;76
1515885947;"2018/01/14 00:25:47";5.2;76
1515886255;"2018/01/14 00:30:55";5.2;76
1515886562;"2018/01/14 00:36:02";5.2;76
1515886869;"2018/01/14 00:41:09";5.2;76
1515887178;"2018/01/14 00:46:18";5.2;75
1515887486;"2018/01/14 00:51:26";5.2;75
1515887793;"2018/01/14 00:56:33";5.2;75
1515888101;"2018/01/14 01:01:41";5.2;75
1515888408;"2018/01/14 01:06:48";5.2;76
1515888716;"2018/01/14 01:11:56";5.2;76
1515889023;"2018/01/14 01:17:03";5.2;75
1515889279;"2018/01/14 01:21:19";5.2;75
1515889587;"2018/01/14 01:26:27";5.2;75
1515889894;"2018/01/14 01:31:34";5.2;76
1515890202;"2018/01/14 01:36:42";5.2;76
1515890509;"2018/01/14 01:41:49";5.2;75
1515890818;"2018/01/14 01:46:58";5.2;75
1515891126;"2018/01/14 01:52:06";5.2;75
1515891433;"2018/01/14 01:57:13";5.2;75
1515891741;"2018/01/14 02:02:21";5.2;75
1515892049;"2018/01/14 02:07:29";5.2;75
1515892356;"2018/01/14 02:12:36";5.2;75
1515892664;"2018/01/14 02:17:44";5.2;75
1515892920;"2018/01/14 02:22:00";5.2;75
1515893228;"2018/01/14 02:27:08";5.2;75
1515893535;"2018/01/14 02:32:15";5.2;75
1515893842;"2018/01/14 02:37:22";5.2;75
1515894150;"2018/01/14 02:42:30";5.2;75
1515894457;"2018/01/14 02:47:37";5.2;75
1515894765;"2018/01/14 02:52:45";5.2;75
1515895072;"2018/01/14 02:57:52";5.2;75
1515895380;"2018/01/14 03:03:00";5.2;75
1515895689;"2018/01/14 03:08:09";5.2;75
1515895996;"2018/01/14 03:13:16";5.2;75
1515896304;"2018/01/14 03:18:24";5.2;75
1515896560;"2018/01/14 03:22:40";5.2;75
1515896867;"2018/01/14 03:27:47";5.2;75
1515897174;"2018/01/14 03:32:54";5.2;75
1515897483;"2018/01/14 03:38:03";5.2;75
1515897791;"2018/01/14 03:43:11";5.2;75
1515898098;"2018/01/14 03:48:18";5.1;75
1515898406;"2018/01/14 03:53:26";5.1;75
1515898713;"2018/01/14 03:58:33";5.1;75
1515899020;"2018/01/14 04:03:40";5.1;76
1515899329;"2018/01/14 04:08:49";5.1;75
1515899636;"2018/01/14 04:13:56";5.1;75
1515899943;"2018/01/14 04:19:03";5.1;75
1515900251;"2018/01/14 04:24:11";5.1;75
1515900507;"2018/01/14 04:28:27";5.1;75
1515900815;"2018/01/14 04:33:35";5.1;75
1515901122;"2018/01/14 04:38:42";5.1;75
1515901430;"2018/01/14 04:43:50";5.1;75
1515901737;"2018/01/14 04:48:57";5.1;75
1515901994;"2018/01/14 04:53:14";5.1;75
1515902353;"2018/01/14 04:59:13";5.1;75
1515902660;"2018/01/14 05:04:20";5.1;75
1515902968;"2018/01/14 05:09:28";5.1;75
1515903276;"2018/01/14 05:14:36";5.1;75
1515903584;"2018/01/14 05:19:44";5.1;75
1515903840;"2018/01/14 05:24:00";5.1;75
1515904148;"2018/01/14 05:29:08";5.1;75
1515904456;"2018/01/14 05:34:16";5.1;75
1515904711;"2018/01/14 05:38:31";5.1;75
1515905070;"2018/01/14 05:44:30";5.1;75
1515905379;"2018/01/14 05:49:39";5.1;75
1515905686;"2018/01/14 05:54:46";5.1;75
1515905993;"2018/01/14 05:59:53";5.1;75
1515906300;"2018/01/14 06:05:00";5.1;75
1515906609;"2018/01/14 06:10:09";5.1;75
1515906917;"2018/01/14 06:15:17";5.1;76
1515907224;"2018/01/14 06:20:24";5.1;75
1515907532;"2018/01/14 06:25:32";5.1;75
1515907788;"2018/01/14 06:29:48";5.1;75
1515908096;"2018/01/14 06:34:56";5.1;75
1515908402;"2018/01/14 06:40:02";5.1;75
1515908710;"2018/01/14 06:45:10";5.1;75
1515909019;"2018/01/14 06:50:19";5.1;75
1515909326;"2018/01/14 06:55:26";5.1;75
1515909634;"2018/01/14 07:00:34";5.1;75
1515909942;"2018/01/14 07:05:42";5.1;75
1515910248;"2018/01/14 07:10:48";5.1;75
1515910556;"2018/01/14 07:15:56";5.1;75
1515910863;"2018/01/14 07:21:03";5.1;75
1515911171;"2018/01/14 07:26:11";5.1;75
1515911427;"2018/01/14 07:30:27";5.1;75
1515911735;"2018/01/14 07:35:35";5.1;75
1515912044;"2018/01/14 07:40:44";5.1;75
1515912351;"2018/01/14 07:45:51";5.1;75
1515912658;"2018/01/14 07:50:58";5.1;75
1515912965;"2018/01/14 07:56:05";5.1;75
1515913274;"2018/01/14 08:01:14";5.1;75
1515913582;"2018/01/14 08:06:22";5.1;75
1515913888;"2018/01/14 08:11:28";5.1;75
1515914196;"2018/01/14 08:16:36";5.1;75
1515914505;"2018/01/14 08:21:45";5.1;75
1515914812;"2018/01/14 08:26:52";5.1;75
1515915068;"2018/01/14 08:31:08";5.1;75
1515915375;"2018/01/14 08:36:15";5.1;75
1515915683;"2018/01/14 08:41:23";5.1;75
1515915990;"2018/01/14 08:46:30";5;75
1515916299;"2018/01/14 08:51:39";5;75
1515916607;"2018/01/14 08:56:47";5.1;75
1515916913;"2018/01/14 09:01:53";5;75
1515917221;"2018/01/14 09:07:01";5;75
1515917477;"2018/01/14 09:11:17";5;75
1515917836;"2018/01/14 09:17:16";5;75
1515918144;"2018/01/14 09:22:24";5;75
1515918451;"2018/01/14 09:27:31";5;75
1515918708;"2018/01/14 09:31:48";5;75
1515919015;"2018/01/14 09:36:55";5;75
1515919324;"2018/01/14 09:42:04";5;75
1515919632;"2018/01/14 09:47:12";5;75
1515919939;"2018/01/14 09:52:19";5;75
1515920247;"2018/01/14 09:57:27";5;75
1515920553;"2018/01/14 10:02:33";5;75
1515920861;"2018/01/14 10:07:41";5;75
1515921169;"2018/01/14 10:12:49";5;75
1515921476;"2018/01/14 10:17:56";5;75
1515921784;"2018/01/14 10:23:04";4.9;73
1515922091;"2018/01/14 10:28:11";4.8;74
1515922348;"2018/01/14 10:32:28";4.8;74
1515922655;"2018/01/14 10:37:35";4.8;74
1515922963;"2018/01/14 10:42:43";4.8;74
1515923271;"2018/01/14 10:47:51";4.8;74
1515923578;"2018/01/14 10:52:58";4.8;75
1515923886;"2018/01/14 10:58:06";4.8;75
1515924195;"2018/01/14 11:03:15";4.8;75
1515924502;"2018/01/14 11:08:22";4.9;75
1515924809;"2018/01/14 11:13:29";4.9;75
1515925116;"2018/01/14 11:18:36";4.9;75
1515925373;"2018/01/14 11:22:53";4.9;75
1515925680;"2018/01/14 11:28:00";4.9;75
1515925988;"2018/01/14 11:33:08";4.9;75
1515926296;"2018/01/14 11:38:16";4.9;75
1515926603;"2018/01/14 11:43:23";4.9;75
1515926911;"2018/01/14 11:48:31";4.9;75
1515927218;"2018/01/14 11:53:38";4.9;75
1515927526;"2018/01/14 11:58:46";4.9;75
1515927834;"2018/01/14 12:03:54";4.9;75
1515928141;"2018/01/14 12:09:01";4.9;73
1515928449;"2018/01/14 12:14:09";4.8;73
1515928705;"2018/01/14 12:18:25";4.8;74
1515929013;"2018/01/14 12:23:33";4.8;74
1515929320;"2018/01/14 12:28:40";4.8;74
1515929628;"2018/01/14 12:33:48";4.8;74
1515929936;"2018/01/14 12:38:56";4.8;74
1515930243;"2018/01/14 12:44:03";4.8;74
1515930551;"2018/01/14 12:49:11";4.8;74
1515930859;"2018/01/14 12:54:19";4.8;73
1515931115;"2018/01/14 12:58:35";4.7;73
1515931423;"2018/01/14 13:03:43";4.7;74
1515931730;"2018/01/14 13:08:50";4.7;74
1515932038;"2018/01/14 13:13:58";4.7;74
1515932345;"2018/01/14 13:19:05";4.8;74
1515932653;"2018/01/14 13:24:13";4.8;74
1515932961;"2018/01/14 13:29:21";4.8;74
1515933217;"2018/01/14 13:33:37";4.8;74
1515933525;"2018/01/14 13:38:45";4.8;74
1515933832;"2018/01/14 13:43:52";4.8;74
1515934140;"2018/01/14 13:49:00";4.8;74
1515934447;"2018/01/14 13:54:07";4.8;74
1515934755;"2018/01/14 13:59:15";4.9;74
1515935063;"2018/01/14 14:04:23";4.9;74
1515935370;"2018/01/14 14:09:30";4.9;74
1515935627;"2018/01/14 14:13:47";4.9;74
1515935934;"2018/01/14 14:18:54";4.9;75
1515936242;"2018/01/14 14:24:02";4.9;74
1515936549;"2018/01/14 14:29:09";4.9;74
1515936857;"2018/01/14 14:34:17";4.8;73
1515937165;"2018/01/14 14:39:25";4.8;73
1515937472;"2018/01/14 14:44:32";4.8;73
1515937729;"2018/01/14 14:48:49";4.8;74
1515938036;"2018/01/14 14:53:56";4.8;74
1515938293;"2018/01/14 14:58:13";4.8;74
1515938652;"2018/01/14 15:04:12";4.8;74
1515938959;"2018/01/14 15:09:19";4.8;74
1515939267;"2018/01/14 15:14:27";4.8;74
1515939574;"2018/01/14 15:19:34";4.8;74
1515939831;"2018/01/14 15:23:51";4.8;74
1515940138;"2018/01/14 15:28:58";4.8;74
1515940446;"2018/01/14 15:34:06";4.8;74
1515940754;"2018/01/14 15:39:14";4.8;74
1515941061;"2018/01/14 15:44:21";4.8;74
1515941369;"2018/01/14 15:49:29";4.8;74
1515941676;"2018/01/14 15:54:36";4.8;74
1515941984;"2018/01/14 15:59:44";4.8;74
1515942240;"2018/01/14 16:04:00";4.8;74
1515942548;"2018/01/14 16:09:08";4.8;74
1515942856;"2018/01/14 16:14:16";4.8;74
1515943163;"2018/01/14 16:19:23";4.8;74
1515943471;"2018/01/14 16:24:31";4.8;74
1515943778;"2018/01/14 16:29:38";4.8;74
1515944086;"2018/01/14 16:34:46";4.8;74
1515944342;"2018/01/14 16:39:02";4.8;74
1515944650;"2018/01/14 16:44:10";4.8;74
1515944958;"2018/01/14 16:49:18";4.8;74
1515945265;"2018/01/14 16:54:25";4.7;74
1515945573;"2018/01/14 16:59:33";4.7;74
1515945880;"2018/01/14 17:04:40";4.7;74
1515946187;"2018/01/14 17:09:47";4.7;74
1515946496;"2018/01/14 17:14:56";4.7;74
1515946752;"2018/01/14 17:19:12";4.7;74
1515947060;"2018/01/14 17:24:20";4.7;74
1515947367;"2018/01/14 17:29:27";4.7;74
1515947675;"2018/01/14 17:34:35";4.7;74
1515947983;"2018/01/14 17:39:43";4.7;74
1515948290;"2018/01/14 17:44:50";4.7;75
1515948598;"2018/01/14 17:49:58";4.7;75
1515948904;"2018/01/14 17:55:04";4.7;75
1515949161;"2018/01/14 17:59:21";4.7;75
1515949418;"2018/01/14 18:03:38";4.7;75
1515949777;"2018/01/14 18:09:37";4.7;75
1515950085;"2018/01/14 18:14:45";4.7;75
1515950392;"2018/01/14 18:19:52";4.7;75
1515950700;"2018/01/14 18:25:00";4.7;75
1515951007;"2018/01/14 18:30:07";4.7;75
1515951264;"2018/01/14 18:34:24";4.7;74
1515951571;"2018/01/14 18:39:31";4.7;74
1515951878;"2018/01/14 18:44:38";4.7;74
1515952186;"2018/01/14 18:49:46";4.7;74
1515952494;"2018/01/14 18:54:54";4.7;74
1515952802;"2018/01/14 19:00:02";4.6;74
1515953110;"2018/01/14 19:05:10";4.6;74
1515953417;"2018/01/14 19:10:17";4.6;75
1515953725;"2018/01/14 19:15:25";4.6;74
1515953981;"2018/01/14 19:19:41";4.6;75
1515954289;"2018/01/14 19:24:49";4.6;75
1515954596;"2018/01/14 19:29:56";4.6;75
1515954904;"2018/01/14 19:35:04";4.6;75
1515955212;"2018/01/14 19:40:12";4.6;75
1515955519;"2018/01/14 19:45:19";4.6;74
1515955826;"2018/01/14 19:50:26";4.6;74
1515956133;"2018/01/14 19:55:33";4.6;74
1515956390;"2018/01/14 19:59:50";4.6;75
1515956697;"2018/01/14 20:04:57";4.6;74
1515957005;"2018/01/14 20:10:05";4.6;75
1515957313;"2018/01/14 20:15:13";4.6;75
1515957620;"2018/01/14 20:20:20";4.6;75
1515957928;"2018/01/14 20:25:28";4.6;75
1515958235;"2018/01/14 20:30:35";4.6;75
1515958543;"2018/01/14 20:35:43";4.6;75
1515958800;"2018/01/14 20:40:00";4.6;75
1515959108;"2018/01/14 20:45:08";4.6;75
1515959415;"2018/01/14 20:50:15";4.6;75
1515959722;"2018/01/14 20:55:22";4.6;75
1515960031;"2018/01/14 21:00:31";4.5;75
1515960339;"2018/01/14 21:05:39";4.5;75
1515960645;"2018/01/14 21:10:45";4.5;75
1515960901;"2018/01/14 21:15:01";4.5;75
1515961210;"2018/01/14 21:20:10";4.5;75
1515961518;"2018/01/14 21:25:18";4.5;75
1515961824;"2018/01/14 21:30:24";4.5;75
1515962132;"2018/01/14 21:35:32";4.5;75
1515962389;"2018/01/14 21:39:49";4.5;75
1515962748;"2018/01/14 21:45:48";4.5;75
1515963055;"2018/01/14 21:50:55";4.5;75
1515963311;"2018/01/14 21:55:11";4.5;75
1515963619;"2018/01/14 22:00:19";4.5;75
1515963926;"2018/01/14 22:05:26";4.5;75
1515964234;"2018/01/14 22:10:34";4.5;75
1515964542;"2018/01/14 22:15:42";4.5;75
1515964850;"2018/01/14 22:20:50";4.5;75
1515965158;"2018/01/14 22:25:58";4.5;75
1515965413;"2018/01/14 22:30:13";4.5;75
1515965721;"2018/01/14 22:35:21";4.5;75
1515966028;"2018/01/14 22:40:28";4.5;75
1515966336;"2018/01/14 22:45:36";4.5;75
1515966645;"2018/01/14 22:50:45";4.5;75
1515966952;"2018/01/14 22:55:52";4.5;75
1515967260;"2018/01/14 23:01:00";4.5;75
1515967568;"2018/01/14 23:06:08";4.5;74
1515967824;"2018/01/14 23:10:24";4.5;74
1515968131;"2018/01/14 23:15:31";4.5;74
1515968438;"2018/01/14 23:20:38";4.5;74
1515968746;"2018/01/14 23:25:46";4.5;74
1515969053;"2018/01/14 23:30:53";4.5;75
1515969361;"2018/01/14 23:36:01";4.5;74
1515969670;"2018/01/14 23:41:10";4.5;74
1515969977;"2018/01/14 23:46:17";4.5;74
1515970233;"2018/01/14 23:50:33";4.5;74
1515970540;"2018/01/14 23:55:40";4.4;74
1515970849;"2018/01/15 00:00:49";4.4;74
1515971156;"2018/01/15 00:05:56";4.4;74
1515971463;"2018/01/15 00:11:03";4.4;74
1515971771;"2018/01/15 00:16:11";4.4;75
1515972078;"2018/01/15 00:21:18";4.4;75
1515972335;"2018/01/15 00:25:35";4.4;75
1515972643;"2018/01/15 00:30:43";4.4;75
1515972951;"2018/01/15 00:35:51";4.4;74
1515973257;"2018/01/15 00:40:57";4.4;74
1515973565;"2018/01/15 00:46:05";4.4;75
1515973873;"2018/01/15 00:51:13";4.4;75
1515974180;"2018/01/15 00:56:20";4.4;75
1515974438;"2018/01/15 01:00:38";4.4;75
1515974745;"2018/01/15 01:05:45";4.4;75
1515975052;"2018/01/15 01:10:52";4.4;75
1515975359;"2018/01/15 01:15:59";4.4;75
1515975667;"2018/01/15 01:21:07";4.4;75
1515975975;"2018/01/15 01:26:15";4.4;75
1515976282;"2018/01/15 01:31:22";4.4;75
1515976590;"2018/01/15 01:36:30";4.4;75
1515976846;"2018/01/15 01:40:46";4.4;75
1515977103;"2018/01/15 01:45:03";4.4;75
1515977462;"2018/01/15 01:51:02";4.4;75
1515977769;"2018/01/15 01:56:09";4.4;75
1515978078;"2018/01/15 02:01:18";4.4;75
1515978385;"2018/01/15 02:06:25";4.4;75
1515978692;"2018/01/15 02:11:32";4.4;75
1515978948;"2018/01/15 02:15:48";4.4;75
1515979257;"2018/01/15 02:20:57";4.4;75
1515979565;"2018/01/15 02:26:05";4.4;75
1515979871;"2018/01/15 02:31:11";4.4;75
1515980179;"2018/01/15 02:36:19";4.4;75
1515980486;"2018/01/15 02:41:26";4.4;75
1515980794;"2018/01/15 02:46:34";4.4;75
1515981102;"2018/01/15 02:51:42";4.4;75
1515981358;"2018/01/15 02:55:58";4.4;75
1515981666;"2018/01/15 03:01:06";4.4;75
1515981973;"2018/01/15 03:06:13";4.4;75
1515982281;"2018/01/15 03:11:21";4.4;75
1515982588;"2018/01/15 03:16:28";4.4;75
1515982896;"2018/01/15 03:21:36";4.4;75
1515983204;"2018/01/15 03:26:44";4.4;75
1515983460;"2018/01/15 03:31:00";4.4;75
1515983768;"2018/01/15 03:36:08";4.4;75
1515984075;"2018/01/15 03:41:15";4.4;75
1515984383;"2018/01/15 03:46:23";4.4;75
1515984691;"2018/01/15 03:51:31";4.4;75
1515984998;"2018/01/15 03:56:38";4.4;75
1515985306;"2018/01/15 04:01:46";4.4;75
1515985613;"2018/01/15 04:06:53";4.4;75
1515985870;"2018/01/15 04:11:10";4.4;75
1515986177;"2018/01/15 04:16:17";4.4;75
1515986485;"2018/01/15 04:21:25";4.4;75
1515986793;"2018/01/15 04:26:33";4.4;75
1515987100;"2018/01/15 04:31:40";4.4;75
1515987408;"2018/01/15 04:36:48";4.4;75
1515987715;"2018/01/15 04:41:55";4.4;75
1515987972;"2018/01/15 04:46:12";4.4;75
1515988279;"2018/01/15 04:51:19";4.4;75
1515988587;"2018/01/15 04:56:27";4.4;75
1515988895;"2018/01/15 05:01:35";4.4;75
1515989202;"2018/01/15 05:06:42";4.4;75
1515989510;"2018/01/15 05:11:50";4.4;75
1515989818;"2018/01/15 05:16:58";4.4;75
1515990125;"2018/01/15 05:22:05";4.4;75
1515990381;"2018/01/15 05:26:21";4.4;75
1515990689;"2018/01/15 05:31:29";4.4;75
1515990997;"2018/01/15 05:36:37";4.4;75
1515991304;"2018/01/15 05:41:44";4.4;75
1515991612;"2018/01/15 05:46:52";4.4;75
1515991920;"2018/01/15 05:52:00";4.4;75
1515992227;"2018/01/15 05:57:07";4.4;75
1515992484;"2018/01/15 06:01:24";4.4;75
1515992791;"2018/01/15 06:06:31";4.4;75
1515993099;"2018/01/15 06:11:39";4.4;75
1515993406;"2018/01/15 06:16:46";4.4;75
1515993714;"2018/01/15 06:21:54";4.4;75
1515994022;"2018/01/15 06:27:02";4.4;75
1515994329;"2018/01/15 06:32:09";4.4;75
1515994637;"2018/01/15 06:37:17";4.4;75
1515994893;"2018/01/15 06:41:33";4.4;75
1515995201;"2018/01/15 06:46:41";4.4;75
1515995508;"2018/01/15 06:51:48";4.4;75
1515995816;"2018/01/15 06:56:56";4.4;75
1515996124;"2018/01/15 07:02:04";4.4;75
1515996431;"2018/01/15 07:07:11";4.4;75
1515996739;"2018/01/15 07:12:19";4.4;75
1515996995;"2018/01/15 07:16:35";4.4;75
1515997303;"2018/01/15 07:21:43";4.4;75
1515997610;"2018/01/15 07:26:50";4.4;75
1515997917;"2018/01/15 07:31:57";4.4;75
1515998225;"2018/01/15 07:37:05";4.4;75
1515998533;"2018/01/15 07:42:13";4.4;75
1515998841;"2018/01/15 07:47:21";4.4;73
1515999097;"2018/01/15 07:51:37";4.3;74
1515999405;"2018/01/15 07:56:45";4.2;73
1515999713;"2018/01/15 08:01:53";4.2;73
1516000020;"2018/01/15 08:07:00";4.2;72
1516000327;"2018/01/15 08:12:07";4.1;73
1516000634;"2018/01/15 08:17:14";4.1;73
1516000943;"2018/01/15 08:22:23";4.1;73
1516001251;"2018/01/15 08:27:31";4;73
1516001506;"2018/01/15 08:31:46";4;73
1516001814;"2018/01/15 08:36:54";4;73
1516002122;"2018/01/15 08:42:02";4.1;74
1516002430;"2018/01/15 08:47:10";4.1;74
1516002737;"2018/01/15 08:52:17";4.1;74
1516003045;"2018/01/15 08:57:25";4.1;74
1516003353;"2018/01/15 09:02:33";4.1;74
1516003609;"2018/01/15 09:06:49";4.1;74
1516003917;"2018/01/15 09:11:57";4.1;74
1516004224;"2018/01/15 09:17:04";4.2;74
1516004532;"2018/01/15 09:22:12";4.2;74
1516004839;"2018/01/15 09:27:19";4.2;74
1516005147;"2018/01/15 09:32:27";4.2;74
1516005403;"2018/01/15 09:36:43";4.2;74
1516005762;"2018/01/15 09:42:42";4.2;74
1516006019;"2018/01/15 09:46:59";4.2;74
1516006325;"2018/01/15 09:52:05";4.2;74
1516006633;"2018/01/15 09:57:13";4.3;74
1516006941;"2018/01/15 10:02:21";4.3;74
1516007248;"2018/01/15 10:07:28";4.3;74
1516007557;"2018/01/15 10:12:37";4.3;74
1516007864;"2018/01/15 10:17:44";4.3;74
1516008171;"2018/01/15 10:22:51";4.3;74
1516008479;"2018/01/15 10:27:59";4.3;74
1516008736;"2018/01/15 10:32:16";4.3;74
1516009044;"2018/01/15 10:37:24";4.3;74
1516009351;"2018/01/15 10:42:31";4.3;74
1516009659;"2018/01/15 10:47:39";4.4;74
1516009965;"2018/01/15 10:52:45";4.4;74
1516010273;"2018/01/15 10:57:53";4.4;74
1516010582;"2018/01/15 11:03:02";4.4;74
1516010889;"2018/01/15 11:08:09";4.4;74
1516011146;"2018/01/15 11:12:26";4.4;74
1516011453;"2018/01/15 11:17:33";4.4;74
1516011761;"2018/01/15 11:22:41";4.4;74
1516012068;"2018/01/15 11:27:48";4.4;74
1516012376;"2018/01/15 11:32:56";4.4;74
1516012684;"2018/01/15 11:38:04";4.4;74
1516012991;"2018/01/15 11:43:11";4.5;74
1516013299;"2018/01/15 11:48:19";4.5;74
1516013606;"2018/01/15 11:53:26";4.5;74
1516013913;"2018/01/15 11:58:33";4.5;74
1516014222;"2018/01/15 12:03:42";4.5;74
1516014478;"2018/01/15 12:07:58";4.5;74
1516014786;"2018/01/15 12:13:06";4.5;74
1516015093;"2018/01/15 12:18:13";4.5;74
1516015401;"2018/01/15 12:23:21";4.5;74
1516015709;"2018/01/15 12:28:29";4.5;74
1516016016;"2018/01/15 12:33:36";4.5;74
1516016324;"2018/01/15 12:38:44";4.6;74
1516016631;"2018/01/15 12:43:51";4.6;74
1516016939;"2018/01/15 12:48:59";4.6;74
1516017247;"2018/01/15 12:54:07";4.6;74
1516017503;"2018/01/15 12:58:23";4.6;74
1516017811;"2018/01/15 13:03:31";4.6;74
1516018118;"2018/01/15 13:08:38";4.6;74
1516018425;"2018/01/15 13:13:45";4.6;74
1516018733;"2018/01/15 13:18:53";4.6;74
1516019041;"2018/01/15 13:24:01";4.6;74
1516019349;"2018/01/15 13:29:09";4.6;74
1516019656;"2018/01/15 13:34:16";4.6;74
1516019964;"2018/01/15 13:39:24";4.6;74
1516020272;"2018/01/15 13:44:32";4.6;74
1516020579;"2018/01/15 13:49:39";4.6;74
1516020887;"2018/01/15 13:54:47";4.6;74
1516021143;"2018/01/15 13:59:03";4.6;74
1516021450;"2018/01/15 14:04:10";4.6;74
1516021757;"2018/01/15 14:09:17";4.6;74
1516022066;"2018/01/15 14:14:26";4.6;74
1516022271;"2018/01/15 14:17:51";4.7;74
1516022476;"2018/01/15 14:21:16";4.7;74
1516022989;"2018/01/15 14:29:49";4.7;74
1516023296;"2018/01/15 14:34:56";4.7;74
1516023603;"2018/01/15 14:40:03";4.7;74
1516023912;"2018/01/15 14:45:12";4.7;74
1516024168;"2018/01/15 14:49:28";4.7;74
1516024674;"2018/01/15 14:57:54";4.7;74
1516025340;"2018/01/15 15:09:00";4.7;74
1516025647;"2018/01/15 15:14:07";4.7;74
1516025955;"2018/01/15 15:19:15";4.7;74
1516026263;"2018/01/15 15:24:23";4.7;74
1516026519;"2018/01/15 15:28:39";4.7;74
1516026930;"2018/01/15 15:35:30";4.7;74
1516027238;"2018/01/15 15:40:38";4.7;74
1516027545;"2018/01/15 15:45:45";4.7;74
1516027853;"2018/01/15 15:50:53";4.7;74
1516028160;"2018/01/15 15:56:00";4.7;74
1516028416;"2018/01/15 16:00:16";4.7;74
1516028725;"2018/01/15 16:05:25";4.6;74
1516029032;"2018/01/15 16:10:32";4.7;74
1516029236;"2018/01/15 16:13:56";4.7;74
1516029595;"2018/01/15 16:19:55";4.7;74
1516029955;"2018/01/15 16:25:55";4.6;74
1516030263;"2018/01/15 16:31:03";4.6;74
1516030519;"2018/01/15 16:35:19";4.6;74
1516030827;"2018/01/15 16:40:27";4.5;74
1516031134;"2018/01/15 16:45:34";4.5;74
1516031442;"2018/01/15 16:50:42";4.5;74
1516031749;"2018/01/15 16:55:49";4.5;74
1516032056;"2018/01/15 17:00:56";4.5;74
1516032364;"2018/01/15 17:06:04";4.6;74
1516032671;"2018/01/15 17:11:11";4.6;74
1516032979;"2018/01/15 17:16:19";4.6;74
1516033235;"2018/01/15 17:20:35";4.6;74
1516033543;"2018/01/15 17:25:43";4.6;74
1516033851;"2018/01/15 17:30:51";4.6;74
1516034158;"2018/01/15 17:35:58";4.6;74
1516034466;"2018/01/15 17:41:06";4.6;74
1516034774;"2018/01/15 17:46:14";4.6;74
1516035082;"2018/01/15 17:51:22";4.6;74
1516035390;"2018/01/15 17:56:30";4.6;74
1516035646;"2018/01/15 18:00:46";4.6;74
1516035953;"2018/01/15 18:05:53";4.6;74
1516036260;"2018/01/15 18:11:00";4.6;74
1516036568;"2018/01/15 18:16:08";4.6;74
1516036876;"2018/01/15 18:21:16";4.6;74
1516037182;"2018/01/15 18:26:22";4.6;74
1516037490;"2018/01/15 18:31:30";4.6;74
1516037798;"2018/01/15 18:36:38";4.6;74
1516038055;"2018/01/15 18:40:55";4.6;74
1516038362;"2018/01/15 18:46:02";4.6;74
1516038670;"2018/01/15 18:51:10";4.6;74
1516038978;"2018/01/15 18:56:18";4.6;74
1516039285;"2018/01/15 19:01:25";4.6;74
1516039593;"2018/01/15 19:06:33";4.7;74
1516039900;"2018/01/15 19:11:40";4.7;74
1516040157;"2018/01/15 19:15:57";4.7;74
1516040464;"2018/01/15 19:21:04";4.7;74
1516040772;"2018/01/15 19:26:12";4.7;74
1516041080;"2018/01/15 19:31:20";4.7;74
1516041387;"2018/01/15 19:36:27";4.7;74
1516041695;"2018/01/15 19:41:35";4.7;74
1516042003;"2018/01/15 19:46:43";4.7;74
1516042311;"2018/01/15 19:51:51";4.7;74
1516042566;"2018/01/15 19:56:06";4.7;74
1516042874;"2018/01/15 20:01:14";4.7;74
1516043182;"2018/01/15 20:06:22";4.7;74
1516043489;"2018/01/15 20:11:29";4.7;74
1516043797;"2018/01/15 20:16:37";4.8;74
1516044105;"2018/01/15 20:21:45";4.8;74
1516044412;"2018/01/15 20:26:52";4.8;74
1516044668;"2018/01/15 20:31:08";4.8;74
1516044976;"2018/01/15 20:36:16";4.8;74
1516045284;"2018/01/15 20:41:24";4.8;75
1516045591;"2018/01/15 20:46:31";4.8;75
1516045899;"2018/01/15 20:51:39";4.8;75
1516046207;"2018/01/15 20:56:47";4.8;75
1516046514;"2018/01/15 21:01:54";4.8;75
1516046771;"2018/01/15 21:06:11";4.8;75
1516046924;"2018/01/15 21:08:44";4.8;75
1516047898;"2018/01/15 21:24:58";4.8;75
1516048104;"2018/01/15 21:28:24";4.8;75
1516048514;"2018/01/15 21:35:14";4.8;75
1516048924;"2018/01/15 21:42:04";4.8;75
1516049078;"2018/01/15 21:44:38";4.8;75
1516049488;"2018/01/15 21:51:28";4.8;75
1516051551;"2018/01/15 22:25:51";4.8;75
1516052122;"2018/01/15 22:35:22";4.8;75
1516052429;"2018/01/15 22:40:29";4.8;75
1516052737;"2018/01/15 22:45:37";4.8;75
1516053045;"2018/01/15 22:50:45";4.8;75
1516053352;"2018/01/15 22:55:52";4.8;75
1516053660;"2018/01/15 23:01:00";4.8;75
1516053916;"2018/01/15 23:05:16";4.8;75
1516054224;"2018/01/15 23:10:24";4.8;75
1516054531;"2018/01/15 23:15:31";4.8;75
1516054839;"2018/01/15 23:20:39";4.8;75
1516055147;"2018/01/15 23:25:47";4.8;75
1516055454;"2018/01/15 23:30:54";4.8;75
1516055711;"2018/01/15 23:35:11";4.8;75
1516056070;"2018/01/15 23:41:10";4.8;75
1516056326;"2018/01/15 23:45:26";4.8;75
1516056634;"2018/01/15 23:50:34";4.8;75
1516056941;"2018/01/15 23:55:41";4.8;75
1516057249;"2018/01/16 00:00:49";4.8;75
1516057556;"2018/01/16 00:05:56";4.8;75
1516057864;"2018/01/16 00:11:04";4.8;75
1516058172;"2018/01/16 00:16:12";4.8;75
1516058428;"2018/01/16 00:20:28";4.8;75
1516058736;"2018/01/16 00:25:36";4.8;75
1516059042;"2018/01/16 00:30:42";4.8;75
1516059350;"2018/01/16 00:35:50";4.8;75
1516059658;"2018/01/16 00:40:58";4.8;75
1516059966;"2018/01/16 00:46:06";4.8;75
1516060274;"2018/01/16 00:51:14";4.8;75
1516060581;"2018/01/16 00:56:21";4.8;75
1516060838;"2018/01/16 01:00:38";4.8;75
1516061145;"2018/01/16 01:05:45";4.8;75
1516061452;"2018/01/16 01:10:52";4.8;75
1516061759;"2018/01/16 01:15:59";4.8;75
1516062017;"2018/01/16 01:20:17";4.8;75
1516062376;"2018/01/16 01:26:16";4.8;75
1516062683;"2018/01/16 01:31:23";4.8;75
1516062991;"2018/01/16 01:36:31";4.8;75
1516063247;"2018/01/16 01:40:47";4.8;75
1516063555;"2018/01/16 01:45:55";4.8;75
1516063862;"2018/01/16 01:51:02";4.8;75
1516064169;"2018/01/16 01:56:09";4.8;75
1516064478;"2018/01/16 02:01:18";4.8;75
1516064785;"2018/01/16 02:06:25";4.8;75
1516065093;"2018/01/16 02:11:33";4.8;75
1516065349;"2018/01/16 02:15:49";4.8;75
1516065657;"2018/01/16 02:20:57";4.8;75
1516065965;"2018/01/16 02:26:05";4.8;75
1516066272;"2018/01/16 02:31:12";4.8;75
1516066580;"2018/01/16 02:36:20";4.8;75
1516066886;"2018/01/16 02:41:26";4.8;75
1516067194;"2018/01/16 02:46:34";4.8;75
1516067450;"2018/01/16 02:50:50";4.8;75
1516067758;"2018/01/16 02:55:58";4.8;75
1516068067;"2018/01/16 03:01:07";4.8;75
1516068374;"2018/01/16 03:06:14";4.8;75
1516068682;"2018/01/16 03:11:22";4.8;75
1516068989;"2018/01/16 03:16:29";4.8;75
1516069245;"2018/01/16 03:20:45";4.8;75
1516069604;"2018/01/16 03:26:44";4.8;75
1516069861;"2018/01/16 03:31:01";4.8;75
1516070169;"2018/01/16 03:36:09";4.8;75
1516070476;"2018/01/16 03:41:16";4.8;75
1516070784;"2018/01/16 03:46:24";4.8;75
1516071079;"2018/01/16 03:51:19";4.8;75
1516071386;"2018/01/16 03:56:26";4.8;75
1516071694;"2018/01/16 04:01:34";4.8;75
1516072002;"2018/01/16 04:06:42";4.8;75
1516072258;"2018/01/16 04:10:58";4.8;75
1516072566;"2018/01/16 04:16:06";4.8;75
1516072873;"2018/01/16 04:21:13";4.8;75
1516073181;"2018/01/16 04:26:21";4.8;75
1516073488;"2018/01/16 04:31:28";4.8;75
1516073796;"2018/01/16 04:36:36";4.8;75
1516074104;"2018/01/16 04:41:44";4.8;75
1516074411;"2018/01/16 04:46:51";4.8;75
1516074719;"2018/01/16 04:51:59";4.8;75
1516074975;"2018/01/16 04:56:15";4.8;75
1516075282;"2018/01/16 05:01:22";4.8;75
1516075589;"2018/01/16 05:06:29";4.8;75
1516075898;"2018/01/16 05:11:38";4.8;75
1516076206;"2018/01/16 05:16:46";4.8;75
1516076512;"2018/01/16 05:21:52";4.8;75
1516076820;"2018/01/16 05:27:00";4.8;75
1516077077;"2018/01/16 05:31:17";4.8;75
1516077385;"2018/01/16 05:36:25";4.8;75
1516077691;"2018/01/16 05:41:31";4.8;76
1516077999;"2018/01/16 05:46:39";4.8;76
1516078308;"2018/01/16 05:51:48";4.9;76
1516078615;"2018/01/16 05:56:55";4.9;76
1516078922;"2018/01/16 06:02:02";4.9;76
1516079230;"2018/01/16 06:07:10";4.9;76
1516079487;"2018/01/16 06:11:27";4.9;76
1516079795;"2018/01/16 06:16:35";4.9;76
1516080101;"2018/01/16 06:21:41";4.9;76
1516080409;"2018/01/16 06:26:49";4.9;76
1516080717;"2018/01/16 06:31:57";4.9;76
1516081025;"2018/01/16 06:37:05";4.9;76
1516081333;"2018/01/16 06:42:13";4.9;76
1516081589;"2018/01/16 06:46:29";4.9;76
1516081897;"2018/01/16 06:51:37";5;76
1516082204;"2018/01/16 06:56:44";5;76
1516082511;"2018/01/16 07:01:51";5;76
1516082818;"2018/01/16 07:06:58";5;76
1516083126;"2018/01/16 07:12:06";5;76
1516083434;"2018/01/16 07:17:14";5;76
1516083742;"2018/01/16 07:22:22";5;76
1516083999;"2018/01/16 07:26:39";5;76
1516084306;"2018/01/16 07:31:46";5;76
1516084614;"2018/01/16 07:36:54";5.1;76
1516084920;"2018/01/16 07:42:00";5.1;76
1516085228;"2018/01/16 07:47:08";5.1;76
1516085537;"2018/01/16 07:52:17";5.1;76
1516085844;"2018/01/16 07:57:24";5.1;76
1516086101;"2018/01/16 08:01:41";5.1;76
1516086408;"2018/01/16 08:06:48";5.1;76
1516086715;"2018/01/16 08:11:55";5.1;76
1516087023;"2018/01/16 08:17:03";5.1;76
1516087331;"2018/01/16 08:22:11";5.1;76
1516087639;"2018/01/16 08:27:19";5.1;76
1516087946;"2018/01/16 08:32:26";5.1;76
1516088254;"2018/01/16 08:37:34";5.2;76
1516088509;"2018/01/16 08:41:49";5.2;76
1516088817;"2018/01/16 08:46:57";5.2;76
1516089125;"2018/01/16 08:52:05";5.2;76
1516089381;"2018/01/16 08:56:21";5.2;76
1516089740;"2018/01/16 09:02:20";5.2;76
1516090047;"2018/01/16 09:07:27";5.2;76
1516090355;"2018/01/16 09:12:35";5.2;76
1516090611;"2018/01/16 09:16:51";5.2;76
1516090919;"2018/01/16 09:21:59";5.2;76
1516091227;"2018/01/16 09:27:07";5.3;76
1516091534;"2018/01/16 09:32:14";5.3;76
1516091842;"2018/01/16 09:37:22";5.3;76
1516092150;"2018/01/16 09:42:30";5.3;76
1516092458;"2018/01/16 09:47:38";5.3;76
1516092765;"2018/01/16 09:52:45";5.3;76
1516093021;"2018/01/16 09:57:01";5.3;76
1516093330;"2018/01/16 10:02:10";5.3;76
1516093637;"2018/01/16 10:07:17";5.3;76
1516093945;"2018/01/16 10:12:25";5.3;76
1516094253;"2018/01/16 10:17:33";5.4;76
1516094559;"2018/01/16 10:22:39";5.4;76
1516094867;"2018/01/16 10:27:47";5.4;76
1516095123;"2018/01/16 10:32:03";5.4;76
1516095431;"2018/01/16 10:37:11";5.4;76
1516095739;"2018/01/16 10:42:19";5.4;76
1516096047;"2018/01/16 10:47:27";5.5;76
1516096354;"2018/01/16 10:52:34";5.5;77
1516096661;"2018/01/16 10:57:41";5.6;77
1516096970;"2018/01/16 11:02:50";5.6;77
1516097277;"2018/01/16 11:07:57";5.7;77
1516097533;"2018/01/16 11:12:13";5.8;76
1516097840;"2018/01/16 11:17:20";5.9;76
1516098148;"2018/01/16 11:22:28";5.9;76
1516098456;"2018/01/16 11:27:36";5.9;76
1516098763;"2018/01/16 11:32:43";5.9;76
1516099071;"2018/01/16 11:37:51";5.9;76
1516099378;"2018/01/16 11:42:58";5.9;76
1516099686;"2018/01/16 11:48:06";5.9;76
1516099942;"2018/01/16 11:52:22";5.9;76
1516100250;"2018/01/16 11:57:30";5.9;76
1516100558;"2018/01/16 12:02:38";5.9;76
1516100865;"2018/01/16 12:07:45";6;76
1516101173;"2018/01/16 12:12:53";6;76
1516101481;"2018/01/16 12:18:01";6;76
1516101737;"2018/01/16 12:22:17";6;76
1516102045;"2018/01/16 12:27:25";6;76
1516102352;"2018/01/16 12:32:32";6;76
1516102660;"2018/01/16 12:37:40";6;76
1516102967;"2018/01/16 12:42:47";5.9;76
1516103275;"2018/01/16 12:47:55";5.9;76
1516103583;"2018/01/16 12:53:03";5.9;76
1516103890;"2018/01/16 12:58:10";5.9;76
1516104198;"2018/01/16 13:03:18";5.9;76
1516104454;"2018/01/16 13:07:34";5.9;76
1516104762;"2018/01/16 13:12:42";5.9;76
1516105069;"2018/01/16 13:17:49";5.9;76
1516105377;"2018/01/16 13:22:57";5.9;76
1516105685;"2018/01/16 13:28:05";5.9;76
1516105992;"2018/01/16 13:33:12";5.9;76
1516106300;"2018/01/16 13:38:20";5.9;76
1516106556;"2018/01/16 13:42:36";5.9;76
1516106864;"2018/01/16 13:47:44";5.9;76
1516107171;"2018/01/16 13:52:51";5.9;76
1516107479;"2018/01/16 13:57:59";5.9;76
1516107787;"2018/01/16 14:03:07";5.9;76
1516108094;"2018/01/16 14:08:14";5.9;76
1516108402;"2018/01/16 14:13:22";5.9;76
1516108710;"2018/01/16 14:18:30";6;76
1516108966;"2018/01/16 14:22:46";6;76
1516109274;"2018/01/16 14:27:54";6;76
1516109581;"2018/01/16 14:33:01";6;76
1516109889;"2018/01/16 14:38:09";6;76
1516110196;"2018/01/16 14:43:16";6;76
1516110504;"2018/01/16 14:48:24";6;76
1516110812;"2018/01/16 14:53:32";6;76
1516111119;"2018/01/16 14:58:39";6;76
1516111376;"2018/01/16 15:02:56";6;76
1516111683;"2018/01/16 15:08:03";6;76
1516111991;"2018/01/16 15:13:11";5.9;76
1516112298;"2018/01/16 15:18:18";5.9;77
1516112606;"2018/01/16 15:23:26";5.9;77
1516112914;"2018/01/16 15:28:34";5.8;77
1516113221;"2018/01/16 15:33:41";5.8;77
1516113478;"2018/01/16 15:37:58";5.8;77
1516113785;"2018/01/16 15:43:05";5.8;77
1516114093;"2018/01/16 15:48:13";5.8;77
1516114400;"2018/01/16 15:53:20";5.8;77
1516114708;"2018/01/16 15:58:28";5.8;77
1516115016;"2018/01/16 16:03:36";5.8;77
1516115323;"2018/01/16 16:08:43";5.8;77
1516115631;"2018/01/16 16:13:51";5.8;77
1516115887;"2018/01/16 16:18:07";5.8;77
1516116195;"2018/01/16 16:23:15";5.8;77
1516116503;"2018/01/16 16:28:23";5.9;77
1516116810;"2018/01/16 16:33:30";5.8;77
1516117118;"2018/01/16 16:38:38";5.8;77
1516117425;"2018/01/16 16:43:45";5.8;77
1516117733;"2018/01/16 16:48:53";5.8;77
1516117989;"2018/01/16 16:53:09";5.8;77
1516118297;"2018/01/16 16:58:17";5.8;77
1516118605;"2018/01/16 17:03:25";5.8;77
1516118912;"2018/01/16 17:08:32";5.8;77
1516119220;"2018/01/16 17:13:40";5.8;77
1516119527;"2018/01/16 17:18:47";5.8;77
1516119835;"2018/01/16 17:23:55";5.8;77
1516120040;"2018/01/16 17:27:20";5.8;77
1516120424;"2018/01/16 17:33:44";5.8;77
1516120731;"2018/01/16 17:38:51";5.8;77
1516121040;"2018/01/16 17:44:00";5.8;77
1516121347;"2018/01/16 17:49:07";5.8;77
1516121604;"2018/01/16 17:53:24";5.8;77
1516121911;"2018/01/16 17:58:31";5.8;77
1516122218;"2018/01/16 18:03:38";5.8;77
1516122526;"2018/01/16 18:08:46";5.8;77
1516122834;"2018/01/16 18:13:54";5.8;77
1516123142;"2018/01/16 18:19:02";5.8;77
1516123450;"2018/01/16 18:24:10";5.8;77
1516123706;"2018/01/16 18:28:26";5.8;77
1516124014;"2018/01/16 18:33:34";5.8;77
1516124321;"2018/01/16 18:38:41";5.8;77
1516124629;"2018/01/16 18:43:49";5.8;77
1516124936;"2018/01/16 18:48:56";5.8;77
1516125240;"2018/01/16 18:54:00";5.8;77
1516125548;"2018/01/16 18:59:08";5.8;77
1516125859;"2018/01/16 19:04:19";5.8;77
1516126116;"2018/01/16 19:08:36";5.8;77
1516126422;"2018/01/16 19:13:42";5.8;77
1516126730;"2018/01/16 19:18:50";5.8;77
1516127038;"2018/01/16 19:23:58";5.8;77
1516127346;"2018/01/16 19:29:06";5.8;77
1516127653;"2018/01/16 19:34:13";5.8;77
1516127960;"2018/01/16 19:39:20";5.8;77
1516128269;"2018/01/16 19:44:29";5.8;77
1516128525;"2018/01/16 19:48:45";5.8;77
1516128833;"2018/01/16 19:53:53";5.8;77
1516129140;"2018/01/16 19:59:00";5.8;77
1516129448;"2018/01/16 20:04:08";5.8;77
1516129756;"2018/01/16 20:09:16";5.8;77
1516130063;"2018/01/16 20:14:23";5.8;77
1516130371;"2018/01/16 20:19:31";5.8;77
1516130679;"2018/01/16 20:24:39";5.8;77
1516130935;"2018/01/16 20:28:55";5.8;77
1516131242;"2018/01/16 20:34:02";5.8;77
1516131549;"2018/01/16 20:39:09";5.8;77
1516131857;"2018/01/16 20:44:17";5.8;77
1516132164;"2018/01/16 20:49:24";5.8;77
1516132473;"2018/01/16 20:54:33";5.8;77
1516132781;"2018/01/16 20:59:41";5.8;77
1516133037;"2018/01/16 21:03:57";5.8;77
1516133345;"2018/01/16 21:09:05";5.8;77
1516133651;"2018/01/16 21:14:11";5.8;77
1516133959;"2018/01/16 21:19:19";5.8;77
1516134266;"2018/01/16 21:24:26";5.8;77
1516134574;"2018/01/16 21:29:34";5.8;77
1516134883;"2018/01/16 21:34:43";5.8;77
1516135190;"2018/01/16 21:39:50";5.8;77
1516135447;"2018/01/16 21:44:07";5.8;77
1516135754;"2018/01/16 21:49:14";5.8;77
1516136061;"2018/01/16 21:54:21";5.8;77
1516136368;"2018/01/16 21:59:28";5.8;77
1516136677;"2018/01/16 22:04:37";5.8;77
1516136985;"2018/01/16 22:09:45";5.8;77
1516137292;"2018/01/16 22:14:52";5.8;77
1516137549;"2018/01/16 22:19:09";5.8;77
1516137855;"2018/01/16 22:24:15";5.8;77
1516138163;"2018/01/16 22:29:23";5.8;77
1516138472;"2018/01/16 22:34:32";5.8;77
1516138779;"2018/01/16 22:39:39";5.8;77
1516139087;"2018/01/16 22:44:47";5.8;77
1516139394;"2018/01/16 22:49:54";5.8;77
1516139702;"2018/01/16 22:55:02";5.8;77
1516139958;"2018/01/16 22:59:18";5.7;77
1516140265;"2018/01/16 23:04:25";5.7;77
1516140573;"2018/01/16 23:09:33";5.7;77
1516140880;"2018/01/16 23:14:40";5.7;77
1516141188;"2018/01/16 23:19:48";5.7;77
1516141495;"2018/01/16 23:24:55";5.7;77
1516141803;"2018/01/16 23:30:03";5.7;77
1516142060;"2018/01/16 23:34:20";5.7;77
1516142368;"2018/01/16 23:39:28";5.7;77
1516142676;"2018/01/16 23:44:36";5.6;77
1516142983;"2018/01/16 23:49:43";5.6;77
1516143291;"2018/01/16 23:54:51";5.6;77
1516143598;"2018/01/16 23:59:58";5.6;77
1516143906;"2018/01/17 00:05:06";5.6;77
1516144162;"2018/01/17 00:09:22";5.6;77
1516144470;"2018/01/17 00:14:30";5.6;77
1516144778;"2018/01/17 00:19:38";5.5;77
1516145084;"2018/01/17 00:24:44";5.5;77
1516145392;"2018/01/17 00:29:52";5.5;77
1516145700;"2018/01/17 00:35:00";5.5;77
1516146007;"2018/01/17 00:40:07";5.5;77
1516146316;"2018/01/17 00:45:16";5.5;77
1516146572;"2018/01/17 00:49:32";5.4;77
1516146879;"2018/01/17 00:54:39";5.4;77
1516147186;"2018/01/17 00:59:46";5.4;77
1516147495;"2018/01/17 01:04:55";5.4;77
1516147803;"2018/01/17 01:10:03";5.4;77
1516148109;"2018/01/17 01:15:09";5.4;77
1516148417;"2018/01/17 01:20:17";5.3;77
1516148725;"2018/01/17 01:25:25";5.3;77
1516148982;"2018/01/17 01:29:42";5.3;77
1516149288;"2018/01/17 01:34:48";5.3;77
1516149596;"2018/01/17 01:39:56";5.3;77
1516149904;"2018/01/17 01:45:04";5.3;77
1516150211;"2018/01/17 01:50:11";5.3;77
1516150519;"2018/01/17 01:55:19";5.3;77
1516150826;"2018/01/17 02:00:26";5.3;77
1516151083;"2018/01/17 02:04:43";5.2;77
1516151390;"2018/01/17 02:09:50";5.2;77
1516151698;"2018/01/17 02:14:58";5.2;77
1516152006;"2018/01/17 02:20:06";5.2;77
1516152313;"2018/01/17 02:25:13";5.2;77
1516152621;"2018/01/17 02:30:21";5.2;77
1516152929;"2018/01/17 02:35:29";5.2;77
1516153185;"2018/01/17 02:39:45";5.2;77
1516153492;"2018/01/17 02:44:52";5.2;77
1516153800;"2018/01/17 02:50:00";5.2;77
1516154108;"2018/01/17 02:55:08";5.2;77
1516154415;"2018/01/17 03:00:15";5.2;77
1516154723;"2018/01/17 03:05:23";5.2;77
1516155031;"2018/01/17 03:10:31";5.2;77
1516155287;"2018/01/17 03:14:47";5.2;77
1516155595;"2018/01/17 03:19:55";5.2;77
1516155903;"2018/01/17 03:25:03";5.2;77
1516156211;"2018/01/17 03:30:11";5.2;77
1516156518;"2018/01/17 03:35:18";5.2;77
1516156826;"2018/01/17 03:40:26";5.2;77
1516157133;"2018/01/17 03:45:33";5.2;77
1516157389;"2018/01/17 03:49:49";5.2;77
1516157697;"2018/01/17 03:54:57";5.2;77
1516158004;"2018/01/17 04:00:04";5.2;77
1516158312;"2018/01/17 04:05:12";5.2;77
1516158619;"2018/01/17 04:10:19";5.2;77
1516158927;"2018/01/17 04:15:27";5.2;77
1516159235;"2018/01/17 04:20:35";5.2;77
1516159542;"2018/01/17 04:25:42";5.2;77
1516159799;"2018/01/17 04:29:59";5.2;77
1516160106;"2018/01/17 04:35:06";5.3;77
1516160414;"2018/01/17 04:40:14";5.3;77
1516160721;"2018/01/17 04:45:21";5.3;77
1516161029;"2018/01/17 04:50:29";5.3;77
1516161337;"2018/01/17 04:55:37";5.3;77
1516161644;"2018/01/17 05:00:44";5.3;77
1516161952;"2018/01/17 05:05:52";5.3;77
1516162208;"2018/01/17 05:10:08";5.3;77
1516162516;"2018/01/17 05:15:16";5.3;77
1516162824;"2018/01/17 05:20:24";5.3;77
1516163131;"2018/01/17 05:25:31";5.3;77
1516163439;"2018/01/17 05:30:39";5.3;77
1516163746;"2018/01/17 05:35:46";5.3;77
1516164054;"2018/01/17 05:40:54";5.3;77
1516164363;"2018/01/17 05:46:03";5.3;77
1516164619;"2018/01/17 05:50:19";5.3;77
1516164722;"2018/01/17 05:52:02";5.3;77
1516165247;"2018/01/17 06:00:47";5.3;77
1516165554;"2018/01/17 06:05:54";5.3;77
1516165861;"2018/01/17 06:11:01";5.3;77
1516166169;"2018/01/17 06:16:09";5.3;77
1516166476;"2018/01/17 06:21:16";5.3;77
1516166784;"2018/01/17 06:26:24";5.3;77
1516167040;"2018/01/17 06:30:40";5.3;77
1516167348;"2018/01/17 06:35:48";5.3;77
1516167656;"2018/01/17 06:40:56";5.3;77
1516167963;"2018/01/17 06:46:03";5.3;77
1516168271;"2018/01/17 06:51:11";5.3;77
1516168579;"2018/01/17 06:56:19";5.3;77
1516168886;"2018/01/17 07:01:26";5.3;77
1516169143;"2018/01/17 07:05:43";5.3;77
1516169450;"2018/01/17 07:10:50";5.4;77
1516169758;"2018/01/17 07:15:58";5.4;77
1516170065;"2018/01/17 07:21:05";5.4;77
1516170373;"2018/01/17 07:26:13";5.4;77
1516170681;"2018/01/17 07:31:21";5.4;77
1516170988;"2018/01/17 07:36:28";5.3;77
1516171296;"2018/01/17 07:41:36";5.3;77
1516171552;"2018/01/17 07:45:52";5.3;77
1516171860;"2018/01/17 07:51:00";5.3;77
1516172167;"2018/01/17 07:56:07";5.3;77
1516172475;"2018/01/17 08:01:15";5.2;77
1516172783;"2018/01/17 08:06:23";5.2;77
1516173090;"2018/01/17 08:11:30";5.2;77
1516173398;"2018/01/17 08:16:38";5.2;77
1516173705;"2018/01/17 08:21:45";5.2;77
1516173962;"2018/01/17 08:26:02";5.2;77
1516174269;"2018/01/17 08:31:09";5.2;77
1516174577;"2018/01/17 08:36:17";5.2;77
1516174885;"2018/01/17 08:41:25";5.2;77
1516175192;"2018/01/17 08:46:32";5.2;77
1516175500;"2018/01/17 08:51:40";5.2;77
1516175808;"2018/01/17 08:56:48";5.2;77
1516176064;"2018/01/17 09:01:04";5.2;77
1516176372;"2018/01/17 09:06:12";5.2;77
1516176679;"2018/01/17 09:11:19";5.2;77
1516176987;"2018/01/17 09:16:27";5.3;77
1516177294;"2018/01/17 09:21:34";5.3;77
1516177602;"2018/01/17 09:26:42";5.3;77
1516177910;"2018/01/17 09:31:50";5.3;77
1516178166;"2018/01/17 09:36:06";5.2;77
1516178474;"2018/01/17 09:41:14";5.2;77
1516178781;"2018/01/17 09:46:21";5.2;77
1516179089;"2018/01/17 09:51:29";5.3;77
1516179396;"2018/01/17 09:56:36";5.3;77
1516179704;"2018/01/17 10:01:44";5.3;77
1516180012;"2018/01/17 10:06:52";5.3;77
1516180319;"2018/01/17 10:11:59";5.3;77
1516180576;"2018/01/17 10:16:16";5.3;77
1516180883;"2018/01/17 10:21:23";5.3;77
1516181191;"2018/01/17 10:26:31";5.4;77
1516181498;"2018/01/17 10:31:38";5.4;77
1516181806;"2018/01/17 10:36:46";5.4;77
1516182114;"2018/01/17 10:41:54";5.4;77
1516182421;"2018/01/17 10:47:01";5.4;77
1516182678;"2018/01/17 10:51:18";5.4;77
1516182985;"2018/01/17 10:56:25";5.4;77
1516183293;"2018/01/17 11:01:33";5.5;77
1516183601;"2018/01/17 11:06:41";5.5;77
1516183908;"2018/01/17 11:11:48";5.5;77
1516184216;"2018/01/17 11:16:56";5.5;77
1516184523;"2018/01/17 11:22:03";5.5;77
1516184780;"2018/01/17 11:26:20";5.5;77
1516185087;"2018/01/17 11:31:27";5.5;77
1516185395;"2018/01/17 11:36:35";5.5;77
1516185703;"2018/01/17 11:41:43";5.6;77
1516186009;"2018/01/17 11:46:49";5.6;77
1516186317;"2018/01/17 11:51:57";5.6;77
