adaptorId, datestamp, temperature, humidity, temperature_corrected, humidity_corrected, temperature_real, humidity_real
ce02dc19-51ad-4207-a471-269f520dd806;2018-01-13T17:43:25.000+02:00;30.9;39.0;19.2;57.5;19.8;49
ce02dc19-51ad-4207-a471-269f520dd806;2018-01-13T17:48:29.000+02:00;33.5;36.0;19.0;57.5;19.5;50
ce02dc19-51ad-4207-a471-269f520dd806;2018-01-13T17:53:33.000+02:00;34.5;35.0;18.9;57.7;19.4;50
ce02dc19-51ad-4207-a471-269f520dd806;2018-01-13T17:58:37.000+02:00;35.6;34.0;18.8;58.0;19.3;50
ce02dc19-51ad-4207-a471-269f520dd806;2018-01-13T18:03:41.000+02:00;36.0;33.0;18.7;58.1;19.3;51
ce02dc19-51ad-4207-a471-269f520dd806;2018-01-13T18:08:45.000+02:00;36.3;33.0;18.7;58.6;19.3;51
ce02dc19-51ad-4207-a471-269f520dd806;2018-01-13T18:13:49.000+02:00;36.6;32.0;18.6;58.5;19.3;51
ce02dc19-51ad-4207-a471-269f520dd806;2018-01-13T18:18:53.000+02:00;36.7;32.0;18.6;58.8;19.2;51
ce02dc19-51ad-4207-a471-269f520dd806;2018-01-13T18:23:54.000+02:00;36.7;32.0;18.6;58.9;19.2;51
ce02dc19-51ad-4207-a471-269f520dd806;2018-01-13T18:28:57.000+02:00;36.7;32.0;18.7;59.1;19.2;51
ce02dc19-51ad-4207-a471-269f520dd806;2018-01-13T18:39:05.000+02:00;36.7;31.0;18.7;59.0;19.1;52
ce02dc19-51ad-4207-a471-269f520dd806;2018-01-13T18:49:13.000+02:00;36.6;31.0;18.7;59.0;19;52
ce02dc19-51ad-4207-a471-269f520dd806;2018-01-13T18:54:17.000+02:00;36.6;31.0;18.7;59.0;19;52
ce02dc19-51ad-4207-a471-269f520dd806;2018-01-13T18:59:21.000+02:00;36.4;31.0;18.7;59.1;19;52
ce02dc19-51ad-4207-a471-269f520dd806;2018-01-13T19:04:24.000+02:00;36.6;31.0;18.7;59.0;19;52
ce02dc19-51ad-4207-a471-269f520dd806;2018-01-13T19:09:28.000+02:00;36.6;31.0;18.7;59.0;19;53
ce02dc19-51ad-4207-a471-269f520dd806;2018-01-13T19:14:31.000+02:00;36.6;30.0;18.6;58.7;19;53
ce02dc19-51ad-4207-a471-269f520dd806;2018-01-13T19:19:36.000+02:00;36.6;30.0;18.6;58.7;19;53
ce02dc19-51ad-4207-a471-269f520dd806;2018-01-13T19:24:40.000+02:00;36.7;30.0;18.6;58.7;19;53
ce02dc19-51ad-4207-a471-269f520dd806;2018-01-13T19:29:43.000+02:00;36.6;30.0;18.6;58.7;19;53
ce02dc19-51ad-4207-a471-269f520dd806;2018-01-13T19:34:47.000+02:00;36.5;30.0;18.6;58.7;19;53
ce02dc19-51ad-4207-a471-269f520dd806;2018-01-13T19:39:49.000+02:00;36.5;30.0;18.6;58.7;19;53
ce02dc19-51ad-4207-a471-269f520dd806;2018-01-13T19:44:53.000+02:00;36.2;29.0;18.6;58.6;18.9;52
ce02dc19-51ad-4207-a471-269f520dd806;2018-01-13T19:55:02.000+02:00;36.7;28.0;18.5;58.1;18.9;51
ce02dc19-51ad-4207-a471-269f520dd806;2018-01-13T20:05:08.000+02:00;37.2;29.0;18.5;58.2;19.1;51
ce02dc19-51ad-4207-a471-269f520dd806;2018-01-13T20:10:12.000+02:00;37.2;29.0;18.5;58.2;19.2;51
ce02dc19-51ad-4207-a471-269f520dd806;2018-01-13T20:15:15.000+02:00;37.2;29.0;18.5;58.2;19.2;51
ce02dc19-51ad-4207-a471-269f520dd806;2018-01-13T20:20:19.000+02:00;37.2;29.0;18.5;58.2;19.3;51
ce02dc19-51ad-4207-a471-269f520dd806;2018-01-13T20:25:22.000+02:00;37.2;29.0;18.5;58.2;19.3;51
ce02dc19-51ad-4207-a471-269f520dd806;2018-01-13T20:30:26.000+02:00;37.2;29.0;18.5;58.2;19.3;51
ce02dc19-51ad-4207-a471-269f520dd806;2018-01-13T20:35:29.000+02:00;37.2;29.0;18.5;58.2;19.3;51
ce02dc19-51ad-4207-a471-269f520dd806;2018-01-13T20:40:34.000+02:00;37.3;29.0;18.5;58.2;19.3;51
ce02dc19-51ad-4207-a471-269f520dd806;2018-01-13T20:45:38.000+02:00;37.3;29.0;18.5;58.2;19.3;51
ce02dc19-51ad-4207-a471-269f520dd806;2018-01-13T20:50:41.000+02:00;37.4;29.0;18.5;58.1;19.3;51
ce02dc19-51ad-4207-a471-269f520dd806;2018-01-13T21:00:44.000+02:00;37.4;28.0;18.4;57.8;19.3;51
ce02dc19-51ad-4207-a471-269f520dd806;2018-01-13T21:10:53.000+02:00;37.2;28.0;18.5;57.9;19.3;51
ce02dc19-51ad-4207-a471-269f520dd806;2018-01-13T21:20:56.000+02:00;37.2;28.0;18.5;57.9;19.2;51
ce02dc19-51ad-4207-a471-269f520dd806;2018-01-13T21:31:03.000+02:00;36.9;28.0;18.5;58.0;19.1;52
ce02dc19-51ad-4207-a471-269f520dd806;2018-01-13T21:36:06.000+02:00;37.0;28.0;18.5;58.0;19.1;52
ce02dc19-51ad-4207-a471-269f520dd806;2018-01-13T21:41:10.000+02:00;37.2;28.0;18.5;57.9;19.1;52
ce02dc19-51ad-4207-a471-269f520dd806;2018-01-13T21:46:14.000+02:00;37.3;28.0;18.5;57.8;19.2;52
ce02dc19-51ad-4207-a471-269f520dd806;2018-01-13T21:51:17.000+02:00;37.2;28.0;18.5;57.9;19.2;52
ce02dc19-51ad-4207-a471-269f520dd806;2018-01-13T21:56:21.000+02:00;37.3;28.0;18.5;57.8;19.3;52
ce02dc19-51ad-4207-a471-269f520dd806;2018-01-13T22:01:24.000+02:00;37.3;28.0;18.5;57.8;19.3;51
ce02dc19-51ad-4207-a471-269f520dd806;2018-01-13T22:06:29.000+02:00;37.3;28.0;18.5;57.8;19.3;51
ce02dc19-51ad-4207-a471-269f520dd806;2018-01-13T22:11:32.000+02:00;37.3;28.0;18.5;57.8;19.3;52
ce02dc19-51ad-4207-a471-269f520dd806;2018-01-13T22:16:36.000+02:00;37.2;28.0;18.5;57.9;19.3;51
ce02dc19-51ad-4207-a471-269f520dd806;2018-01-13T22:26:44.000+02:00;37.1;28.0;18.5;57.9;19.2;51
ce02dc19-51ad-4207-a471-269f520dd806;2018-01-13T22:36:47.000+02:00;37.1;28.0;18.5;57.9;19.2;51
ce02dc19-51ad-4207-a471-269f520dd806;2018-01-13T22:46:52.000+02:00;37.0;28.0;18.5;58.0;19.1;51
ce02dc19-51ad-4207-a471-269f520dd806;2018-01-13T22:51:55.000+02:00;37.0;28.0;18.5;58.0;19.1;51
ce02dc19-51ad-4207-a471-269f520dd806;2018-01-13T22:56:59.000+02:00;37.0;28.0;18.5;58.0;19.1;52
ce02dc19-51ad-4207-a471-269f520dd806;2018-01-13T23:01:58.000+02:00;37.0;28.0;18.5;58.0;19.1;51
ce02dc19-51ad-4207-a471-269f520dd806;2018-01-13T23:07:01.000+02:00;37.0;28.0;18.5;58.0;19.1;51
ce02dc19-51ad-4207-a471-269f520dd806;2018-01-13T23:12:06.000+02:00;36.9;28.0;18.5;58.0;19.1;52
ce02dc19-51ad-4207-a471-269f520dd806;2018-01-13T23:17:10.000+02:00;36.8;28.0;18.5;58.0;19;52
ce02dc19-51ad-4207-a471-269f520dd806;2018-01-13T23:22:10.000+02:00;36.8;28.0;18.5;58.0;19;52
ce02dc19-51ad-4207-a471-269f520dd806;2018-01-13T23:27:14.000+02:00;36.7;28.0;18.5;58.1;18.9;52
ce02dc19-51ad-4207-a471-269f520dd806;2018-01-13T23:32:18.000+02:00;36.6;28.0;18.5;58.1;18.9;51
ce02dc19-51ad-4207-a471-269f520dd806;2018-01-13T23:37:22.000+02:00;36.6;28.0;18.5;58.1;18.8;52
ce02dc19-51ad-4207-a471-269f520dd806;2018-01-13T23:42:22.000+02:00;36.4;28.0;18.5;58.2;18.8;52
ce02dc19-51ad-4207-a471-269f520dd806;2018-01-13T23:52:30.000+02:00;36.3;28.0;18.5;58.2;18.6;52
ce02dc19-51ad-4207-a471-269f520dd806;2018-01-14T00:02:37.000+02:00;36.2;28.0;18.6;58.3;18.6;52
ce02dc19-51ad-4207-a471-269f520dd806;2018-01-14T00:12:44.000+02:00;36.2;28.0;18.6;58.3;18.5;52
ce02dc19-51ad-4207-a471-269f520dd806;2018-01-14T00:17:47.000+02:00;36.1;28.0;18.6;58.3;18.5;52
ce02dc19-51ad-4207-a471-269f520dd806;2018-01-14T00:22:50.000+02:00;36.0;28.0;18.6;58.3;18.5;52
ce02dc19-51ad-4207-a471-269f520dd806;2018-01-14T00:27:54.000+02:00;35.9;28.0;18.6;58.4;18.5;52
ce02dc19-51ad-4207-a471-269f520dd806;2018-01-14T00:32:58.000+02:00;36.0;28.0;18.6;58.3;18.6;52
ce02dc19-51ad-4207-a471-269f520dd806;2018-01-14T00:38:01.000+02:00;36.1;28.0;18.6;58.3;18.6;52
ce02dc19-51ad-4207-a471-269f520dd806;2018-01-14T00:43:05.000+02:00;36.0;28.0;18.6;58.3;18.6;52
ce02dc19-51ad-4207-a471-269f520dd806;2018-01-14T00:48:09.000+02:00;36.0;28.0;18.6;58.3;18.6;52
ce02dc19-51ad-4207-a471-269f520dd806;2018-01-14T00:53:12.000+02:00;36.0;28.0;18.6;58.3;18.7;52
ce02dc19-51ad-4207-a471-269f520dd806;2018-01-14T00:58:15.000+02:00;35.8;28.0;18.6;58.4;18.7;52
ce02dc19-51ad-4207-a471-269f520dd806;2018-01-14T01:08:24.000+02:00;35.7;28.0;18.6;58.4;18.6;52
ce02dc19-51ad-4207-a471-269f520dd806;2018-01-14T01:18:31.000+02:00;35.6;28.0;18.6;58.5;18.5;52
ce02dc19-51ad-4207-a471-269f520dd806;2018-01-14T01:28:38.000+02:00;35.5;28.0;18.6;58.5;18.3;52
ce02dc19-51ad-4207-a471-269f520dd806;2018-01-14T01:33:42.000+02:00;35.5;28.0;18.6;58.5;18.3;52
ce02dc19-51ad-4207-a471-269f520dd806;2018-01-14T01:38:45.000+02:00;35.4;28.0;18.6;58.5;18.2;52
ce02dc19-51ad-4207-a471-269f520dd806;2018-01-14T01:43:49.000+02:00;35.4;28.0;18.6;58.5;18.2;52
ce02dc19-51ad-4207-a471-269f520dd806;2018-01-14T01:48:52.000+02:00;35.3;28.0;18.6;58.6;18.1;52
ce02dc19-51ad-4207-a471-269f520dd806;2018-01-14T01:53:56.000+02:00;35.3;28.0;18.6;58.6;18.1;52
ce02dc19-51ad-4207-a471-269f520dd806;2018-01-14T01:59:00.000+02:00;35.2;28.0;18.6;58.6;18;52
ce02dc19-51ad-4207-a471-269f520dd806;2018-01-14T02:04:02.000+02:00;35.1;28.0;18.6;58.6;18;52
ce02dc19-51ad-4207-a471-269f520dd806;2018-01-14T02:09:06.000+02:00;35.0;28.0;18.6;58.7;18;52
ce02dc19-51ad-4207-a471-269f520dd806;2018-01-14T02:14:10.000+02:00;34.8;28.0;18.7;58.8;18;52
ce02dc19-51ad-4207-a471-269f520dd806;2018-01-14T02:24:17.000+02:00;34.8;28.0;18.7;58.8;17.9;52
ce02dc19-51ad-4207-a471-269f520dd806;2018-01-14T02:34:24.000+02:00;34.8;28.0;18.7;58.8;17.9;52
ce02dc19-51ad-4207-a471-269f520dd806;2018-01-14T02:44:32.000+02:00;34.7;28.0;18.7;58.8;17.8;52
ce02dc19-51ad-4207-a471-269f520dd806;2018-01-14T02:49:36.000+02:00;34.7;28.0;18.7;58.8;17.8;53
ce02dc19-51ad-4207-a471-269f520dd806;2018-01-14T02:54:38.000+02:00;34.7;28.0;18.7;58.8;17.8;52
ce02dc19-51ad-4207-a471-269f520dd806;2018-01-14T02:59:42.000+02:00;34.6;28.0;18.7;58.8;17.7;53
ce02dc19-51ad-4207-a471-269f520dd806;2018-01-14T03:04:46.000+02:00;34.7;28.0;18.7;58.8;17.7;52
ce02dc19-51ad-4207-a471-269f520dd806;2018-01-14T03:09:50.000+02:00;34.7;28.0;18.7;58.8;17.7;53
ce02dc19-51ad-4207-a471-269f520dd806;2018-01-14T03:14:52.000+02:00;34.6;28.0;18.7;58.8;17.7;53
ce02dc19-51ad-4207-a471-269f520dd806;2018-01-14T03:19:56.000+02:00;34.6;28.0;18.7;58.8;17.7;53
ce02dc19-51ad-4207-a471-269f520dd806;2018-01-14T03:25:00.000+02:00;34.5;28.0;18.7;58.9;17.7;53
ce02dc19-51ad-4207-a471-269f520dd806;2018-01-14T03:30:03.000+02:00;34.6;28.0;18.7;58.8;17.7;53
ce02dc19-51ad-4207-a471-269f520dd806;2018-01-14T03:40:10.000+02:00;34.7;28.0;18.7;58.8;17.6;53
ce02dc19-51ad-4207-a471-269f520dd806;2018-01-14T03:50:16.000+02:00;34.6;28.0;18.7;58.8;17.6;53
ce02dc19-51ad-4207-a471-269f520dd806;2018-01-14T03:55:21.000+02:00;34.5;28.0;18.7;58.9;17.7;53
ce02dc19-51ad-4207-a471-269f520dd806;2018-01-14T04:00:24.000+02:00;34.6;28.0;18.7;58.8;17.6;53
ce02dc19-51ad-4207-a471-269f520dd806;2018-01-14T04:05:25.000+02:00;34.5;28.0;18.7;58.9;17.6;53
ce02dc19-51ad-4207-a471-269f520dd806;2018-01-14T04:10:28.000+02:00;34.5;28.0;18.7;58.9;17.6;53
ce02dc19-51ad-4207-a471-269f520dd806;2018-01-14T04:15:31.000+02:00;34.5;28.0;18.7;58.9;17.6;53
ce02dc19-51ad-4207-a471-269f520dd806;2018-01-14T04:20:34.000+02:00;34.5;28.0;18.7;58.9;17.6;53
ce02dc19-51ad-4207-a471-269f520dd806;2018-01-14T04:25:39.000+02:00;34.5;28.0;18.7;58.9;17.6;53
ce02dc19-51ad-4207-a471-269f520dd806;2018-01-14T04:30:43.000+02:00;34.4;28.0;18.7;58.9;17.6;53
ce02dc19-51ad-4207-a471-269f520dd806;2018-01-14T04:35:46.000+02:00;34.5;28.0;18.7;58.9;17.6;53
ce02dc19-51ad-4207-a471-269f520dd806;2018-01-14T04:40:49.000+02:00;34.5;28.0;18.7;58.9;17.6;53
ce02dc19-51ad-4207-a471-269f520dd806;2018-01-14T04:45:54.000+02:00;34.3;28.0;18.7;58.9;17.6;53
ce02dc19-51ad-4207-a471-269f520dd806;2018-01-14T04:55:58.000+02:00;34.4;28.0;18.7;58.9;17.6;53
ce02dc19-51ad-4207-a471-269f520dd806;2018-01-14T05:06:04.000+02:00;34.2;28.0;18.7;58.9;17.6;52
ce02dc19-51ad-4207-a471-269f520dd806;2018-01-14T05:16:13.000+02:00;34.3;28.0;18.7;58.9;17.5;52
ce02dc19-51ad-4207-a471-269f520dd806;2018-01-14T05:21:16.000+02:00;34.4;28.0;18.7;58.9;17.5;52
ce02dc19-51ad-4207-a471-269f520dd806;2018-01-14T05:26:20.000+02:00;34.3;28.0;18.7;58.9;17.5;52
ce02dc19-51ad-4207-a471-269f520dd806;2018-01-14T05:31:23.000+02:00;34.2;28.0;18.7;58.9;17.5;52
ce02dc19-51ad-4207-a471-269f520dd806;2018-01-14T05:36:26.000+02:00;34.4;28.0;18.7;58.9;17.5;53
ce02dc19-51ad-4207-a471-269f520dd806;2018-01-14T05:41:29.000+02:00;34.2;28.0;18.7;58.9;17.5;52
ce02dc19-51ad-4207-a471-269f520dd806;2018-01-14T05:46:31.000+02:00;34.4;28.0;18.7;58.9;17.5;52
ce02dc19-51ad-4207-a471-269f520dd806;2018-01-14T05:51:34.000+02:00;34.3;28.0;18.7;58.9;17.5;52
ce02dc19-51ad-4207-a471-269f520dd806;2018-01-14T05:56:38.000+02:00;34.3;28.0;18.7;58.9;17.5;52
ce02dc19-51ad-4207-a471-269f520dd806;2018-01-14T06:01:41.000+02:00;34.2;28.0;18.7;58.9;17.4;52
ce02dc19-51ad-4207-a471-269f520dd806;2018-01-14T06:11:45.000+02:00;34.3;28.0;18.7;58.9;17.4;53
ce02dc19-51ad-4207-a471-269f520dd806;2018-01-14T06:21:51.000+02:00;34.2;27.0;18.7;58.7;17.4;53
ce02dc19-51ad-4207-a471-269f520dd806;2018-01-14T06:31:58.000+02:00;34.2;28.0;18.7;58.9;17.4;53
ce02dc19-51ad-4207-a471-269f520dd806;2018-01-14T06:37:01.000+02:00;34.3;27.0;18.7;58.7;17.4;52
ce02dc19-51ad-4207-a471-269f520dd806;2018-01-14T06:42:05.000+02:00;34.3;27.0;18.7;58.7;17.4;52
ce02dc19-51ad-4207-a471-269f520dd806;2018-01-14T06:47:09.000+02:00;34.4;27.0;18.7;58.6;17.4;52
ce02dc19-51ad-4207-a471-269f520dd806;2018-01-14T06:52:13.000+02:00;34.4;27.0;18.7;58.6;17.3;53
ce02dc19-51ad-4207-a471-269f520dd806;2018-01-14T06:57:17.000+02:00;34.3;27.0;18.7;58.7;17.4;52
ce02dc19-51ad-4207-a471-269f520dd806;2018-01-14T07:02:20.000+02:00;34.3;27.0;18.7;58.7;17.3;52
ce02dc19-51ad-4207-a471-269f520dd806;2018-01-14T07:07:23.000+02:00;34.5;27.0;18.6;58.6;17.3;52
ce02dc19-51ad-4207-a471-269f520dd806;2018-01-14T07:12:26.000+02:00;34.3;27.0;18.7;58.7;17.3;52
ce02dc19-51ad-4207-a471-269f520dd806;2018-01-14T07:17:30.000+02:00;34.2;27.0;18.7;58.7;17.3;52
ce02dc19-51ad-4207-a471-269f520dd806;2018-01-14T07:27:37.000+02:00;34.5;27.0;18.6;58.6;17.3;52
ce02dc19-51ad-4207-a471-269f520dd806;2018-01-14T07:37:44.000+02:00;34.2;27.0;18.7;58.7;17.2;52
ce02dc19-51ad-4207-a471-269f520dd806;2018-01-14T07:47:51.000+02:00;34.3;27.0;18.7;58.7;17.2;52
ce02dc19-51ad-4207-a471-269f520dd806;2018-01-14T07:52:54.000+02:00;34.3;27.0;18.7;58.7;17.2;52
ce02dc19-51ad-4207-a471-269f520dd806;2018-01-14T07:57:57.000+02:00;34.4;27.0;18.7;58.6;17.2;52
ce02dc19-51ad-4207-a471-269f520dd806;2018-01-14T08:03:01.000+02:00;34.3;27.0;18.7;58.7;17.2;52
ce02dc19-51ad-4207-a471-269f520dd806;2018-01-14T08:08:05.000+02:00;34.2;27.0;18.7;58.7;17.2;52
ce02dc19-51ad-4207-a471-269f520dd806;2018-01-14T08:13:08.000+02:00;34.3;27.0;18.7;58.7;17.2;53
ce02dc19-51ad-4207-a471-269f520dd806;2018-01-14T08:18:12.000+02:00;34.2;27.0;18.7;58.7;17.2;52
ce02dc19-51ad-4207-a471-269f520dd806;2018-01-14T08:23:15.000+02:00;34.2;27.0;18.7;58.7;17.2;52
ce02dc19-51ad-4207-a471-269f520dd806;2018-01-14T08:28:18.000+02:00;34.2;27.0;18.7;58.7;17.2;52
ce02dc19-51ad-4207-a471-269f520dd806;2018-01-14T08:33:22.000+02:00;34.2;27.0;18.7;58.7;17.2;52
ce02dc19-51ad-4207-a471-269f520dd806;2018-01-14T08:43:29.000+02:00;34.1;27.0;18.7;58.7;17.2;52
ce02dc19-51ad-4207-a471-269f520dd806;2018-01-14T08:53:35.000+02:00;34.3;27.0;18.7;58.7;17.2;53
ce02dc19-51ad-4207-a471-269f520dd806;2018-01-14T08:58:38.000+02:00;34.5;28.0;18.7;58.9;17.3;53
ce02dc19-51ad-4207-a471-269f520dd806;2018-01-14T09:03:41.000+02:00;34.8;28.0;18.7;58.8;17.4;53
ce02dc19-51ad-4207-a471-269f520dd806;2018-01-14T09:08:45.000+02:00;35.0;28.0;18.6;58.7;17.5;53
ce02dc19-51ad-4207-a471-269f520dd806;2018-01-14T09:13:48.000+02:00;35.1;28.0;18.6;58.6;17.5;53
ce02dc19-51ad-4207-a471-269f520dd806;2018-01-14T09:18:51.000+02:00;35.3;28.0;18.6;58.6;17.6;53
ce02dc19-51ad-4207-a471-269f520dd806;2018-01-14T09:23:55.000+02:00;35.5;28.0;18.6;58.5;17.7;53
ce02dc19-51ad-4207-a471-269f520dd806;2018-01-14T09:28:59.000+02:00;35.4;28.0;18.6;58.5;17.7;53
ce02dc19-51ad-4207-a471-269f520dd806;2018-01-14T09:34:02.000+02:00;35.5;28.0;18.6;58.5;17.7;53
ce02dc19-51ad-4207-a471-269f520dd806;2018-01-14T09:39:03.000+02:00;35.6;28.0;18.6;58.5;17.8;53
ce02dc19-51ad-4207-a471-269f520dd806;2018-01-14T09:44:07.000+02:00;35.7;28.0;18.6;58.4;17.8;53
ce02dc19-51ad-4207-a471-269f520dd806;2018-01-14T09:49:11.000+02:00;35.5;28.0;18.6;58.5;17.9;53
ce02dc19-51ad-4207-a471-269f520dd806;2018-01-14T09:59:18.000+02:00;35.8;28.0;18.6;58.4;18;53
ce02dc19-51ad-4207-a471-269f520dd806;2018-01-14T10:09:25.000+02:00;35.7;28.0;18.6;58.4;18;53
ce02dc19-51ad-4207-a471-269f520dd806;2018-01-14T10:19:31.000+02:00;35.6;28.0;18.6;58.5;18;53
ce02dc19-51ad-4207-a471-269f520dd806;2018-01-14T10:24:34.000+02:00;35.6;27.0;18.6;58.2;18;53
ce02dc19-51ad-4207-a471-269f520dd806;2018-01-14T10:29:38.000+02:00;35.5;27.0;18.6;58.2;18;53
ce02dc19-51ad-4207-a471-269f520dd806;2018-01-14T10:34:42.000+02:00;35.6;27.0;18.6;58.2;18;53
ce02dc19-51ad-4207-a471-269f520dd806;2018-01-14T10:39:45.000+02:00;35.6;27.0;18.6;58.2;18;53
ce02dc19-51ad-4207-a471-269f520dd806;2018-01-14T10:44:49.000+02:00;35.5;27.0;18.6;58.2;18;53
ce02dc19-51ad-4207-a471-269f520dd806;2018-01-14T10:49:52.000+02:00;35.6;27.0;18.6;58.2;18.1;53
ce02dc19-51ad-4207-a471-269f520dd806;2018-01-14T10:54:55.000+02:00;35.5;27.0;18.6;58.2;18.1;52
ce02dc19-51ad-4207-a471-269f520dd806;2018-01-14T10:59:59.000+02:00;35.5;27.0;18.6;58.2;18.1;52
ce02dc19-51ad-4207-a471-269f520dd806;2018-01-14T11:05:02.000+02:00;35.4;27.0;18.6;58.3;18.1;52
ce02dc19-51ad-4207-a471-269f520dd806;2018-01-14T11:15:09.000+02:00;35.6;27.0;18.6;58.2;18.2;52
ce02dc19-51ad-4207-a471-269f520dd806;2018-01-14T11:25:14.000+02:00;35.9;27.0;18.5;58.1;18.3;52
ce02dc19-51ad-4207-a471-269f520dd806;2018-01-14T11:35:23.000+02:00;36.0;27.0;18.5;58.0;18.3;52
ce02dc19-51ad-4207-a471-269f520dd806;2018-01-14T11:43:31.000+02:00;35.9;27.0;18.5;58.1;18.3;52
ce02dc19-51ad-4207-a471-269f520dd806;2018-01-14T11:48:32.000+02:00;35.9;27.0;18.5;58.1;19.4;51
ce02dc19-51ad-4207-a471-269f520dd806;2018-01-14T11:53:35.000+02:00;35.7;27.0;18.5;58.1;19;51
ce02dc19-51ad-4207-a471-269f520dd806;2018-01-14T11:58:38.000+02:00;35.7;27.0;18.5;58.1;18.9;51
ce02dc19-51ad-4207-a471-269f520dd806;2018-01-14T12:03:41.000+02:00;35.7;27.0;18.5;58.1;18.6;51
ce02dc19-51ad-4207-a471-269f520dd806;2018-01-14T12:08:45.000+02:00;35.6;27.0;18.6;58.2;18.5;51
ce02dc19-51ad-4207-a471-269f520dd806;2018-01-14T12:13:48.000+02:00;35.6;27.0;18.6;58.2;18.4;52
ce02dc19-51ad-4207-a471-269f520dd806;2018-01-14T12:18:53.000+02:00;35.5;27.0;18.6;58.2;18.3;52
ce02dc19-51ad-4207-a471-269f520dd806;2018-01-14T12:29:00.000+02:00;35.5;27.0;18.6;58.2;18.1;52
ce02dc19-51ad-4207-a471-269f520dd806;2018-01-14T12:39:02.000+02:00;35.7;27.0;18.5;58.1;18.1;52
ce02dc19-51ad-4207-a471-269f520dd806;2018-01-14T12:49:10.000+02:00;36.1;27.0;18.5;58.0;18.2;52
ce02dc19-51ad-4207-a471-269f520dd806;2018-01-14T12:54:14.000+02:00;36.2;27.0;18.5;57.9;18.2;52
ce02dc19-51ad-4207-a471-269f520dd806;2018-01-14T12:59:17.000+02:00;36.1;27.0;18.5;58.0;18.2;52
ce02dc19-51ad-4207-a471-269f520dd806;2018-01-14T13:04:20.000+02:00;36.0;27.0;18.5;58.0;18.2;52
ce02dc19-51ad-4207-a471-269f520dd806;2018-01-14T13:09:21.000+02:00;36.0;27.0;18.5;58.0;18.2;52
ce02dc19-51ad-4207-a471-269f520dd806;2018-01-14T13:14:24.000+02:00;36.0;27.0;18.5;58.0;18.1;52
ce02dc19-51ad-4207-a471-269f520dd806;2018-01-14T13:19:25.000+02:00;35.9;27.0;18.5;58.1;18.1;52
ce02dc19-51ad-4207-a471-269f520dd806;2018-01-14T13:24:30.000+02:00;35.8;27.0;18.5;58.1;18;52
ce02dc19-51ad-4207-a471-269f520dd806;2018-01-14T13:29:33.000+02:00;35.8;27.0;18.5;58.1;18;52
ce02dc19-51ad-4207-a471-269f520dd806;2018-01-14T13:34:36.000+02:00;35.8;27.0;18.5;58.1;17.9;52
ce02dc19-51ad-4207-a471-269f520dd806;2018-01-14T13:39:40.000+02:00;35.9;27.0;18.5;58.1;18;52
ce02dc19-51ad-4207-a471-269f520dd806;2018-01-14T13:44:43.000+02:00;36.0;27.0;18.5;58.0;18;52
ce02dc19-51ad-4207-a471-269f520dd806;2018-01-14T13:49:45.000+02:00;36.1;27.0;18.5;58.0;18.1;52
ce02dc19-51ad-4207-a471-269f520dd806;2018-01-14T13:54:49.000+02:00;36.2;27.0;18.5;57.9;18.2;52
ce02dc19-51ad-4207-a471-269f520dd806;2018-01-14T14:04:56.000+02:00;36.3;26.0;18.4;57.6;18.2;51
ce02dc19-51ad-4207-a471-269f520dd806;2018-01-14T14:15:03.000+02:00;36.3;26.0;18.4;57.6;18.2;52
ce02dc19-51ad-4207-a471-269f520dd806;2018-01-14T14:20:05.000+02:00;36.2;26.0;18.4;57.6;18.2;51
ce02dc19-51ad-4207-a471-269f520dd806;2018-01-14T14:25:09.000+02:00;36.1;26.0;18.5;57.7;18.1;51
ce02dc19-51ad-4207-a471-269f520dd806;2018-01-14T14:30:12.000+02:00;37.5;26.0;19.5;61.6;18.1;51
ce02dc19-51ad-4207-a471-269f520dd806;2018-01-14T14:35:15.000+02:00;40.0;26.0;19.5;61.4;18;51
ce02dc19-51ad-4207-a471-269f520dd806;2018-01-14T14:40:20.000+02:00;42.1;25.0;19.5;61.1;18;52
ce02dc19-51ad-4207-a471-269f520dd806;2018-01-14T14:45:23.000+02:00;43.0;25.0;19.5;61.0;18.1;52
ce02dc19-51ad-4207-a471-269f520dd806;2018-01-14T14:50:27.000+02:00;44.0;24.0;19.5;60.7;18.3;51
ce02dc19-51ad-4207-a471-269f520dd806;2018-01-14T14:55:31.000+02:00;44.5;24.0;19.5;60.5;18.4;51
ce02dc19-51ad-4207-a471-269f520dd806;2018-01-14T15:00:35.000+02:00;45.1;24.0;19.5;60.3;18.7;51
ce02dc19-51ad-4207-a471-269f520dd806;2018-01-14T15:10:42.000+02:00;45.2;24.0;19.5;60.0;18.9;51
ce02dc19-51ad-4207-a471-269f520dd806;2018-01-14T15:20:49.000+02:00;45.2;23.0;19.4;59.7;18.9;51
ce02dc19-51ad-4207-a471-269f520dd806;2018-01-14T15:30:56.000+02:00;45.1;23.0;19.7;60.3;18.9;51
ce02dc19-51ad-4207-a471-269f520dd806;2018-01-14T15:36:00.000+02:00;44.9;23.0;19.4;61.7;18.8;51
ce02dc19-51ad-4207-a471-269f520dd806;2018-01-14T15:41:02.000+02:00;42.8;23.0;19.4;61.7;18.7;50
ce02dc19-51ad-4207-a471-269f520dd806;2018-01-14T15:46:06.000+02:00;40.2;24.0;19.5;61.8;18.8;50
ce02dc19-51ad-4207-a471-269f520dd806;2018-01-14T15:51:10.000+02:00;39.2;24.0;19.5;61.7;18.9;51
ce02dc19-51ad-4207-a471-269f520dd806;2018-01-14T15:56:13.000+02:00;38.5;24.0;19.5;61.5;18.9;51
ce02dc19-51ad-4207-a471-269f520dd806;2018-01-14T16:01:17.000+02:00;38.1;25.0;19.5;61.5;19;50
ce02dc19-51ad-4207-a471-269f520dd806;2018-01-14T16:06:21.000+02:00;37.8;25.0;19.4;61.2;19;50
ce02dc19-51ad-4207-a471-269f520dd806;2018-01-14T16:11:20.000+02:00;37.6;25.0;19.4;61.0;19;50
ce02dc19-51ad-4207-a471-269f520dd806;2018-01-14T16:16:24.000+02:00;37.3;25.0;19.4;60.7;18.9;50
ce02dc19-51ad-4207-a471-269f520dd806;2018-01-14T16:21:28.000+02:00;37.2;25.0;19.4;60.4;18.9;50
ce02dc19-51ad-4207-a471-269f520dd806;2018-01-14T16:26:31.000+02:00;37.0;25.0;19.4;60.0;18.8;50
ce02dc19-51ad-4207-a471-269f520dd806;2018-01-14T16:36:38.000+02:00;36.9;25.0;19.3;59.1;18.7;50
ce02dc19-51ad-4207-a471-269f520dd806;2018-01-14T16:46:47.000+02:00;36.9;25.0;19.3;59.1;18.7;50
ce02dc19-51ad-4207-a471-269f520dd806;2018-01-14T16:51:50.000+02:00;36.8;26.0;19.3;59.3;18.7;50
ce02dc19-51ad-4207-a471-269f520dd806;2018-01-14T16:56:53.000+02:00;36.8;26.0;19.3;59.3;18.6;50
ce02dc19-51ad-4207-a471-269f520dd806;2018-01-14T17:01:57.000+02:00;36.6;26.0;19.3;59.4;18.6;50
ce02dc19-51ad-4207-a471-269f520dd806;2018-01-14T17:07:00.000+02:00;36.6;26.0;19.3;59.4;18.5;50
ce02dc19-51ad-4207-a471-269f520dd806;2018-01-14T17:12:04.000+02:00;36.6;26.0;19.3;59.4;18.5;51
ce02dc19-51ad-4207-a471-269f520dd806;2018-01-14T17:17:07.000+02:00;36.5;26.0;19.3;59.4;18.5;51
ce02dc19-51ad-4207-a471-269f520dd806;2018-01-14T17:22:08.000+02:00;36.5;26.0;19.3;59.4;18.5;51
ce02dc19-51ad-4207-a471-269f520dd806;2018-01-14T17:27:11.000+02:00;36.4;26.0;19.3;59.5;18.5;51
ce02dc19-51ad-4207-a471-269f520dd806;2018-01-14T17:32:15.000+02:00;36.4;26.0;19.3;59.5;18.5;51
ce02dc19-51ad-4207-a471-269f520dd806;2018-01-14T17:37:18.000+02:00;36.3;26.0;19.3;59.5;18.4;51
ce02dc19-51ad-4207-a471-269f520dd806;2018-01-14T17:42:22.000+02:00;36.4;26.0;19.3;59.5;18.4;51
ce02dc19-51ad-4207-a471-269f520dd806;2018-01-14T17:52:29.000+02:00;36.2;26.0;19.3;59.5;18.3;51
ce02dc19-51ad-4207-a471-269f520dd806;2018-01-14T18:02:35.000+02:00;36.1;26.0;19.3;59.5;18.3;51
ce02dc19-51ad-4207-a471-269f520dd806;2018-01-14T18:07:39.000+02:00;36.0;26.0;19.3;59.6;18.2;51
ce02dc19-51ad-4207-a471-269f520dd806;2018-01-14T18:12:43.000+02:00;36.0;26.0;19.3;59.6;18.2;51
ce02dc19-51ad-4207-a471-269f520dd806;2018-01-14T18:17:46.000+02:00;35.8;26.0;19.3;59.6;18.1;51
ce02dc19-51ad-4207-a471-269f520dd806;2018-01-14T18:22:49.000+02:00;35.8;26.0;19.3;59.6;18;51
ce02dc19-51ad-4207-a471-269f520dd806;2018-01-14T18:27:52.000+02:00;35.8;26.0;19.3;59.6;18;51
ce02dc19-51ad-4207-a471-269f520dd806;2018-01-14T18:32:56.000+02:00;35.7;26.0;19.3;59.7;18;52
ce02dc19-51ad-4207-a471-269f520dd806;2018-01-14T18:37:59.000+02:00;35.7;26.0;19.3;59.7;17.9;52
ce02dc19-51ad-4207-a471-269f520dd806;2018-01-14T18:43:02.000+02:00;35.7;26.0;19.3;59.7;17.9;52
ce02dc19-51ad-4207-a471-269f520dd806;2018-01-14T18:48:06.000+02:00;35.8;27.0;19.3;59.8;17.9;52
ce02dc19-51ad-4207-a471-269f520dd806;2018-01-14T18:53:06.000+02:00;36.0;27.0;19.3;59.8;18;52
ce02dc19-51ad-4207-a471-269f520dd806;2018-01-14T18:58:10.000+02:00;36.0;27.0;19.3;59.8;18;52
ce02dc19-51ad-4207-a471-269f520dd806;2018-01-14T19:03:14.000+02:00;36.0;27.0;19.3;59.8;18;52
ce02dc19-51ad-4207-a471-269f520dd806;2018-01-14T19:08:17.000+02:00;36.2;27.0;19.3;59.7;18;52
ce02dc19-51ad-4207-a471-269f520dd806;2018-01-14T19:18:23.000+02:00;36.0;27.0;19.3;59.8;18;52
ce02dc19-51ad-4207-a471-269f520dd806;2018-01-14T19:28:31.000+02:00;36.0;27.0;19.3;59.8;18.1;52
ce02dc19-51ad-4207-a471-269f520dd806;2018-01-14T19:33:35.000+02:00;35.9;27.0;19.3;59.8;18.1;52
ce02dc19-51ad-4207-a471-269f520dd806;2018-01-14T19:38:38.000+02:00;35.9;27.0;19.3;59.8;18.1;52
ce02dc19-51ad-4207-a471-269f520dd806;2018-01-14T19:43:42.000+02:00;36.0;27.0;19.3;59.8;18.1;52
ce02dc19-51ad-4207-a471-269f520dd806;2018-01-14T19:48:45.000+02:00;36.0;27.0;19.3;59.8;18.1;52
ce02dc19-51ad-4207-a471-269f520dd806;2018-01-14T19:53:48.000+02:00;36.2;27.0;19.3;59.7;18.3;51
ce02dc19-51ad-4207-a471-269f520dd806;2018-01-14T19:58:51.000+02:00;36.1;27.0;19.3;59.7;18.2;52
ce02dc19-51ad-4207-a471-269f520dd806;2018-01-14T20:03:55.000+02:00;36.1;27.0;19.3;59.7;18.2;51
ce02dc19-51ad-4207-a471-269f520dd806;2018-01-14T20:08:59.000+02:00;36.2;27.0;19.3;59.7;18.2;52
ce02dc19-51ad-4207-a471-269f520dd806;2018-01-14T20:14:02.000+02:00;36.0;27.0;19.3;59.8;18.2;52
ce02dc19-51ad-4207-a471-269f520dd806;2018-01-14T20:24:09.000+02:00;36.0;27.0;19.3;59.8;18.2;52
ce02dc19-51ad-4207-a471-269f520dd806;2018-01-14T20:34:14.000+02:00;36.2;27.0;19.3;59.7;18.2;52
ce02dc19-51ad-4207-a471-269f520dd806;2018-01-14T20:44:21.000+02:00;36.4;26.0;19.3;59.5;18.2;52
ce02dc19-51ad-4207-a471-269f520dd806;2018-01-14T20:49:25.000+02:00;36.4;26.0;19.3;59.5;18.2;52
ce02dc19-51ad-4207-a471-269f520dd806;2018-01-14T20:54:30.000+02:00;36.5;26.0;19.3;59.4;18.3;52
ce02dc19-51ad-4207-a471-269f520dd806;2018-01-14T20:59:33.000+02:00;36.4;26.0;19.3;59.5;18.3;52
ce02dc19-51ad-4207-a471-269f520dd806;2018-01-14T21:04:37.000+02:00;36.4;26.0;19.3;59.5;18.3;51
ce02dc19-51ad-4207-a471-269f520dd806;2018-01-14T21:09:41.000+02:00;36.2;26.0;19.3;59.5;18.2;51
ce02dc19-51ad-4207-a471-269f520dd806;2018-01-14T21:14:44.000+02:00;36.1;26.0;19.3;59.5;18.2;51
ce02dc19-51ad-4207-a471-269f520dd806;2018-01-14T21:19:47.000+02:00;36.1;26.0;19.3;59.5;18.1;51
ce02dc19-51ad-4207-a471-269f520dd806;2018-01-14T21:24:52.000+02:00;36.0;26.0;19.3;59.6;18;51
ce02dc19-51ad-4207-a471-269f520dd806;2018-01-14T21:29:55.000+02:00;35.9;26.0;19.3;59.6;17.9;51
ce02dc19-51ad-4207-a471-269f520dd806;2018-01-14T21:40:02.000+02:00;35.7;26.0;19.3;59.7;17.8;52
ce02dc19-51ad-4207-a471-269f520dd806;2018-01-14T21:50:09.000+02:00;39.3;26.0;19.5;61.6;17.8;52
ce02dc19-51ad-4207-a471-269f520dd806;2018-01-14T22:00:13.000+02:00;42.2;24.0;19.5;61.1;17.7;52
ce02dc19-51ad-4207-a471-269f520dd806;2018-01-14T22:05:17.000+02:00;42.7;24.0;19.6;61.1;17.7;52
ce02dc19-51ad-4207-a471-269f520dd806;2018-01-14T22:10:20.000+02:00;43.0;24.0;19.6;61.0;17.7;52
ce02dc19-51ad-4207-a471-269f520dd806;2018-01-14T22:15:24.000+02:00;43.1;23.0;19.6;60.8;17.7;52
ce02dc19-51ad-4207-a471-269f520dd806;2018-01-14T22:20:27.000+02:00;43.2;23.0;19.6;60.8;17.7;52
ce02dc19-51ad-4207-a471-269f520dd806;2018-01-14T22:25:29.000+02:00;43.3;23.0;19.7;60.7;17.7;52
ce02dc19-51ad-4207-a471-269f520dd806;2018-01-14T22:30:33.000+02:00;43.2;23.0;19.7;60.8;17.7;52
ce02dc19-51ad-4207-a471-269f520dd806;2018-01-14T22:35:36.000+02:00;43.3;23.0;19.8;60.9;17.7;52
ce02dc19-51ad-4207-a471-269f520dd806;2018-01-14T22:40:40.000+02:00;43.2;23.0;19.7;60.5;17.7;52
ce02dc19-51ad-4207-a471-269f520dd806;2018-01-14T22:45:44.000+02:00;43.1;23.0;19.7;60.6;17.7;52
ce02dc19-51ad-4207-a471-269f520dd806;2018-01-14T22:55:50.000+02:00;40.1;23.0;19.5;61.9;17.7;52
ce02dc19-51ad-4207-a471-269f520dd806;2018-01-14T23:05:55.000+02:00;36.9;24.0;19.5;61.9;17.7;51
ce02dc19-51ad-4207-a471-269f520dd806;2018-01-14T23:16:01.000+02:00;35.9;25.0;19.5;61.7;17.8;51
ce02dc19-51ad-4207-a471-269f520dd806;2018-01-14T23:21:05.000+02:00;35.5;25.0;19.5;61.5;17.8;52
ce02dc19-51ad-4207-a471-269f520dd806;2018-01-14T23:26:08.000+02:00;35.5;25.0;19.5;61.3;17.8;51
ce02dc19-51ad-4207-a471-269f520dd806;2018-01-14T23:31:11.000+02:00;35.4;25.0;19.5;61.0;17.7;51
ce02dc19-51ad-4207-a471-269f520dd806;2018-01-14T23:36:14.000+02:00;35.2;26.0;19.4;60.9;17.8;51
ce02dc19-51ad-4207-a471-269f520dd806;2018-01-14T23:41:18.000+02:00;35.4;26.0;19.4;60.4;17.7;51
ce02dc19-51ad-4207-a471-269f520dd806;2018-01-14T23:46:21.000+02:00;35.5;26.0;19.4;60.1;17.8;51
ce02dc19-51ad-4207-a471-269f520dd806;2018-01-14T23:51:25.000+02:00;35.6;26.0;19.3;59.7;17.8;51
ce02dc19-51ad-4207-a471-269f520dd806;2018-01-14T23:56:29.000+02:00;35.6;26.0;19.3;59.7;17.8;51
ce02dc19-51ad-4207-a471-269f520dd806;2018-01-15T00:01:32.000+02:00;35.5;26.0;19.3;59.7;17.8;51
ce02dc19-51ad-4207-a471-269f520dd806;2018-01-15T00:06:36.000+02:00;35.7;26.0;19.3;59.7;17.8;51
ce02dc19-51ad-4207-a471-269f520dd806;2018-01-15T00:11:39.000+02:00;35.7;26.0;19.3;59.7;17.7;51
ce02dc19-51ad-4207-a471-269f520dd806;2018-01-15T00:21:48.000+02:00;35.6;26.0;19.3;59.7;17.7;51
ce02dc19-51ad-4207-a471-269f520dd806;2018-01-15T00:31:52.000+02:00;35.6;26.0;19.3;59.7;17.6;51
ce02dc19-51ad-4207-a471-269f520dd806;2018-01-15T00:36:57.000+02:00;35.6;26.0;19.3;59.7;17.6;51
ce02dc19-51ad-4207-a471-269f520dd806;2018-01-15T00:42:00.000+02:00;35.5;26.0;19.3;59.7;17.5;51
ce02dc19-51ad-4207-a471-269f520dd806;2018-01-15T00:47:00.000+02:00;35.4;26.0;19.3;59.8;17.5;51
ce02dc19-51ad-4207-a471-269f520dd806;2018-01-15T00:52:03.000+02:00;35.4;26.0;19.3;59.8;17.4;51
ce02dc19-51ad-4207-a471-269f520dd806;2018-01-15T00:57:07.000+02:00;35.2;26.0;19.3;59.8;17.5;51
ce02dc19-51ad-4207-a471-269f520dd806;2018-01-15T01:02:10.000+02:00;35.3;26.0;19.3;59.8;17.4;51
ce02dc19-51ad-4207-a471-269f520dd806;2018-01-15T01:07:14.000+02:00;35.2;26.0;19.3;59.8;17.4;51
ce02dc19-51ad-4207-a471-269f520dd806;2018-01-15T01:12:17.000+02:00;35.3;26.0;19.3;59.8;17.4;51
ce02dc19-51ad-4207-a471-269f520dd806;2018-01-15T01:17:17.000+02:00;35.2;26.0;19.3;59.8;17.4;51
ce02dc19-51ad-4207-a471-269f520dd806;2018-01-15T01:22:20.000+02:00;35.1;26.0;19.3;59.8;17.4;51
ce02dc19-51ad-4207-a471-269f520dd806;2018-01-15T01:27:25.000+02:00;35.1;26.0;19.3;59.8;17.4;51
ce02dc19-51ad-4207-a471-269f520dd806;2018-01-15T01:32:28.000+02:00;35.0;26.0;19.3;59.9;17.4;51
ce02dc19-51ad-4207-a471-269f520dd806;2018-01-15T01:37:32.000+02:00;34.9;26.0;19.4;59.9;17.4;51
ce02dc19-51ad-4207-a471-269f520dd806;2018-01-15T01:47:39.000+02:00;35.0;26.0;19.3;59.9;17.4;51
ce02dc19-51ad-4207-a471-269f520dd806;2018-01-15T01:57:45.000+02:00;34.9;26.0;19.4;59.9;17.4;51
ce02dc19-51ad-4207-a471-269f520dd806;2018-01-15T02:07:52.000+02:00;34.8;26.0;19.4;59.9;17.4;51
ce02dc19-51ad-4207-a471-269f520dd806;2018-01-15T02:12:55.000+02:00;34.8;26.0;19.4;59.9;17.4;51
ce02dc19-51ad-4207-a471-269f520dd806;2018-01-15T02:17:59.000+02:00;34.7;26.0;19.4;59.9;17.4;51
ce02dc19-51ad-4207-a471-269f520dd806;2018-01-15T02:23:02.000+02:00;34.8;26.0;19.4;59.9;17.4;51
ce02dc19-51ad-4207-a471-269f520dd806;2018-01-15T02:28:06.000+02:00;34.7;26.0;19.4;59.9;17.5;51
ce02dc19-51ad-4207-a471-269f520dd806;2018-01-15T02:33:09.000+02:00;34.7;26.0;19.4;59.9;17.5;51
ce02dc19-51ad-4207-a471-269f520dd806;2018-01-15T02:38:14.000+02:00;34.7;26.0;19.4;59.9;17.5;51
ce02dc19-51ad-4207-a471-269f520dd806;2018-01-15T02:43:17.000+02:00;34.6;26.0;19.4;60.0;17.5;51
ce02dc19-51ad-4207-a471-269f520dd806;2018-01-15T02:48:20.000+02:00;34.5;26.0;19.4;60.0;17.5;51
ce02dc19-51ad-4207-a471-269f520dd806;2018-01-15T02:53:23.000+02:00;34.6;26.0;19.4;60.0;17.5;51
ce02dc19-51ad-4207-a471-269f520dd806;2018-01-15T03:03:30.000+02:00;34.5;26.0;19.4;60.0;17.4;51
ce02dc19-51ad-4207-a471-269f520dd806;2018-01-15T03:13:37.000+02:00;34.5;26.0;19.4;60.0;17.3;51
ce02dc19-51ad-4207-a471-269f520dd806;2018-01-15T03:23:41.000+02:00;34.5;26.0;19.4;60.0;17.2;51
ce02dc19-51ad-4207-a471-269f520dd806;2018-01-15T03:28:45.000+02:00;34.4;26.0;19.4;60.0;17.1;51
ce02dc19-51ad-4207-a471-269f520dd806;2018-01-15T03:33:48.000+02:00;34.3;26.0;19.4;60.1;17.1;51
ce02dc19-51ad-4207-a471-269f520dd806;2018-01-15T03:38:48.000+02:00;34.2;26.0;19.4;60.1;17;51
ce02dc19-51ad-4207-a471-269f520dd806;2018-01-15T03:43:52.000+02:00;34.2;26.0;19.4;60.1;17;51
ce02dc19-51ad-4207-a471-269f520dd806;2018-01-15T03:48:55.000+02:00;34.1;26.0;19.4;60.1;16.9;51
ce02dc19-51ad-4207-a471-269f520dd806;2018-01-15T03:53:58.000+02:00;34.2;26.0;19.4;60.1;16.9;51
ce02dc19-51ad-4207-a471-269f520dd806;2018-01-15T03:59:02.000+02:00;34.1;26.0;19.4;60.1;16.9;52
ce02dc19-51ad-4207-a471-269f520dd806;2018-01-15T04:04:05.000+02:00;33.9;26.0;19.4;60.2;16.8;52
ce02dc19-51ad-4207-a471-269f520dd806;2018-01-15T04:09:06.000+02:00;34.0;26.0;19.4;60.1;16.8;52
ce02dc19-51ad-4207-a471-269f520dd806;2018-01-15T04:14:09.000+02:00;33.8;26.0;19.4;60.2;16.8;52
ce02dc19-51ad-4207-a471-269f520dd806;2018-01-15T04:19:13.000+02:00;33.6;26.0;19.4;60.2;16.8;52
ce02dc19-51ad-4207-a471-269f520dd806;2018-01-15T04:29:19.000+02:00;33.4;26.0;19.4;60.3;16.7;52
ce02dc19-51ad-4207-a471-269f520dd806;2018-01-15T04:39:26.000+02:00;33.6;26.0;19.4;60.2;16.7;52
ce02dc19-51ad-4207-a471-269f520dd806;2018-01-15T04:49:32.000+02:00;33.1;26.0;19.4;60.4;16.6;52
ce02dc19-51ad-4207-a471-269f520dd806;2018-01-15T04:54:35.000+02:00;33.3;26.0;19.4;60.3;16.6;52
ce02dc19-51ad-4207-a471-269f520dd806;2018-01-15T04:59:39.000+02:00;33.4;26.0;19.4;60.3;16.6;52
ce02dc19-51ad-4207-a471-269f520dd806;2018-01-15T05:04:42.000+02:00;33.2;27.0;19.4;60.5;16.6;52
ce02dc19-51ad-4207-a471-269f520dd806;2018-01-15T05:09:46.000+02:00;33.4;27.0;19.4;60.4;16.6;52
ce02dc19-51ad-4207-a471-269f520dd806;2018-01-15T05:14:49.000+02:00;33.4;26.0;19.4;60.3;16.5;52
ce02dc19-51ad-4207-a471-269f520dd806;2018-01-15T05:19:53.000+02:00;33.2;27.0;19.4;60.5;16.5;52
ce02dc19-51ad-4207-a471-269f520dd806;2018-01-15T05:24:56.000+02:00;33.4;27.0;19.4;60.4;16.5;52
ce02dc19-51ad-4207-a471-269f520dd806;2018-01-15T05:29:58.000+02:00;33.3;27.0;19.4;60.5;16.5;52
ce02dc19-51ad-4207-a471-269f520dd806;2018-01-15T05:35:02.000+02:00;33.4;26.0;19.4;60.3;16.5;52
ce02dc19-51ad-4207-a471-269f520dd806;2018-01-15T05:45:09.000+02:00;33.3;27.0;19.4;60.5;16.4;52
ce02dc19-51ad-4207-a471-269f520dd806;2018-01-15T05:55:13.000+02:00;32.9;27.0;19.4;60.5;16.4;52
ce02dc19-51ad-4207-a471-269f520dd806;2018-01-15T06:05:19.000+02:00;33.2;26.0;19.4;60.3;16.4;52
ce02dc19-51ad-4207-a471-269f520dd806;2018-01-15T06:10:23.000+02:00;33.3;26.0;19.4;60.3;16.4;52
ce02dc19-51ad-4207-a471-269f520dd806;2018-01-15T06:15:26.000+02:00;33.2;27.0;19.4;60.5;16.4;52
ce02dc19-51ad-4207-a471-269f520dd806;2018-01-15T06:20:30.000+02:00;33.2;26.0;19.4;60.3;16.4;52
ce02dc19-51ad-4207-a471-269f520dd806;2018-01-15T06:25:32.000+02:00;33.2;26.0;19.4;60.3;16.4;52
ce02dc19-51ad-4207-a471-269f520dd806;2018-01-15T06:30:36.000+02:00;33.1;26.0;19.4;60.4;16.4;52
ce02dc19-51ad-4207-a471-269f520dd806;2018-01-15T06:35:39.000+02:00;33.2;26.0;19.4;60.3;16.4;52
ce02dc19-51ad-4207-a471-269f520dd806;2018-01-15T06:40:43.000+02:00;33.2;26.0;19.4;60.3;16.4;52
ce02dc19-51ad-4207-a471-269f520dd806;2018-01-15T06:45:46.000+02:00;33.1;26.0;19.4;60.4;16.4;52
ce02dc19-51ad-4207-a471-269f520dd806;2018-01-15T06:50:49.000+02:00;33.1;26.0;19.4;60.4;16.4;52
ce02dc19-51ad-4207-a471-269f520dd806;2018-01-15T07:00:57.000+02:00;33.0;26.0;19.4;60.4;16.3;52
ce02dc19-51ad-4207-a471-269f520dd806;2018-01-15T07:11:02.000+02:00;33.2;26.0;19.4;60.3;16.3;52
ce02dc19-51ad-4207-a471-269f520dd806;2018-01-15T07:21:10.000+02:00;33.1;27.0;19.4;60.5;16.3;52
ce02dc19-51ad-4207-a471-269f520dd806;2018-01-15T07:26:13.000+02:00;33.1;27.0;19.4;60.5;16.3;52
ce02dc19-51ad-4207-a471-269f520dd806;2018-01-15T07:31:17.000+02:00;33.0;27.0;19.4;60.5;16.3;53
ce02dc19-51ad-4207-a471-269f520dd806;2018-01-15T07:36:20.000+02:00;33.1;27.0;19.4;60.5;16.3;53
ce02dc19-51ad-4207-a471-269f520dd806;2018-01-15T07:41:23.000+02:00;33.1;27.0;19.4;60.5;16.4;53
ce02dc19-51ad-4207-a471-269f520dd806;2018-01-15T07:46:27.000+02:00;33.4;27.0;19.4;60.4;16.4;53
ce02dc19-51ad-4207-a471-269f520dd806;2018-01-15T07:51:29.000+02:00;33.5;27.0;19.4;60.4;16.5;52
ce02dc19-51ad-4207-a471-269f520dd806;2018-01-15T07:56:32.000+02:00;33.7;26.0;19.4;60.2;16.5;52
ce02dc19-51ad-4207-a471-269f520dd806;2018-01-15T08:01:37.000+02:00;33.9;26.0;19.4;60.2;16.5;51
ce02dc19-51ad-4207-a471-269f520dd806;2018-01-15T08:06:40.000+02:00;34.4;25.0;19.4;59.9;16.6;50
ce02dc19-51ad-4207-a471-269f520dd806;2018-01-15T08:16:47.000+02:00;34.9;25.0;19.4;59.7;16.9;50
ce02dc19-51ad-4207-a471-269f520dd806;2018-01-15T08:26:54.000+02:00;35.2;25.0;19.3;59.6;17.1;50
ce02dc19-51ad-4207-a471-269f520dd806;2018-01-15T08:36:59.000+02:00;35.3;25.0;19.3;59.6;17.2;50
ce02dc19-51ad-4207-a471-269f520dd806;2018-01-15T08:42:04.000+02:00;35.4;25.0;19.3;59.6;17.2;50
ce02dc19-51ad-4207-a471-269f520dd806;2018-01-15T08:47:07.000+02:00;35.3;25.0;19.3;59.6;17.2;50
ce02dc19-51ad-4207-a471-269f520dd806;2018-01-15T08:52:09.000+02:00;35.7;25.0;19.3;59.5;17.4;50
ce02dc19-51ad-4207-a471-269f520dd806;2018-01-15T08:57:12.000+02:00;35.8;25.0;19.3;59.4;17.4;50
ce02dc19-51ad-4207-a471-269f520dd806;2018-01-15T09:02:18.000+02:00;36.0;25.0;19.3;59.4;17.5;49
ce02dc19-51ad-4207-a471-269f520dd806;2018-01-15T09:07:21.000+02:00;36.0;25.0;19.3;59.4;17.6;49
ce02dc19-51ad-4207-a471-269f520dd806;2018-01-15T09:12:23.000+02:00;36.2;25.0;19.3;59.3;17.7;49
ce02dc19-51ad-4207-a471-269f520dd806;2018-01-15T09:17:27.000+02:00;36.3;25.0;19.3;59.3;17.7;49
ce02dc19-51ad-4207-a471-269f520dd806;2018-01-15T09:22:31.000+02:00;36.3;25.0;19.3;59.3;17.8;49
ce02dc19-51ad-4207-a471-269f520dd806;2018-01-15T09:32:36.000+02:00;36.2;25.0;19.3;59.3;17.8;49
ce02dc19-51ad-4207-a471-269f520dd806;2018-01-15T09:42:43.000+02:00;36.2;25.0;19.3;59.3;17.8;49
ce02dc19-51ad-4207-a471-269f520dd806;2018-01-15T09:52:50.000+02:00;36.2;25.0;19.3;59.3;17.8;49
ce02dc19-51ad-4207-a471-269f520dd806;2018-01-15T09:57:54.000+02:00;36.6;25.0;19.3;59.2;17.9;49
ce02dc19-51ad-4207-a471-269f520dd806;2018-01-15T10:02:57.000+02:00;36.8;25.0;19.3;59.1;18;49
ce02dc19-51ad-4207-a471-269f520dd806;2018-01-15T10:08:00.000+02:00;36.8;25.0;19.3;59.1;18.1;49
ce02dc19-51ad-4207-a471-269f520dd806;2018-01-15T10:13:04.000+02:00;37.0;25.0;19.3;59.0;18.2;49
ce02dc19-51ad-4207-a471-269f520dd806;2018-01-15T10:18:08.000+02:00;36.9;25.0;19.3;59.1;18.3;49
ce02dc19-51ad-4207-a471-269f520dd806;2018-01-15T10:23:11.000+02:00;37.0;25.0;19.3;59.0;18.3;49
ce02dc19-51ad-4207-a471-269f520dd806;2018-01-15T10:28:15.000+02:00;37.0;25.0;19.3;59.0;18.4;49
ce02dc19-51ad-4207-a471-269f520dd806;2018-01-15T10:33:18.000+02:00;37.0;25.0;19.3;59.0;18.4;48
ce02dc19-51ad-4207-a471-269f520dd806;2018-01-15T10:38:22.000+02:00;37.0;25.0;19.3;59.0;18.4;48
ce02dc19-51ad-4207-a471-269f520dd806;2018-01-15T10:43:22.000+02:00;36.9;25.0;19.3;59.1;18.4;48
ce02dc19-51ad-4207-a471-269f520dd806;2018-01-15T10:48:25.000+02:00;36.8;25.0;19.3;59.1;18.4;48
ce02dc19-51ad-4207-a471-269f520dd806;2018-01-15T10:58:33.000+02:00;36.7;25.0;19.3;59.1;18.4;48
ce02dc19-51ad-4207-a471-269f520dd806;2018-01-15T11:08:41.000+02:00;36.8;25.0;19.3;59.1;18.3;48
ce02dc19-51ad-4207-a471-269f520dd806;2018-01-15T11:13:43.000+02:00;36.7;24.0;19.3;58.9;18.3;48
ce02dc19-51ad-4207-a471-269f520dd806;2018-01-15T11:18:46.000+02:00;36.7;25.0;19.3;59.1;18.3;48
ce02dc19-51ad-4207-a471-269f520dd806;2018-01-15T11:23:51.000+02:00;36.8;25.0;19.3;59.1;18.4;48
ce02dc19-51ad-4207-a471-269f520dd806;2018-01-15T11:28:54.000+02:00;36.9;25.0;19.3;59.1;18.4;48
ce02dc19-51ad-4207-a471-269f520dd806;2018-01-15T11:33:58.000+02:00;37.1;25.0;19.3;59.0;18.5;48
ce02dc19-51ad-4207-a471-269f520dd806;2018-01-15T11:39:01.000+02:00;37.1;25.0;19.3;59.0;18.5;48
ce02dc19-51ad-4207-a471-269f520dd806;2018-01-15T11:44:05.000+02:00;37.2;25.0;19.2;59.0;18.6;48
ce02dc19-51ad-4207-a471-269f520dd806;2018-01-15T11:49:09.000+02:00;37.2;25.0;19.2;59.0;18.6;48
ce02dc19-51ad-4207-a471-269f520dd806;2018-01-15T11:54:12.000+02:00;37.1;25.0;19.3;59.0;18.6;48
ce02dc19-51ad-4207-a471-269f520dd806;2018-01-15T12:04:16.000+02:00;37.0;25.0;19.3;59.0;18.6;48
ce02dc19-51ad-4207-a471-269f520dd806;2018-01-15T12:14:22.000+02:00;37.1;25.0;19.3;59.0;18.6;48
ce02dc19-51ad-4207-a471-269f520dd806;2018-01-15T12:24:29.000+02:00;37.4;24.0;19.2;58.7;18.7;48
ce02dc19-51ad-4207-a471-269f520dd806;2018-01-15T12:29:33.000+02:00;37.6;24.0;19.2;58.6;18.8;48
ce02dc19-51ad-4207-a471-269f520dd806;2018-01-15T12:34:37.000+02:00;37.8;24.0;19.2;58.5;19;48
ce02dc19-51ad-4207-a471-269f520dd806;2018-01-15T12:39:40.000+02:00;37.8;24.0;19.2;58.5;19.1;48
ce02dc19-51ad-4207-a471-269f520dd806;2018-01-15T12:44:40.000+02:00;37.9;24.0;19.2;58.5;19.1;47
ce02dc19-51ad-4207-a471-269f520dd806;2018-01-15T12:49:44.000+02:00;37.8;24.0;19.2;58.5;19.2;47
ce02dc19-51ad-4207-a471-269f520dd806;2018-01-15T12:54:47.000+02:00;37.8;24.0;19.2;58.5;19.2;47
ce02dc19-51ad-4207-a471-269f520dd806;2018-01-15T12:59:51.000+02:00;37.8;24.0;19.2;58.5;19.2;47
ce02dc19-51ad-4207-a471-269f520dd806;2018-01-15T13:04:54.000+02:00;37.7;24.0;19.2;58.6;19.2;47
ce02dc19-51ad-4207-a471-269f520dd806;2018-01-15T13:09:58.000+02:00;37.6;24.0;19.2;58.6;19.1;47
ce02dc19-51ad-4207-a471-269f520dd806;2018-01-15T13:15:01.000+02:00;37.5;24.0;19.2;58.6;19.1;47
ce02dc19-51ad-4207-a471-269f520dd806;2018-01-15T13:20:05.000+02:00;37.3;24.0;19.2;58.7;19;47
ce02dc19-51ad-4207-a471-269f520dd806;2018-01-15T13:30:12.000+02:00;37.2;24.0;19.3;58.7;18.9;47
ce02dc19-51ad-4207-a471-269f520dd806;2018-01-15T13:40:21.000+02:00;37.1;24.0;19.3;58.8;18.8;47
ce02dc19-51ad-4207-a471-269f520dd806;2018-01-15T13:45:23.000+02:00;37.1;24.0;19.3;58.8;18.8;47
ce02dc19-51ad-4207-a471-269f520dd806;2018-01-15T13:50:26.000+02:00;36.9;24.0;19.3;58.9;18.7;47
ce02dc19-51ad-4207-a471-269f520dd806;2018-01-15T13:55:30.000+02:00;37.1;24.0;19.3;58.8;18.8;47
ce02dc19-51ad-4207-a471-269f520dd806;2018-01-15T14:00:34.000+02:00;37.1;24.0;19.3;58.8;18.7;47
ce02dc19-51ad-4207-a471-269f520dd806;2018-01-15T14:05:38.000+02:00;37.0;24.0;19.3;58.8;18.7;47
ce02dc19-51ad-4207-a471-269f520dd806;2018-01-15T14:10:41.000+02:00;36.9;24.0;19.3;58.9;18.7;47
ce02dc19-51ad-4207-a471-269f520dd806;2018-01-15T14:15:42.000+02:00;37.0;24.0;19.3;58.8;18.7;47
ce02dc19-51ad-4207-a471-269f520dd806;2018-01-15T14:20:45.000+02:00;37.2;24.0;19.3;58.7;18.7;48
ce02dc19-51ad-4207-a471-269f520dd806;2018-01-15T14:25:49.000+02:00;37.3;24.0;19.2;58.7;18.8;47
ce02dc19-51ad-4207-a471-269f520dd806;2018-01-15T14:30:52.000+02:00;37.4;24.0;19.2;58.7;18.9;47
ce02dc19-51ad-4207-a471-269f520dd806;2018-01-15T14:35:53.000+02:00;37.5;24.0;19.2;58.6;18.9;47
ce02dc19-51ad-4207-a471-269f520dd806;2018-01-15T14:46:00.000+02:00;37.7;24.0;19.2;58.6;19.1;47
ce02dc19-51ad-4207-a471-269f520dd806;2018-01-15T14:56:07.000+02:00;37.6;24.0;19.2;58.6;19.1;47
ce02dc19-51ad-4207-a471-269f520dd806;2018-01-15T15:06:14.000+02:00;37.7;24.0;19.0;58.0;19.2;47
ce02dc19-51ad-4207-a471-269f520dd806;2018-01-15T15:11:17.000+02:00;37.9;24.0;19.0;57.9;19.2;47
ce02dc19-51ad-4207-a471-269f520dd806;2018-01-15T15:16:21.000+02:00;37.9;24.0;19.0;57.9;19.3;47
ce02dc19-51ad-4207-a471-269f520dd806;2018-01-15T15:21:24.000+02:00;38.1;24.0;18.9;57.8;19.4;47
ce02dc19-51ad-4207-a471-269f520dd806;2018-01-15T15:26:28.000+02:00;38.2;24.0;19.2;58.4;19.5;47
ce02dc19-51ad-4207-a471-269f520dd806;2018-01-15T15:31:31.000+02:00;38.2;24.0;19.2;58.4;19.5;47
ce02dc19-51ad-4207-a471-269f520dd806;2018-01-15T15:36:35.000+02:00;38.2;24.0;19.2;58.4;19.6;46
ce02dc19-51ad-4207-a471-269f520dd806;2018-01-15T15:41:38.000+02:00;38.3;24.0;19.2;58.3;19.6;46
ce02dc19-51ad-4207-a471-269f520dd806;2018-01-15T15:46:42.000+02:00;38.2;24.0;19.2;58.4;19.7;46
ce02dc19-51ad-4207-a471-269f520dd806;2018-01-15T15:51:45.000+02:00;38.0;24.0;19.2;58.4;19.6;46
ce02dc19-51ad-4207-a471-269f520dd806;2018-01-15T16:01:52.000+02:00;38.0;24.0;19.2;58.4;19.5;46
ce02dc19-51ad-4207-a471-269f520dd806;2018-01-15T16:11:59.000+02:00;38.0;24.0;19.2;58.4;19.5;46
ce02dc19-51ad-4207-a471-269f520dd806;2018-01-15T16:22:07.000+02:00;38.0;24.0;19.5;62.0;19.6;46
ce02dc19-51ad-4207-a471-269f520dd806;2018-01-15T16:27:07.000+02:00;38.0;24.0;19.5;61.8;19.6;46
ce02dc19-51ad-4207-a471-269f520dd806;2018-01-15T16:32:10.000+02:00;37.9;24.0;19.5;61.6;19.6;46
ce02dc19-51ad-4207-a471-269f520dd806;2018-01-15T16:37:14.000+02:00;37.8;24.0;19.5;61.4;19.6;46
ce02dc19-51ad-4207-a471-269f520dd806;2018-01-15T16:42:18.000+02:00;37.7;24.0;19.5;61.2;19.5;47
ce02dc19-51ad-4207-a471-269f520dd806;2018-01-15T16:47:22.000+02:00;37.5;24.0;19.4;60.9;19.5;46
ce02dc19-51ad-4207-a471-269f520dd806;2018-01-15T16:52:26.000+02:00;37.5;24.0;19.4;60.6;19.5;47
ce02dc19-51ad-4207-a471-269f520dd806;2018-01-15T16:57:27.000+02:00;37.6;24.0;19.4;60.1;19.4;47
ce02dc19-51ad-4207-a471-269f520dd806;2018-01-15T17:02:30.000+02:00;37.5;25.0;19.4;60.0;19.4;47
ce02dc19-51ad-4207-a471-269f520dd806;2018-01-15T17:07:34.000+02:00;37.4;25.0;19.3;59.4;19.4;47
ce02dc19-51ad-4207-a471-269f520dd806;2018-01-15T17:17:40.000+02:00;37.2;25.0;19.2;59.0;19.3;47
ce02dc19-51ad-4207-a471-269f520dd806;2018-01-15T17:27:48.000+02:00;37.0;25.0;19.3;59.0;19.1;48
ce02dc19-51ad-4207-a471-269f520dd806;2018-01-15T17:37:55.000+02:00;36.8;25.0;19.3;59.1;19;48
ce02dc19-51ad-4207-a471-269f520dd806;2018-01-15T17:42:59.000+02:00;36.7;25.0;19.3;59.1;18.9;48
ce02dc19-51ad-4207-a471-269f520dd806;2018-01-15T17:48:01.000+02:00;36.6;25.0;19.3;59.2;18.8;48
ce02dc19-51ad-4207-a471-269f520dd806;2018-01-15T17:53:05.000+02:00;36.5;25.0;19.3;59.2;18.7;49
ce02dc19-51ad-4207-a471-269f520dd806;2018-01-15T17:58:08.000+02:00;36.5;25.0;19.3;59.2;18.7;49
ce02dc19-51ad-4207-a471-269f520dd806;2018-01-15T18:03:12.000+02:00;36.5;26.0;19.3;59.4;18.7;49
ce02dc19-51ad-4207-a471-269f520dd806;2018-01-15T18:08:16.000+02:00;36.7;26.0;19.3;59.4;18.7;49
ce02dc19-51ad-4207-a471-269f520dd806;2018-01-15T18:13:19.000+02:00;36.7;26.0;19.3;59.4;18.7;50
ce02dc19-51ad-4207-a471-269f520dd806;2018-01-15T18:18:24.000+02:00;36.8;26.0;19.3;59.3;18.8;50
ce02dc19-51ad-4207-a471-269f520dd806;2018-01-15T18:23:27.000+02:00;36.8;26.0;19.3;59.3;18.8;50
ce02dc19-51ad-4207-a471-269f520dd806;2018-01-15T18:33:35.000+02:00;36.7;26.0;19.3;59.4;18.9;50
ce02dc19-51ad-4207-a471-269f520dd806;2018-01-15T18:43:42.000+02:00;36.9;26.0;19.3;59.3;18.9;50
ce02dc19-51ad-4207-a471-269f520dd806;2018-01-15T18:53:48.000+02:00;36.9;26.0;19.3;59.3;18.9;50
ce02dc19-51ad-4207-a471-269f520dd806;2018-01-15T18:58:51.000+02:00;36.9;26.0;19.3;59.3;18.9;50
ce02dc19-51ad-4207-a471-269f520dd806;2018-01-15T19:03:55.000+02:00;36.9;26.0;19.3;59.3;18.9;50
ce02dc19-51ad-4207-a471-269f520dd806;2018-01-15T19:08:55.000+02:00;36.8;25.0;19.3;59.1;18.9;50
ce02dc19-51ad-4207-a471-269f520dd806;2018-01-15T19:13:59.000+02:00;36.7;25.0;19.3;59.1;18.9;50
ce02dc19-51ad-4207-a471-269f520dd806;2018-01-15T19:19:02.000+02:00;36.9;25.0;19.3;59.1;18.9;50
ce02dc19-51ad-4207-a471-269f520dd806;2018-01-15T19:24:05.000+02:00;37.2;25.0;19.2;59.0;18.9;49
ce02dc19-51ad-4207-a471-269f520dd806;2018-01-15T19:29:10.000+02:00;37.3;25.0;19.2;58.9;19.1;49
ce02dc19-51ad-4207-a471-269f520dd806;2018-01-15T19:34:13.000+02:00;37.4;25.0;19.2;58.9;19.1;49
ce02dc19-51ad-4207-a471-269f520dd806;2018-01-15T19:39:17.000+02:00;37.4;25.0;19.2;58.9;19.2;49
ce02dc19-51ad-4207-a471-269f520dd806;2018-01-15T19:49:20.000+02:00;37.6;25.0;19.2;58.8;19.3;49
ce02dc19-51ad-4207-a471-269f520dd806;2018-01-15T19:59:28.000+02:00;37.6;25.0;19.2;58.8;19.3;49
ce02dc19-51ad-4207-a471-269f520dd806;2018-01-15T20:09:36.000+02:00;37.5;25.0;19.2;58.9;19.4;49
ce02dc19-51ad-4207-a471-269f520dd806;2018-01-15T20:14:39.000+02:00;37.8;25.0;19.2;58.8;19.4;49
ce02dc19-51ad-4207-a471-269f520dd806;2018-01-15T20:19:38.000+02:00;37.8;25.0;19.2;58.8;19.5;49
ce02dc19-51ad-4207-a471-269f520dd806;2018-01-15T20:24:42.000+02:00;37.9;25.0;19.2;58.7;19.5;49
ce02dc19-51ad-4207-a471-269f520dd806;2018-01-15T20:29:46.000+02:00;37.8;25.0;19.2;58.8;19.5;48
ce02dc19-51ad-4207-a471-269f520dd806;2018-01-15T20:34:49.000+02:00;37.6;25.0;19.2;58.8;19.5;48
ce02dc19-51ad-4207-a471-269f520dd806;2018-01-15T20:39:54.000+02:00;37.6;25.0;19.2;58.8;19.5;48
ce02dc19-51ad-4207-a471-269f520dd806;2018-01-15T20:44:58.000+02:00;37.5;25.0;19.2;58.9;19.5;48
ce02dc19-51ad-4207-a471-269f520dd806;2018-01-15T20:50:00.000+02:00;37.5;25.0;19.2;58.9;19.4;48
ce02dc19-51ad-4207-a471-269f520dd806;2018-01-15T20:55:04.000+02:00;37.3;25.0;19.2;58.9;19.3;48
ce02dc19-51ad-4207-a471-269f520dd806;2018-01-15T21:00:08.000+02:00;37.2;25.0;19.2;59.0;19.3;48
ce02dc19-51ad-4207-a471-269f520dd806;2018-01-15T21:05:11.000+02:00;37.2;25.0;19.2;59.0;19.2;48
ce02dc19-51ad-4207-a471-269f520dd806;2018-01-15T21:15:18.000+02:00;37.4;25.0;19.2;58.9;19.1;48
ce02dc19-51ad-4207-a471-269f520dd806;2018-01-15T21:25:25.000+02:00;37.7;25.0;19.2;58.8;19.2;48
ce02dc19-51ad-4207-a471-269f520dd806;2018-01-15T21:30:29.000+02:00;37.8;25.0;19.2;58.8;19.3;48
ce02dc19-51ad-4207-a471-269f520dd806;2018-01-15T21:35:32.000+02:00;37.8;25.0;19.2;58.8;19.4;48
ce02dc19-51ad-4207-a471-269f520dd806;2018-01-15T21:40:33.000+02:00;37.8;25.0;19.2;58.8;19.4;48
ce02dc19-51ad-4207-a471-269f520dd806;2018-01-15T21:45:36.000+02:00;37.8;25.0;19.2;58.8;19.4;48
ce02dc19-51ad-4207-a471-269f520dd806;2018-01-15T21:50:40.000+02:00;37.7;25.0;19.2;58.8;19.4;48
ce02dc19-51ad-4207-a471-269f520dd806;2018-01-15T21:55:43.000+02:00;37.5;25.0;19.2;58.9;19.4;48
ce02dc19-51ad-4207-a471-269f520dd806;2018-01-15T22:00:47.000+02:00;37.5;25.0;19.2;58.9;19.4;47
ce02dc19-51ad-4207-a471-269f520dd806;2018-01-15T22:05:51.000+02:00;37.6;25.0;18.8;57.8;19.4;48
ce02dc19-51ad-4207-a471-269f520dd806;2018-01-15T22:10:55.000+02:00;37.6;25.0;18.8;57.8;19.4;48
ce02dc19-51ad-4207-a471-269f520dd806;2018-01-15T22:15:59.000+02:00;37.6;25.0;18.8;57.8;19.4;48
ce02dc19-51ad-4207-a471-269f520dd806;2018-01-15T22:21:02.000+02:00;37.5;25.0;18.8;57.8;19.4;48
ce02dc19-51ad-4207-a471-269f520dd806;2018-01-15T22:31:09.000+02:00;37.5;25.0;18.2;56.6;19.3;47
ce02dc19-51ad-4207-a471-269f520dd806;2018-01-15T22:41:16.000+02:00;37.4;24.0;19.2;58.7;19.3;47
ce02dc19-51ad-4207-a471-269f520dd806;2018-01-15T22:46:19.000+02:00;37.5;24.0;19.2;58.6;19.2;47
ce02dc19-51ad-4207-a471-269f520dd806;2018-01-15T22:51:23.000+02:00;37.6;24.0;19.2;58.6;19.3;47
ce02dc19-51ad-4207-a471-269f520dd806;2018-01-15T22:56:27.000+02:00;37.6;24.0;19.2;58.6;19.3;47
ce02dc19-51ad-4207-a471-269f520dd806;2018-01-15T23:01:30.000+02:00;37.6;24.0;19.2;58.6;19.3;47
ce02dc19-51ad-4207-a471-269f520dd806;2018-01-15T23:06:34.000+02:00;37.6;24.0;19.2;58.6;19.3;47
ce02dc19-51ad-4207-a471-269f520dd806;2018-01-15T23:11:37.000+02:00;37.5;24.0;19.2;58.6;19.3;47
ce02dc19-51ad-4207-a471-269f520dd806;2018-01-15T23:16:41.000+02:00;37.5;24.0;19.2;58.6;19.2;47
ce02dc19-51ad-4207-a471-269f520dd806;2018-01-15T23:21:45.000+02:00;37.5;24.0;19.2;58.6;19.2;47
ce02dc19-51ad-4207-a471-269f520dd806;2018-01-15T23:26:48.000+02:00;37.3;24.0;19.2;58.7;19.2;47
ce02dc19-51ad-4207-a471-269f520dd806;2018-01-15T23:36:56.000+02:00;37.3;24.0;19.2;58.7;19.1;47
ce02dc19-51ad-4207-a471-269f520dd806;2018-01-15T23:47:03.000+02:00;37.1;24.0;19.3;58.8;19;47
ce02dc19-51ad-4207-a471-269f520dd806;2018-01-15T23:57:10.000+02:00;37.0;24.0;19.3;58.8;18.9;47
ce02dc19-51ad-4207-a471-269f520dd806;2018-01-16T00:02:14.000+02:00;36.9;24.0;19.3;58.9;18.9;47
ce02dc19-51ad-4207-a471-269f520dd806;2018-01-16T00:07:18.000+02:00;36.8;24.0;19.3;58.9;18.8;48
ce02dc19-51ad-4207-a471-269f520dd806;2018-01-16T00:12:22.000+02:00;36.7;24.0;19.3;58.9;18.8;48
ce02dc19-51ad-4207-a471-269f520dd806;2018-01-16T00:17:25.000+02:00;36.6;24.0;19.3;59.0;18.7;48
ce02dc19-51ad-4207-a471-269f520dd806;2018-01-16T00:22:29.000+02:00;36.6;24.0;19.3;59.0;18.7;48
ce02dc19-51ad-4207-a471-269f520dd806;2018-01-16T00:27:33.000+02:00;36.5;24.0;19.3;59.0;18.6;48
ce02dc19-51ad-4207-a471-269f520dd806;2018-01-16T00:32:36.000+02:00;36.3;24.0;19.3;59.1;18.5;48
ce02dc19-51ad-4207-a471-269f520dd806;2018-01-16T00:37:39.000+02:00;36.2;25.0;19.3;59.3;18.5;48
ce02dc19-51ad-4207-a471-269f520dd806;2018-01-16T00:42:44.000+02:00;36.2;25.0;19.3;59.3;18.4;48
ce02dc19-51ad-4207-a471-269f520dd806;2018-01-16T00:52:51.000+02:00;36.0;25.0;19.3;59.4;18.3;48
ce02dc19-51ad-4207-a471-269f520dd806;2018-01-16T01:02:58.000+02:00;35.8;25.0;19.3;59.4;18.2;48
ce02dc19-51ad-4207-a471-269f520dd806;2018-01-16T01:08:01.000+02:00;35.8;25.0;19.3;59.4;18.1;48
ce02dc19-51ad-4207-a471-269f520dd806;2018-01-16T01:13:05.000+02:00;35.7;25.0;19.3;59.5;18.1;48
ce02dc19-51ad-4207-a471-269f520dd806;2018-01-16T01:18:08.000+02:00;35.6;25.0;19.3;59.5;18.1;49
ce02dc19-51ad-4207-a471-269f520dd806;2018-01-16T01:23:12.000+02:00;35.5;25.0;19.3;59.5;18.1;49
ce02dc19-51ad-4207-a471-269f520dd806;2018-01-16T01:28:16.000+02:00;35.5;25.0;19.3;59.5;18;49
ce02dc19-51ad-4207-a471-269f520dd806;2018-01-16T01:33:19.000+02:00;35.5;25.0;19.3;59.5;18;49
ce02dc19-51ad-4207-a471-269f520dd806;2018-01-16T01:38:22.000+02:00;35.4;25.0;19.3;59.6;18;49
ce02dc19-51ad-4207-a471-269f520dd806;2018-01-16T01:43:23.000+02:00;35.1;25.0;19.4;59.7;18;49
ce02dc19-51ad-4207-a471-269f520dd806;2018-01-16T01:48:26.000+02:00;35.3;25.0;19.3;59.6;18;49
ce02dc19-51ad-4207-a471-269f520dd806;2018-01-16T01:53:29.000+02:00;35.4;25.0;19.3;59.6;18;49
ce02dc19-51ad-4207-a471-269f520dd806;2018-01-16T01:58:33.000+02:00;35.2;25.0;19.3;59.6;18;49
ce02dc19-51ad-4207-a471-269f520dd806;2018-01-16T02:08:41.000+02:00;35.2;25.0;19.3;59.6;18;49
ce02dc19-51ad-4207-a471-269f520dd806;2018-01-16T02:18:47.000+02:00;35.1;25.0;19.4;59.7;18;49
ce02dc19-51ad-4207-a471-269f520dd806;2018-01-16T02:28:54.000+02:00;34.9;25.0;19.4;59.7;18.1;49
ce02dc19-51ad-4207-a471-269f520dd806;2018-01-16T02:33:58.000+02:00;35.0;25.0;19.4;59.7;18.2;49
ce02dc19-51ad-4207-a471-269f520dd806;2018-01-16T02:39:02.000+02:00;35.1;25.0;19.4;59.7;18.1;49
ce02dc19-51ad-4207-a471-269f520dd806;2018-01-16T02:44:04.000+02:00;35.0;25.0;19.4;59.7;18.1;49
ce02dc19-51ad-4207-a471-269f520dd806;2018-01-16T02:49:07.000+02:00;35.1;25.0;19.4;59.7;18;49
ce02dc19-51ad-4207-a471-269f520dd806;2018-01-16T02:54:08.000+02:00;34.9;25.0;19.4;59.7;17.9;49
ce02dc19-51ad-4207-a471-269f520dd806;2018-01-16T02:59:12.000+02:00;34.8;25.0;19.4;59.7;17.9;49
ce02dc19-51ad-4207-a471-269f520dd806;2018-01-16T03:04:15.000+02:00;34.8;25.0;19.4;59.7;17.8;49
ce02dc19-51ad-4207-a471-269f520dd806;2018-01-16T03:09:18.000+02:00;34.8;25.0;19.4;59.7;17.7;49
ce02dc19-51ad-4207-a471-269f520dd806;2018-01-16T03:14:19.000+02:00;34.7;25.0;19.4;59.8;17.7;49
ce02dc19-51ad-4207-a471-269f520dd806;2018-01-16T03:19:22.000+02:00;34.7;25.0;19.4;59.8;17.6;49
ce02dc19-51ad-4207-a471-269f520dd806;2018-01-16T03:24:26.000+02:00;34.5;25.0;19.4;59.8;17.5;49
ce02dc19-51ad-4207-a471-269f520dd806;2018-01-16T03:34:33.000+02:00;34.5;25.0;19.4;59.8;17.4;49
ce02dc19-51ad-4207-a471-269f520dd806;2018-01-16T03:44:40.000+02:00;34.7;25.0;19.4;59.8;17.3;50
ce02dc19-51ad-4207-a471-269f520dd806;2018-01-16T03:54:46.000+02:00;34.5;25.0;19.4;59.8;17.2;50
ce02dc19-51ad-4207-a471-269f520dd806;2018-01-16T03:59:49.000+02:00;34.3;25.0;19.4;59.9;17.2;50
ce02dc19-51ad-4207-a471-269f520dd806;2018-01-16T04:04:52.000+02:00;34.2;25.0;19.4;59.9;17.2;50
ce02dc19-51ad-4207-a471-269f520dd806;2018-01-16T04:09:56.000+02:00;34.2;25.0;19.4;59.9;17.1;50
ce02dc19-51ad-4207-a471-269f520dd806;2018-01-16T04:14:59.000+02:00;34.1;25.0;19.4;60.0;17.1;50
ce02dc19-51ad-4207-a471-269f520dd806;2018-01-16T04:20:03.000+02:00;34.2;25.0;19.4;59.9;17.1;50
ce02dc19-51ad-4207-a471-269f520dd806;2018-01-16T04:25:07.000+02:00;34.1;25.0;19.4;60.0;17.1;50
ce02dc19-51ad-4207-a471-269f520dd806;2018-01-16T04:30:10.000+02:00;34.1;26.0;19.4;60.1;17.1;50
ce02dc19-51ad-4207-a471-269f520dd806;2018-01-16T04:35:15.000+02:00;33.8;25.0;19.4;60.0;17.1;50
ce02dc19-51ad-4207-a471-269f520dd806;2018-01-16T04:40:18.000+02:00;33.8;25.0;19.4;60.0;17;50
ce02dc19-51ad-4207-a471-269f520dd806;2018-01-16T04:50:25.000+02:00;33.7;26.0;19.4;60.2;17;50
ce02dc19-51ad-4207-a471-269f520dd806;2018-01-16T05:00:30.000+02:00;33.8;26.0;19.4;60.2;17;50
ce02dc19-51ad-4207-a471-269f520dd806;2018-01-16T05:05:35.000+02:00;33.7;26.0;19.4;60.2;17;50
ce02dc19-51ad-4207-a471-269f520dd806;2018-01-16T05:10:38.000+02:00;33.4;26.0;19.4;60.3;17;50
ce02dc19-51ad-4207-a471-269f520dd806;2018-01-16T05:15:42.000+02:00;33.7;26.0;19.4;60.2;17;50
ce02dc19-51ad-4207-a471-269f520dd806;2018-01-16T05:20:45.000+02:00;33.5;26.0;19.4;60.3;17;50
ce02dc19-51ad-4207-a471-269f520dd806;2018-01-16T05:25:47.000+02:00;33.5;26.0;19.4;60.3;17;50
ce02dc19-51ad-4207-a471-269f520dd806;2018-01-16T05:30:50.000+02:00;33.5;26.0;19.4;60.3;16.9;50
ce02dc19-51ad-4207-a471-269f520dd806;2018-01-16T05:35:51.000+02:00;33.6;26.0;19.4;60.2;17;50
ce02dc19-51ad-4207-a471-269f520dd806;2018-01-16T05:40:55.000+02:00;33.9;26.0;19.4;60.2;16.9;50
ce02dc19-51ad-4207-a471-269f520dd806;2018-01-16T05:45:58.000+02:00;33.5;26.0;19.4;60.3;16.9;50
ce02dc19-51ad-4207-a471-269f520dd806;2018-01-16T05:51:01.000+02:00;33.5;26.0;19.4;60.3;16.9;50
ce02dc19-51ad-4207-a471-269f520dd806;2018-01-16T05:56:05.000+02:00;33.6;26.0;19.4;60.2;16.9;50
ce02dc19-51ad-4207-a471-269f520dd806;2018-01-16T06:06:11.000+02:00;33.5;26.0;19.4;60.3;16.9;50
ce02dc19-51ad-4207-a471-269f520dd806;2018-01-16T06:16:18.000+02:00;33.7;26.0;19.4;60.2;16.9;50
ce02dc19-51ad-4207-a471-269f520dd806;2018-01-16T06:26:24.000+02:00;33.7;26.0;19.4;60.2;16.9;50
ce02dc19-51ad-4207-a471-269f520dd806;2018-01-16T06:31:27.000+02:00;33.8;26.0;19.4;60.2;16.9;51
ce02dc19-51ad-4207-a471-269f520dd806;2018-01-16T06:36:32.000+02:00;33.8;26.0;19.4;60.2;16.9;51
ce02dc19-51ad-4207-a471-269f520dd806;2018-01-16T06:41:35.000+02:00;33.7;26.0;19.4;60.2;16.9;51
ce02dc19-51ad-4207-a471-269f520dd806;2018-01-16T06:46:38.000+02:00;33.6;26.0;19.4;60.2;16.9;51
ce02dc19-51ad-4207-a471-269f520dd806;2018-01-16T06:51:41.000+02:00;33.7;26.0;19.4;60.2;16.9;51
ce02dc19-51ad-4207-a471-269f520dd806;2018-01-16T06:56:45.000+02:00;33.8;26.0;19.4;60.2;17;51
ce02dc19-51ad-4207-a471-269f520dd806;2018-01-16T07:01:49.000+02:00;33.8;26.0;19.4;60.2;16.9;51
ce02dc19-51ad-4207-a471-269f520dd806;2018-01-16T07:06:53.000+02:00;33.7;26.0;19.4;60.2;17;51
ce02dc19-51ad-4207-a471-269f520dd806;2018-01-16T07:11:57.000+02:00;33.8;26.0;19.4;60.2;17;51
ce02dc19-51ad-4207-a471-269f520dd806;2018-01-16T07:22:03.000+02:00;33.9;26.0;19.4;60.2;17;51
ce02dc19-51ad-4207-a471-269f520dd806;2018-01-16T07:32:09.000+02:00;33.8;26.0;19.4;60.2;17;51
ce02dc19-51ad-4207-a471-269f520dd806;2018-01-16T07:42:15.000+02:00;34.1;26.0;19.4;60.1;17;51
ce02dc19-51ad-4207-a471-269f520dd806;2018-01-16T07:47:19.000+02:00;34.3;26.0;19.4;60.1;17.1;51
ce02dc19-51ad-4207-a471-269f520dd806;2018-01-16T07:52:22.000+02:00;34.4;26.0;19.4;60.0;17.2;51
ce02dc19-51ad-4207-a471-269f520dd806;2018-01-16T07:57:23.000+02:00;34.7;26.0;19.4;59.9;17.2;51
ce02dc19-51ad-4207-a471-269f520dd806;2018-01-16T08:02:26.000+02:00;35.0;26.0;19.3;59.9;17.3;51
ce02dc19-51ad-4207-a471-269f520dd806;2018-01-16T08:07:29.000+02:00;35.2;26.0;19.3;59.8;17.5;51
ce02dc19-51ad-4207-a471-269f520dd806;2018-01-16T08:12:32.000+02:00;35.3;26.0;19.3;59.8;17.6;51
ce02dc19-51ad-4207-a471-269f520dd806;2018-01-16T08:17:36.000+02:00;35.3;25.0;19.3;59.6;17.7;51
ce02dc19-51ad-4207-a471-269f520dd806;2018-01-16T08:22:39.000+02:00;35.2;25.0;19.3;59.6;17.7;50
ce02dc19-51ad-4207-a471-269f520dd806;2018-01-16T08:27:42.000+02:00;35.4;25.0;19.3;59.6;17.7;50
ce02dc19-51ad-4207-a471-269f520dd806;2018-01-16T08:32:46.000+02:00;35.4;25.0;19.3;59.6;17.7;50
ce02dc19-51ad-4207-a471-269f520dd806;2018-01-16T08:37:50.000+02:00;35.5;25.0;19.3;59.5;17.7;50
ce02dc19-51ad-4207-a471-269f520dd806;2018-01-16T08:47:56.000+02:00;35.4;25.0;19.3;59.6;17.7;50
ce02dc19-51ad-4207-a471-269f520dd806;2018-01-16T08:58:03.000+02:00;35.5;25.0;19.3;59.5;17.7;50
ce02dc19-51ad-4207-a471-269f520dd806;2018-01-16T09:03:06.000+02:00;35.6;25.0;19.3;59.5;17.7;50
ce02dc19-51ad-4207-a471-269f520dd806;2018-01-16T09:08:10.000+02:00;35.6;25.0;19.3;59.5;17.8;50
ce02dc19-51ad-4207-a471-269f520dd806;2018-01-16T09:13:13.000+02:00;35.6;25.0;19.3;59.5;17.8;50
ce02dc19-51ad-4207-a471-269f520dd806;2018-01-16T09:18:17.000+02:00;35.6;25.0;19.3;59.5;17.8;50
ce02dc19-51ad-4207-a471-269f520dd806;2018-01-16T09:23:20.000+02:00;35.6;25.0;19.3;59.5;17.8;50
ce02dc19-51ad-4207-a471-269f520dd806;2018-01-16T09:28:24.000+02:00;36.0;25.0;19.3;59.4;17.8;50
ce02dc19-51ad-4207-a471-269f520dd806;2018-01-16T09:33:27.000+02:00;35.7;25.0;19.3;59.5;17.8;50
ce02dc19-51ad-4207-a471-269f520dd806;2018-01-16T09:38:31.000+02:00;35.5;25.0;19.3;59.5;17.8;50
ce02dc19-51ad-4207-a471-269f520dd806;2018-01-16T09:43:34.000+02:00;35.5;25.0;19.3;59.5;17.8;50
ce02dc19-51ad-4207-a471-269f520dd806;2018-01-16T09:48:37.000+02:00;35.6;25.0;19.3;59.5;17.8;50
ce02dc19-51ad-4207-a471-269f520dd806;2018-01-16T09:53:40.000+02:00;35.3;25.0;19.3;59.6;17.7;50
ce02dc19-51ad-4207-a471-269f520dd806;2018-01-16T10:03:47.000+02:00;35.2;25.0;19.3;59.6;17.7;50
ce02dc19-51ad-4207-a471-269f520dd806;2018-01-16T10:13:55.000+02:00;35.4;25.0;19.3;59.6;17.7;50
ce02dc19-51ad-4207-a471-269f520dd806;2018-01-16T10:24:02.000+02:00;35.2;25.0;19.3;59.6;17.9;50
ce02dc19-51ad-4207-a471-269f520dd806;2018-01-16T10:29:05.000+02:00;35.1;25.0;19.4;59.7;17.9;50
ce02dc19-51ad-4207-a471-269f520dd806;2018-01-16T10:34:08.000+02:00;35.1;25.0;19.4;59.7;17.9;50
ce02dc19-51ad-4207-a471-269f520dd806;2018-01-16T10:39:12.000+02:00;35.4;25.0;19.3;59.6;17.9;50
ce02dc19-51ad-4207-a471-269f520dd806;2018-01-16T10:44:15.000+02:00;35.5;25.0;19.3;59.5;17.9;50
ce02dc19-51ad-4207-a471-269f520dd806;2018-01-16T10:49:19.000+02:00;35.6;25.0;19.3;59.5;17.9;50
ce02dc19-51ad-4207-a471-269f520dd806;2018-01-16T10:54:23.000+02:00;36.0;25.0;19.3;59.4;18;50
ce02dc19-51ad-4207-a471-269f520dd806;2018-01-16T10:59:23.000+02:00;36.2;25.0;19.3;59.3;18.1;50
ce02dc19-51ad-4207-a471-269f520dd806;2018-01-16T11:04:27.000+02:00;36.6;25.0;19.3;59.2;18.3;50
ce02dc19-51ad-4207-a471-269f520dd806;2018-01-16T11:09:31.000+02:00;37.1;25.0;19.3;59.0;18.6;49
ce02dc19-51ad-4207-a471-269f520dd806;2018-01-16T11:19:37.000+02:00;36.4;25.0;19.3;59.2;18.7;49
ce02dc19-51ad-4207-a471-269f520dd806;2018-01-16T11:29:44.000+02:00;35.7;25.0;19.3;59.5;18.5;49
ce02dc19-51ad-4207-a471-269f520dd806;2018-01-16T11:39:50.000+02:00;35.3;25.0;19.3;59.6;18.2;49
ce02dc19-51ad-4207-a471-269f520dd806;2018-01-16T11:44:54.000+02:00;35.2;25.0;19.3;59.6;18.1;49
ce02dc19-51ad-4207-a471-269f520dd806;2018-01-16T11:49:59.000+02:00;35.2;25.0;19.3;59.6;18;50
ce02dc19-51ad-4207-a471-269f520dd806;2018-01-16T11:55:02.000+02:00;35.2;25.0;19.3;59.6;18;50
ce02dc19-51ad-4207-a471-269f520dd806;2018-01-16T12:00:06.000+02:00;35.0;25.0;19.4;59.7;17.9;50
ce02dc19-51ad-4207-a471-269f520dd806;2018-01-16T12:05:09.000+02:00;34.9;25.0;19.4;59.7;17.9;50
ce02dc19-51ad-4207-a471-269f520dd806;2018-01-16T12:10:09.000+02:00;34.9;25.0;19.4;59.7;17.9;50
ce02dc19-51ad-4207-a471-269f520dd806;2018-01-16T12:15:13.000+02:00;34.8;25.0;19.4;59.7;17.9;50
ce02dc19-51ad-4207-a471-269f520dd806;2018-01-16T12:20:17.000+02:00;34.7;25.0;19.4;59.8;17.9;50
ce02dc19-51ad-4207-a471-269f520dd806;2018-01-16T12:25:20.000+02:00;34.7;25.0;19.4;59.8;17.8;50
ce02dc19-51ad-4207-a471-269f520dd806;2018-01-16T12:30:24.000+02:00;34.6;25.0;19.4;59.8;17.8;50
ce02dc19-51ad-4207-a471-269f520dd806;2018-01-16T12:35:27.000+02:00;34.4;26.0;19.4;60.0;17.7;50
ce02dc19-51ad-4207-a471-269f520dd806;2018-01-16T12:45:33.000+02:00;34.3;26.0;19.4;60.1;17.6;50
ce02dc19-51ad-4207-a471-269f520dd806;2018-01-16T12:55:41.000+02:00;34.1;26.0;19.4;60.1;17.5;51
ce02dc19-51ad-4207-a471-269f520dd806;2018-01-16T13:00:45.000+02:00;34.3;26.0;19.4;60.1;17.5;51
ce02dc19-51ad-4207-a471-269f520dd806;2018-01-16T13:05:48.000+02:00;34.2;26.0;19.4;60.1;17.4;51
ce02dc19-51ad-4207-a471-269f520dd806;2018-01-16T13:10:51.000+02:00;34.7;26.0;19.4;59.9;17.5;51
ce02dc19-51ad-4207-a471-269f520dd806;2018-01-16T13:15:54.000+02:00;34.8;26.0;19.4;59.9;17.6;51
ce02dc19-51ad-4207-a471-269f520dd806;2018-01-16T13:20:58.000+02:00;35.4;26.0;19.3;59.8;17.7;51
ce02dc19-51ad-4207-a471-269f520dd806;2018-01-16T13:26:01.000+02:00;35.7;26.0;19.3;59.7;17.9;51
ce02dc19-51ad-4207-a471-269f520dd806;2018-01-16T13:31:05.000+02:00;35.7;25.0;19.3;59.5;18.1;51
ce02dc19-51ad-4207-a471-269f520dd806;2018-01-16T13:36:08.000+02:00;35.8;25.0;19.3;59.4;18.1;50
ce02dc19-51ad-4207-a471-269f520dd806;2018-01-16T13:41:12.000+02:00;36.0;25.0;19.3;59.4;18.2;50
ce02dc19-51ad-4207-a471-269f520dd806;2018-01-16T13:46:15.000+02:00;36.0;25.0;19.3;59.4;18.2;50
ce02dc19-51ad-4207-a471-269f520dd806;2018-01-16T13:51:19.000+02:00;36.1;25.0;19.3;59.3;18.2;50
ce02dc19-51ad-4207-a471-269f520dd806;2018-01-16T14:01:26.000+02:00;36.1;25.0;19.3;59.3;18.3;50
ce02dc19-51ad-4207-a471-269f520dd806;2018-01-16T14:11:32.000+02:00;36.5;25.0;19.3;59.2;18.4;50
ce02dc19-51ad-4207-a471-269f520dd806;2018-01-16T14:16:35.000+02:00;36.9;25.0;19.3;59.1;18.6;50
ce02dc19-51ad-4207-a471-269f520dd806;2018-01-16T14:21:37.000+02:00;37.2;25.0;19.2;59.0;18.8;50
ce02dc19-51ad-4207-a471-269f520dd806;2018-01-16T14:26:40.000+02:00;37.5;25.0;19.2;58.9;19;50
ce02dc19-51ad-4207-a471-269f520dd806;2018-01-16T14:31:44.000+02:00;37.5;25.0;19.2;58.9;19.2;50
ce02dc19-51ad-4207-a471-269f520dd806;2018-01-16T14:36:48.000+02:00;37.5;25.0;19.2;58.9;19.3;50
ce02dc19-51ad-4207-a471-269f520dd806;2018-01-16T14:41:52.000+02:00;37.5;25.0;19.2;58.9;19.3;49
ce02dc19-51ad-4207-a471-269f520dd806;2018-01-16T14:46:55.000+02:00;37.5;25.0;19.2;58.9;19.3;49
ce02dc19-51ad-4207-a471-269f520dd806;2018-01-16T14:51:56.000+02:00;37.5;25.0;19.2;58.9;19.4;49
ce02dc19-51ad-4207-a471-269f520dd806;2018-01-16T14:57:00.000+02:00;37.5;25.0;19.2;58.9;19.4;49
ce02dc19-51ad-4207-a471-269f520dd806;2018-01-16T15:02:03.000+02:00;37.4;25.0;19.2;58.9;19.3;49
ce02dc19-51ad-4207-a471-269f520dd806;2018-01-16T15:07:06.000+02:00;37.2;25.0;19.2;59.0;19.3;49
ce02dc19-51ad-4207-a471-269f520dd806;2018-01-16T15:17:15.000+02:00;37.4;25.0;19.2;58.9;19.3;49
ce02dc19-51ad-4207-a471-269f520dd806;2018-01-16T15:27:21.000+02:00;37.8;25.0;19.2;58.8;19.5;49
ce02dc19-51ad-4207-a471-269f520dd806;2018-01-16T15:37:29.000+02:00;38.0;25.0;19.2;58.7;19.8;49
ce02dc19-51ad-4207-a471-269f520dd806;2018-01-16T15:42:31.000+02:00;38.1;25.0;19.2;58.7;19.9;49
ce02dc19-51ad-4207-a471-269f520dd806;2018-01-16T15:47:35.000+02:00;38.2;25.0;19.2;58.6;20.1;49
ce02dc19-51ad-4207-a471-269f520dd806;2018-01-16T15:52:39.000+02:00;38.3;25.0;19.2;58.6;20.1;49
ce02dc19-51ad-4207-a471-269f520dd806;2018-01-16T15:57:43.000+02:00;38.4;25.0;19.2;58.5;20.2;49
ce02dc19-51ad-4207-a471-269f520dd806;2018-01-16T16:02:43.000+02:00;38.4;25.0;19.2;58.5;20.3;49
ce02dc19-51ad-4207-a471-269f520dd806;2018-01-16T16:07:47.000+02:00;38.4;25.0;19.2;58.5;20.3;49
ce02dc19-51ad-4207-a471-269f520dd806;2018-01-16T16:12:47.000+02:00;38.4;25.0;19.2;58.5;20.3;49
ce02dc19-51ad-4207-a471-269f520dd806;2018-01-16T16:17:51.000+02:00;38.0;25.0;19.2;58.7;20.2;48
ce02dc19-51ad-4207-a471-269f520dd806;2018-01-16T16:22:54.000+02:00;37.8;25.0;19.2;58.8;20.1;48
ce02dc19-51ad-4207-a471-269f520dd806;2018-01-16T16:33:02.000+02:00;37.8;25.0;19.2;58.8;19.9;48
ce02dc19-51ad-4207-a471-269f520dd806;2018-01-16T16:43:09.000+02:00;37.7;25.0;19.2;58.8;19.8;48
ce02dc19-51ad-4207-a471-269f520dd806;2018-01-16T16:53:17.000+02:00;37.6;25.0;19.2;58.8;19.7;48
ce02dc19-51ad-4207-a471-269f520dd806;2018-01-16T16:58:21.000+02:00;37.5;25.0;19.2;58.9;19.6;48
ce02dc19-51ad-4207-a471-269f520dd806;2018-01-16T17:03:20.000+02:00;37.8;25.0;19.2;58.8;19.6;48
ce02dc19-51ad-4207-a471-269f520dd806;2018-01-16T17:08:24.000+02:00;38.1;25.0;19.2;58.7;19.6;49
ce02dc19-51ad-4207-a471-269f520dd806;2018-01-16T17:13:27.000+02:00;38.2;25.0;19.2;58.6;19.8;48
ce02dc19-51ad-4207-a471-269f520dd806;2018-01-16T17:18:31.000+02:00;38.4;24.0;19.2;58.3;19.9;48
ce02dc19-51ad-4207-a471-269f520dd806;2018-01-16T17:23:36.000+02:00;38.3;25.0;19.2;58.6;20.1;48
ce02dc19-51ad-4207-a471-269f520dd806;2018-01-16T17:28:39.000+02:00;38.4;25.0;19.2;58.5;20.1;48
ce02dc19-51ad-4207-a471-269f520dd806;2018-01-16T17:33:42.000+02:00;38.3;25.0;19.2;58.6;20.1;49
ce02dc19-51ad-4207-a471-269f520dd806;2018-01-16T17:38:45.000+02:00;38.2;25.0;19.2;58.6;20.1;48
ce02dc19-51ad-4207-a471-269f520dd806;2018-01-16T17:48:52.000+02:00;38.2;25.0;19.2;58.6;20.1;49
ce02dc19-51ad-4207-a471-269f520dd806;2018-01-16T17:58:58.000+02:00;38.2;25.0;19.5;61.6;20.1;49
ce02dc19-51ad-4207-a471-269f520dd806;2018-01-16T18:09:04.000+02:00;43.3;24.0;19.5;61.2;20.1;49
ce02dc19-51ad-4207-a471-269f520dd806;2018-01-16T18:14:08.000+02:00;44.5;23.0;19.6;61.0;20.1;49
ce02dc19-51ad-4207-a471-269f520dd806;2018-01-16T18:19:11.000+02:00;45.0;23.0;19.6;60.9;20.1;49
ce02dc19-51ad-4207-a471-269f520dd806;2018-01-16T18:24:16.000+02:00;45.4;23.0;19.6;60.7;20.1;49
ce02dc19-51ad-4207-a471-269f520dd806;2018-01-16T18:29:19.000+02:00;45.5;22.0;19.6;60.5;20.1;49
ce02dc19-51ad-4207-a471-269f520dd806;2018-01-16T18:34:23.000+02:00;45.7;22.0;19.7;60.5;20.1;49
ce02dc19-51ad-4207-a471-269f520dd806;2018-01-16T18:39:27.000+02:00;45.7;22.0;19.7;60.4;20.1;50
ce02dc19-51ad-4207-a471-269f520dd806;2018-01-16T18:44:28.000+02:00;45.9;22.0;19.6;60.2;20;50
ce02dc19-51ad-4207-a471-269f520dd806;2018-01-16T18:49:31.000+02:00;45.9;22.0;19.7;60.1;19.9;50
ce02dc19-51ad-4207-a471-269f520dd806;2018-01-16T18:54:33.000+02:00;46.0;22.0;19.7;60.1;20;50
ce02dc19-51ad-4207-a471-269f520dd806;2018-01-16T18:59:37.000+02:00;46.1;22.0;19.7;60.1;19.9;50
ce02dc19-51ad-4207-a471-269f520dd806;2018-01-16T19:04:36.000+02:00;45.9;22.0;19.8;60.4;19.9;50
ce02dc19-51ad-4207-a471-269f520dd806;2018-01-16T19:14:44.000+02:00;45.9;22.0;19.8;60.4;19.8;50
ce02dc19-51ad-4207-a471-269f520dd806;2018-01-16T19:24:52.000+02:00;46.2;22.0;19.8;60.4;19.9;50
ce02dc19-51ad-4207-a471-269f520dd806;2018-01-16T19:34:56.000+02:00;46.4;22.0;19.9;60.6;20.1;50
ce02dc19-51ad-4207-a471-269f520dd806;2018-01-16T19:39:59.000+02:00;46.4;22.0;19.9;60.6;20.1;50
ce02dc19-51ad-4207-a471-269f520dd806;2018-01-16T19:45:03.000+02:00;46.4;22.0;19.7;60.0;20.2;50
ce02dc19-51ad-4207-a471-269f520dd806;2018-01-16T19:50:06.000+02:00;44.7;22.0;19.4;61.6;20.2;50
ce02dc19-51ad-4207-a471-269f520dd806;2018-01-16T19:55:07.000+02:00;42.8;22.0;19.4;61.6;20.2;50
ce02dc19-51ad-4207-a471-269f520dd806;2018-01-16T20:00:11.000+02:00;40.6;23.0;19.5;61.6;20.2;50
ce02dc19-51ad-4207-a471-269f520dd806;2018-01-16T20:05:15.000+02:00;39.7;23.0;19.5;61.5;20.2;50
ce02dc19-51ad-4207-a471-269f520dd806;2018-01-16T20:10:18.000+02:00;38.7;24.0;19.5;61.5;20.1;50
ce02dc19-51ad-4207-a471-269f520dd806;2018-01-16T20:15:22.000+02:00;38.4;24.0;19.5;61.5;20.1;50
ce02dc19-51ad-4207-a471-269f520dd806;2018-01-16T20:20:26.000+02:00;39.1;24.0;19.5;62.1;19.9;50
ce02dc19-51ad-4207-a471-269f520dd806;2018-01-16T20:30:33.000+02:00;38.2;25.0;19.5;61.9;19.8;50
ce02dc19-51ad-4207-a471-269f520dd806;2018-01-16T20:40:41.000+02:00;38.2;25.0;19.5;61.5;20;50
ce02dc19-51ad-4207-a471-269f520dd806;2018-01-16T20:50:48.000+02:00;38.4;25.0;19.4;60.9;20.1;50
ce02dc19-51ad-4207-a471-269f520dd806;2018-01-16T20:55:52.000+02:00;38.3;25.0;19.4;60.6;20.1;50
ce02dc19-51ad-4207-a471-269f520dd806;2018-01-16T21:00:55.000+02:00;38.3;25.0;19.4;60.3;20.1;50
ce02dc19-51ad-4207-a471-269f520dd806;2018-01-16T21:05:59.000+02:00;38.2;25.0;19.3;59.7;20.1;50
ce02dc19-51ad-4207-a471-269f520dd806;2018-01-16T21:11:03.000+02:00;38.1;25.0;19.3;59.4;20.1;50
ce02dc19-51ad-4207-a471-269f520dd806;2018-01-16T21:16:03.000+02:00;38.1;25.0;19.2;58.7;20.1;50
ce02dc19-51ad-4207-a471-269f520dd806;2018-01-16T21:21:06.000+02:00;37.9;25.0;19.2;58.7;20;50
ce02dc19-51ad-4207-a471-269f520dd806;2018-01-16T21:26:10.000+02:00;38.0;25.0;19.2;58.7;20;50
ce02dc19-51ad-4207-a471-269f520dd806;2018-01-16T21:31:13.000+02:00;38.2;25.0;19.2;58.6;20.1;50
ce02dc19-51ad-4207-a471-269f520dd806;2018-01-16T21:36:17.000+02:00;38.2;25.0;19.2;58.6;20.1;50
ce02dc19-51ad-4207-a471-269f520dd806;2018-01-16T21:46:24.000+02:00;38.4;25.0;19.2;58.5;20.1;50
ce02dc19-51ad-4207-a471-269f520dd806;2018-01-16T21:56:32.000+02:00;38.4;25.0;19.2;58.5;20.2;50
ce02dc19-51ad-4207-a471-269f520dd806;2018-01-16T22:06:39.000+02:00;38.3;25.0;19.2;58.6;20.2;49
ce02dc19-51ad-4207-a471-269f520dd806;2018-01-16T22:11:42.000+02:00;38.3;25.0;19.2;58.6;20.1;49
ce02dc19-51ad-4207-a471-269f520dd806;2018-01-16T22:16:46.000+02:00;38.2;25.0;19.2;58.6;20.1;49
ce02dc19-51ad-4207-a471-269f520dd806;2018-01-16T22:21:50.000+02:00;38.0;25.0;19.2;58.7;20.1;49
ce02dc19-51ad-4207-a471-269f520dd806;2018-01-16T22:26:53.000+02:00;37.9;25.0;19.2;58.7;20.1;50
ce02dc19-51ad-4207-a471-269f520dd806;2018-01-16T22:31:56.000+02:00;37.8;25.0;19.2;58.8;20;50
ce02dc19-51ad-4207-a471-269f520dd806;2018-01-16T22:36:57.000+02:00;37.7;25.0;19.2;58.8;19.9;50
ce02dc19-51ad-4207-a471-269f520dd806;2018-01-16T22:42:00.000+02:00;37.7;25.0;19.2;58.8;19.8;50
ce02dc19-51ad-4207-a471-269f520dd806;2018-01-16T22:47:02.000+02:00;37.6;25.0;19.2;58.8;19.8;50
ce02dc19-51ad-4207-a471-269f520dd806;2018-01-16T22:52:05.000+02:00;37.7;25.0;19.2;58.8;19.7;50
ce02dc19-51ad-4207-a471-269f520dd806;2018-01-16T22:57:08.000+02:00;37.6;25.0;19.2;58.8;19.7;50
ce02dc19-51ad-4207-a471-269f520dd806;2018-01-16T23:02:11.000+02:00;37.6;25.0;19.2;58.8;19.6;50
ce02dc19-51ad-4207-a471-269f520dd806;2018-01-16T23:12:20.000+02:00;37.4;25.0;19.2;58.9;19.6;50
ce02dc19-51ad-4207-a471-269f520dd806;2018-01-16T23:22:27.000+02:00;37.4;25.0;19.2;58.9;19.5;50
ce02dc19-51ad-4207-a471-269f520dd806;2018-01-16T23:27:31.000+02:00;37.2;25.0;19.2;59.0;19.5;50
ce02dc19-51ad-4207-a471-269f520dd806;2018-01-16T23:32:35.000+02:00;37.3;25.0;19.2;58.9;19.4;50
ce02dc19-51ad-4207-a471-269f520dd806;2018-01-16T23:37:37.000+02:00;37.2;25.0;19.2;59.0;19.4;50
ce02dc19-51ad-4207-a471-269f520dd806;2018-01-16T23:42:41.000+02:00;37.2;25.0;19.2;59.0;19.3;50
ce02dc19-51ad-4207-a471-269f520dd806;2018-01-16T23:47:45.000+02:00;37.0;25.0;19.3;59.0;19.2;50
ce02dc19-51ad-4207-a471-269f520dd806;2018-01-16T23:52:48.000+02:00;36.9;25.0;19.3;59.1;19.1;50
ce02dc19-51ad-4207-a471-269f520dd806;2018-01-16T23:57:52.000+02:00;36.9;25.0;19.3;59.1;19.1;50
ce02dc19-51ad-4207-a471-269f520dd806;2018-01-17T00:02:55.000+02:00;36.7;25.0;19.3;59.1;19;51
ce02dc19-51ad-4207-a471-269f520dd806;2018-01-17T00:08:00.000+02:00;36.8;25.0;19.3;59.1;18.9;51
ce02dc19-51ad-4207-a471-269f520dd806;2018-01-17T00:18:07.000+02:00;36.6;25.0;19.3;59.2;18.9;51
ce02dc19-51ad-4207-a471-269f520dd806;2018-01-17T00:28:14.000+02:00;36.7;25.0;19.3;59.1;18.8;51
ce02dc19-51ad-4207-a471-269f520dd806;2018-01-17T00:38:21.000+02:00;36.7;25.0;19.3;59.1;18.8;51
ce02dc19-51ad-4207-a471-269f520dd806;2018-01-17T00:43:24.000+02:00;36.8;25.0;19.3;59.1;18.8;51
ce02dc19-51ad-4207-a471-269f520dd806;2018-01-17T00:48:29.000+02:00;36.7;25.0;19.3;59.1;18.8;51
ce02dc19-51ad-4207-a471-269f520dd806;2018-01-17T00:53:33.000+02:00;36.8;25.0;19.3;59.1;18.8;51
ce02dc19-51ad-4207-a471-269f520dd806;2018-01-17T00:58:36.000+02:00;36.9;25.0;19.3;59.1;18.8;51
ce02dc19-51ad-4207-a471-269f520dd806;2018-01-17T01:03:39.000+02:00;36.9;25.0;19.3;59.1;18.8;51
ce02dc19-51ad-4207-a471-269f520dd806;2018-01-17T01:08:42.000+02:00;36.8;25.0;19.3;59.1;18.8;51
ce02dc19-51ad-4207-a471-269f520dd806;2018-01-17T01:13:46.000+02:00;36.7;25.0;19.3;59.1;18.8;51
ce02dc19-51ad-4207-a471-269f520dd806;2018-01-17T01:18:50.000+02:00;36.7;25.0;19.3;59.1;18.7;51
ce02dc19-51ad-4207-a471-269f520dd806;2018-01-17T01:23:53.000+02:00;36.6;25.0;19.3;59.2;18.7;51
ce02dc19-51ad-4207-a471-269f520dd806;2018-01-17T01:34:01.000+02:00;36.5;25.0;19.3;59.2;18.6;51
ce02dc19-51ad-4207-a471-269f520dd806;2018-01-17T01:44:07.000+02:00;36.4;25.0;19.3;59.2;18.5;51
ce02dc19-51ad-4207-a471-269f520dd806;2018-01-17T01:49:11.000+02:00;36.2;25.0;19.3;59.3;18.5;51
ce02dc19-51ad-4207-a471-269f520dd806;2018-01-17T01:54:14.000+02:00;36.2;25.0;19.3;59.3;18.4;51
ce02dc19-51ad-4207-a471-269f520dd806;2018-01-17T01:59:18.000+02:00;36.0;25.0;19.3;59.4;18.4;51
ce02dc19-51ad-4207-a471-269f520dd806;2018-01-17T02:04:21.000+02:00;36.0;25.0;19.3;59.4;18.4;51
ce02dc19-51ad-4207-a471-269f520dd806;2018-01-17T02:09:25.000+02:00;36.0;26.0;19.3;59.6;18.3;51
ce02dc19-51ad-4207-a471-269f520dd806;2018-01-17T02:14:28.000+02:00;35.9;26.0;19.3;59.6;18.3;52
ce02dc19-51ad-4207-a471-269f520dd806;2018-01-17T02:19:29.000+02:00;35.8;26.0;19.3;59.6;18.3;52
ce02dc19-51ad-4207-a471-269f520dd806;2018-01-17T02:24:32.000+02:00;35.7;26.0;19.3;59.7;18.3;52
ce02dc19-51ad-4207-a471-269f520dd806;2018-01-17T02:29:32.000+02:00;35.8;26.0;19.3;59.6;18.3;52
ce02dc19-51ad-4207-a471-269f520dd806;2018-01-17T02:34:36.000+02:00;35.7;26.0;19.3;59.7;18.3;52
ce02dc19-51ad-4207-a471-269f520dd806;2018-01-17T02:39:40.000+02:00;35.7;26.0;19.3;59.7;18.3;52
ce02dc19-51ad-4207-a471-269f520dd806;2018-01-17T02:49:46.000+02:00;35.4;26.0;19.3;59.8;18.3;52
ce02dc19-51ad-4207-a471-269f520dd806;2018-01-17T02:59:50.000+02:00;35.5;26.0;19.3;59.7;18.3;52
ce02dc19-51ad-4207-a471-269f520dd806;2018-01-17T03:09:57.000+02:00;35.3;26.0;19.3;59.8;18.3;52
ce02dc19-51ad-4207-a471-269f520dd806;2018-01-17T03:20:04.000+02:00;35.4;26.0;19.3;59.8;18.3;52
ce02dc19-51ad-4207-a471-269f520dd806;2018-01-17T03:25:07.000+02:00;35.4;26.0;19.3;59.8;18.3;52
ce02dc19-51ad-4207-a471-269f520dd806;2018-01-17T03:30:11.000+02:00;35.3;26.0;19.3;59.8;18.4;52
ce02dc19-51ad-4207-a471-269f520dd806;2018-01-17T03:35:14.000+02:00;35.4;26.0;19.3;59.8;18.4;52
ce02dc19-51ad-4207-a471-269f520dd806;2018-01-17T03:40:19.000+02:00;35.4;26.0;19.3;59.8;18.4;52
ce02dc19-51ad-4207-a471-269f520dd806;2018-01-17T03:45:23.000+02:00;35.3;26.0;19.3;59.8;18.5;51
ce02dc19-51ad-4207-a471-269f520dd806;2018-01-17T03:50:25.000+02:00;35.3;26.0;19.3;59.8;18.5;51
ce02dc19-51ad-4207-a471-269f520dd806;2018-01-17T03:55:29.000+02:00;35.3;26.0;19.3;59.8;18.5;51
ce02dc19-51ad-4207-a471-269f520dd806;2018-01-17T04:00:32.000+02:00;35.2;26.0;19.3;59.8;18.5;51
ce02dc19-51ad-4207-a471-269f520dd806;2018-01-17T04:05:36.000+02:00;35.2;26.0;19.3;59.8;18.4;51
ce02dc19-51ad-4207-a471-269f520dd806;2018-01-17T04:15:43.000+02:00;35.2;26.0;19.3;59.8;18.3;51
ce02dc19-51ad-4207-a471-269f520dd806;2018-01-17T04:25:50.000+02:00;35.0;26.0;19.3;59.9;18.2;52
ce02dc19-51ad-4207-a471-269f520dd806;2018-01-17T04:30:54.000+02:00;35.2;26.0;19.3;59.8;18.2;52
ce02dc19-51ad-4207-a471-269f520dd806;2018-01-17T04:35:57.000+02:00;35.1;26.0;19.3;59.8;18.1;52
ce02dc19-51ad-4207-a471-269f520dd806;2018-01-17T04:41:01.000+02:00;34.9;26.0;19.4;59.9;18.1;52
ce02dc19-51ad-4207-a471-269f520dd806;2018-01-17T04:46:04.000+02:00;35.0;26.0;19.3;59.9;18;52
ce02dc19-51ad-4207-a471-269f520dd806;2018-01-17T04:51:08.000+02:00;35.0;26.0;19.3;59.9;18;52
ce02dc19-51ad-4207-a471-269f520dd806;2018-01-17T04:56:12.000+02:00;35.1;26.0;19.3;59.8;17.9;52
ce02dc19-51ad-4207-a471-269f520dd806;2018-01-17T05:01:16.000+02:00;34.8;26.0;19.4;59.9;17.9;52
ce02dc19-51ad-4207-a471-269f520dd806;2018-01-17T05:06:19.000+02:00;34.9;26.0;19.4;59.9;17.9;52
ce02dc19-51ad-4207-a471-269f520dd806;2018-01-17T05:11:22.000+02:00;34.8;26.0;19.4;59.9;17.8;52
ce02dc19-51ad-4207-a471-269f520dd806;2018-01-17T05:16:25.000+02:00;34.7;26.0;19.4;59.9;17.8;52
ce02dc19-51ad-4207-a471-269f520dd806;2018-01-17T05:21:26.000+02:00;34.8;26.0;19.4;59.9;17.8;52
ce02dc19-51ad-4207-a471-269f520dd806;2018-01-17T05:31:33.000+02:00;34.7;26.0;19.4;59.9;17.7;52
ce02dc19-51ad-4207-a471-269f520dd806;2018-01-17T05:41:40.000+02:00;34.6;26.0;19.4;60.0;17.7;52
ce02dc19-51ad-4207-a471-269f520dd806;2018-01-17T05:51:47.000+02:00;34.5;26.0;19.4;60.0;17.6;52
ce02dc19-51ad-4207-a471-269f520dd806;2018-01-17T05:56:51.000+02:00;34.3;26.0;19.4;60.1;17.6;52
ce02dc19-51ad-4207-a471-269f520dd806;2018-01-17T06:01:53.000+02:00;34.4;26.0;19.4;60.0;17.6;53
ce02dc19-51ad-4207-a471-269f520dd806;2018-01-17T06:06:56.000+02:00;34.4;26.0;19.4;60.0;17.6;53
ce02dc19-51ad-4207-a471-269f520dd806;2018-01-17T06:11:58.000+02:00;34.4;26.0;19.4;60.0;17.6;53
ce02dc19-51ad-4207-a471-269f520dd806;2018-01-17T06:17:01.000+02:00;34.2;26.0;19.4;60.1;17.5;53
ce02dc19-51ad-4207-a471-269f520dd806;2018-01-17T06:22:05.000+02:00;34.3;26.0;19.4;60.1;17.6;53
ce02dc19-51ad-4207-a471-269f520dd806;2018-01-17T06:27:08.000+02:00;34.2;26.0;19.4;60.1;17.5;53
ce02dc19-51ad-4207-a471-269f520dd806;2018-01-17T06:32:11.000+02:00;34.2;26.0;19.4;60.1;17.5;53
ce02dc19-51ad-4207-a471-269f520dd806;2018-01-17T06:37:15.000+02:00;34.1;26.0;19.4;60.1;17.5;53
ce02dc19-51ad-4207-a471-269f520dd806;2018-01-17T06:42:19.000+02:00;34.3;26.0;19.4;60.1;17.5;53
ce02dc19-51ad-4207-a471-269f520dd806;2018-01-17T06:47:23.000+02:00;34.2;26.0;19.4;60.1;17.5;53
ce02dc19-51ad-4207-a471-269f520dd806;2018-01-17T06:57:30.000+02:00;34.2;26.0;19.4;60.1;17.5;53
ce02dc19-51ad-4207-a471-269f520dd806;2018-01-17T07:07:36.000+02:00;34.3;26.0;19.4;60.1;17.5;53
ce02dc19-51ad-4207-a471-269f520dd806;2018-01-17T07:12:37.000+02:00;34.2;26.0;19.4;60.1;17.5;53
ce02dc19-51ad-4207-a471-269f520dd806;2018-01-17T07:17:40.000+02:00;34.4;26.0;19.4;60.0;17.5;53
ce02dc19-51ad-4207-a471-269f520dd806;2018-01-17T07:22:42.000+02:00;34.4;26.0;19.4;60.0;17.6;53
ce02dc19-51ad-4207-a471-269f520dd806;2018-01-17T07:27:45.000+02:00;34.4;26.0;19.4;60.0;17.5;53
ce02dc19-51ad-4207-a471-269f520dd806;2018-01-17T07:32:47.000+02:00;34.2;26.0;19.4;60.1;17.6;53
ce02dc19-51ad-4207-a471-269f520dd806;2018-01-17T07:37:50.000+02:00;34.3;26.0;19.4;60.1;17.6;53
ce02dc19-51ad-4207-a471-269f520dd806;2018-01-17T07:42:53.000+02:00;34.5;26.0;19.4;60.0;17.6;53
ce02dc19-51ad-4207-a471-269f520dd806;2018-01-17T07:47:57.000+02:00;34.7;26.0;19.4;59.9;17.6;53
ce02dc19-51ad-4207-a471-269f520dd806;2018-01-17T07:53:01.000+02:00;35.0;26.0;19.3;59.9;17.7;53
ce02dc19-51ad-4207-a471-269f520dd806;2018-01-17T07:58:04.000+02:00;34.9;26.0;19.4;59.9;17.7;53
ce02dc19-51ad-4207-a471-269f520dd806;2018-01-17T08:03:08.000+02:00;35.0;26.0;19.3;59.9;17.8;53
ce02dc19-51ad-4207-a471-269f520dd806;2018-01-17T08:13:13.000+02:00;35.1;26.0;19.3;59.8;17.8;53
ce02dc19-51ad-4207-a471-269f520dd806;2018-01-17T08:23:21.000+02:00;35.1;26.0;19.3;59.8;17.9;53
ce02dc19-51ad-4207-a471-269f520dd806;2018-01-17T08:33:29.000+02:00;35.1;26.0;19.3;59.8;17.9;52
ce02dc19-51ad-4207-a471-269f520dd806;2018-01-17T08:38:32.000+02:00;35.1;26.0;19.3;59.8;17.9;53
ce02dc19-51ad-4207-a471-269f520dd806;2018-01-17T08:43:36.000+02:00;35.2;26.0;19.3;59.8;18;52
ce02dc19-51ad-4207-a471-269f520dd806;2018-01-17T08:48:39.000+02:00;35.2;26.0;19.3;59.8;18;52
ce02dc19-51ad-4207-a471-269f520dd806;2018-01-17T08:53:43.000+02:00;35.3;26.0;19.3;59.8;18.2;52
ce02dc19-51ad-4207-a471-269f520dd806;2018-01-17T08:58:47.000+02:00;35.4;26.0;19.3;59.8;18.2;52
ce02dc19-51ad-4207-a471-269f520dd806;2018-01-17T09:03:50.000+02:00;35.4;26.0;19.3;59.8;18.3;52
ce02dc19-51ad-4207-a471-269f520dd806;2018-01-17T09:08:53.000+02:00;35.4;26.0;19.3;59.8;18.3;52
ce02dc19-51ad-4207-a471-269f520dd806;2018-01-17T09:13:53.000+02:00;35.4;26.0;19.3;59.8;18.3;52
ce02dc19-51ad-4207-a471-269f520dd806;2018-01-17T09:18:57.000+02:00;35.5;26.0;19.3;59.7;18.3;52
ce02dc19-51ad-4207-a471-269f520dd806;2018-01-17T09:24:00.000+02:00;35.5;26.0;19.3;59.7;18.3;52
ce02dc19-51ad-4207-a471-269f520dd806;2018-01-17T09:29:04.000+02:00;35.4;26.0;19.3;59.8;18.3;52
ce02dc19-51ad-4207-a471-269f520dd806;2018-01-17T09:39:11.000+02:00;35.5;26.0;19.3;59.7;18.2;52
ce02dc19-51ad-4207-a471-269f520dd806;2018-01-17T09:49:15.000+02:00;35.3;26.0;19.3;59.8;18.2;52
ce02dc19-51ad-4207-a471-269f520dd806;2018-01-17T09:59:22.000+02:00;35.3;26.0;19.3;59.8;18.1;52
ce02dc19-51ad-4207-a471-269f520dd806;2018-01-17T10:04:25.000+02:00;35.1;26.0;19.3;59.8;18;52
ce02dc19-51ad-4207-a471-269f520dd806;2018-01-17T10:09:29.000+02:00;35.1;26.0;19.3;59.8;18;52
ce02dc19-51ad-4207-a471-269f520dd806;2018-01-17T10:14:33.000+02:00;35.0;26.0;19.3;59.9;17.9;52
ce02dc19-51ad-4207-a471-269f520dd806;2018-01-17T10:19:36.000+02:00;35.0;26.0;19.3;59.9;17.8;52
ce02dc19-51ad-4207-a471-269f520dd806;2018-01-17T10:24:40.000+02:00;34.9;26.0;19.4;59.9;17.8;52
ce02dc19-51ad-4207-a471-269f520dd806;2018-01-17T10:29:43.000+02:00;35.1;26.0;19.3;59.8;17.8;52
ce02dc19-51ad-4207-a471-269f520dd806;2018-01-17T10:34:45.000+02:00;34.9;26.0;19.4;59.9;17.7;52
ce02dc19-51ad-4207-a471-269f520dd806;2018-01-17T10:39:48.000+02:00;34.8;26.0;19.4;59.9;17.7;52
ce02dc19-51ad-4207-a471-269f520dd806;2018-01-17T10:44:52.000+02:00;34.8;26.0;19.4;59.9;17.7;52
ce02dc19-51ad-4207-a471-269f520dd806;2018-01-17T10:54:54.000+02:00;34.5;26.0;19.4;60.0;17.6;52
ce02dc19-51ad-4207-a471-269f520dd806;2018-01-17T11:04:59.000+02:00;34.2;26.0;19.4;60.1;17.5;52
ce02dc19-51ad-4207-a471-269f520dd806;2018-01-17T11:15:06.000+02:00;34.4;26.0;19.4;60.0;17.5;53
