30.7;21.0;14.5;52
30.7;21.0;14.5;52
30.7;21.0;14.5;52
30.6;21.0;14.5;52
30.5;21.0;14.5;52
30.6;21.0;14.5;52
30.4;21.0;14.5;52
30.4;21.0;14.4;52
30.4;21.0;14.4;52
30.4;21.0;14.4;53
30.3;21.0;14.4;53
30.4;21.0;14.3;53
30.3;21.0;14.3;53
30.3;21.0;14.3;53
30.3;21.0;14.4;52
30.4;21.0;14.3;52
30.4;21.0;14.3;53
30.2;21.0;14.3;53
30.3;21.0;14.3;53
30.4;21.0;14.3;53
30.2;21.0;14.3;52
30.2;21.0;14.2;53
30.4;21.0;14.3;53
30.2;21.0;14.2;53
30.3;21.0;14.2;53
30.2;21.0;14.2;53
30.3;21.0;14.2;53
30.2;21.0;14.2;53
30.2;21.0;14.2;53
30.1;21.0;14.2;53
29.9;22.0;14.2;53
29.9;22.0;14.2;53
30.2;22.0;14.3;53
30.1;22.0;14.3;53
30.2;22.0;14.2;53
30.2;22.0;14.2;53
30.2;22.0;14.2;53
30.0;22.0;14.2;53
30.2;22.0;14.2;53
30.2;22.0;14.2;53
30.1;22.0;14.1;53
30.1;22.0;14.1;53
30.0;21.0;14.1;53
30.1;21.0;14.1;53
30.1;21.0;14.1;53
30.1;21.0;14;53
30.1;21.0;14;53
30.1;22.0;14;53
30.0;22.0;14;53
30.0;21.0;14;53
29.9;21.0;14;53
29.9;21.0;13.9;53
29.8;21.0;13.9;53
30.0;21.0;13.9;53
29.9;21.0;13.9;53
29.9;21.0;13.9;53
29.8;21.0;13.9;53
29.9;21.0;13.9;53
29.8;21.0;13.9;53
29.9;21.0;13.8;53
29.9;21.0;13.8;53
29.9;21.0;13.8;53
29.7;21.0;13.8;53
30.0;21.0;13.8;53
29.8;21.0;13.8;53
29.9;21.0;13.8;53
29.9;21.0;13.8;53
29.8;21.0;13.7;53
29.8;21.0;13.8;53
29.8;21.0;13.7;53
29.9;21.0;13.7;53
29.8;21.0;13.7;53
29.9;21.0;13.7;53
29.7;21.0;13.7;53
29.7;21.0;13.7;53
29.7;21.0;13.6;53
29.8;21.0;13.6;53
29.7;21.0;13.6;53
29.7;21.0;13.5;53
29.6;21.0;13.5;53
29.6;21.0;13.5;53
29.6;21.0;13.5;53
29.6;21.0;13.5;53
29.6;21.0;13.5;53
29.6;21.0;13.5;53
29.8;21.0;13.5;53
29.4;21.0;13.4;53
29.6;21.0;13.4;53
29.6;21.0;13.4;53
29.4;21.0;13.4;53
29.5;21.0;13.4;53
29.5;21.0;13.4;53
29.5;21.0;13.4;53
29.6;21.0;13.4;53
29.5;21.0;13.3;53
29.4;21.0;13.3;53
29.5;21.0;13.3;53
29.4;21.0;13.3;53
29.5;21.0;13.3;53
29.4;21.0;13.3;53
29.4;21.0;13.3;53
29.4;21.0;13.3;53
29.3;21.0;13.2;53
29.3;21.0;13.2;53
29.4;21.0;13.2;53
29.4;21.0;13.2;53
29.3;21.0;13.2;53
29.3;21.0;13.2;53
29.3;21.0;13.1;53
29.4;21.0;13.1;53
29.2;21.0;13.1;53
29.3;21.0;13.1;53
29.4;21.0;13.1;53
29.4;21.0;13.1;53
29.3;21.0;13.1;53
29.2;21.0;13.1;53
29.4;21.0;13.1;53
29.3;21.0;13.1;53
29.3;21.0;13.1;53
29.4;21.0;13.1;53
29.2;21.0;13.1;53
29.2;21.0;13.1;53
29.3;21.0;13.1;53
29.3;21.0;13;53
29.1;21.0;13.1;53
29.2;21.0;13;53
29.2;21.0;13;53
29.2;21.0;13;53
29.2;21.0;13;53
29.1;21.0;13;53
29.1;21.0;13;53
29.2;21.0;12.9;53
29.1;21.0;12.9;53
29.1;21.0;12.9;53
29.1;21.0;12.9;53
29.1;21.0;12.9;53
29.1;21.0;12.9;53
29.0;21.0;12.9;53
29.1;21.0;12.9;53
29.0;21.0;12.9;53
29.1;21.0;12.9;53
29.0;21.0;12.8;53
28.9;21.0;12.8;53
28.9;21.0;12.8;53
29.0;21.0;12.8;53
28.8;21.0;12.8;53
28.7;21.0;12.7;53
28.9;21.0;12.7;53
28.8;21.0;12.7;53
28.8;21.0;12.7;53
28.9;21.0;12.6;53
28.8;21.0;12.6;53
28.8;21.0;12.6;53
28.8;21.0;12.6;53
28.8;21.0;12.6;53
28.8;21.0;12.6;53
28.7;21.0;12.6;53
28.8;21.0;12.6;53
28.8;21.0;12.6;53
28.8;21.0;12.6;53
28.8;21.0;12.6;53
28.7;21.0;12.6;53
28.9;21.0;12.6;53
28.9;21.0;12.6;53
28.7;21.0;12.6;52
28.8;21.0;12.6;52
28.8;21.0;12.5;52
28.8;21.0;12.5;52
28.8;21.0;12.5;52
28.8;21.0;12.6;52
28.7;21.0;12.5;52
28.8;21.0;12.5;52
28.8;21.0;12.5;52
28.8;21.0;12.5;52
28.8;21.0;12.5;52
28.8;21.0;12.4;52
28.7;21.0;12.4;52
28.7;21.0;12.4;52
28.7;21.0;12.4;52
28.8;21.0;12.4;52
30.0;18.0;12.2;52
29.6;18.0;12.2;52
29.1;19.0;12.2;52
28.8;19.0;12.1;52
28.6;19.0;12.1;52
28.6;20.0;12.3;52
28.5;20.0;12.1;52
28.4;20.0;12.1;52
28.3;20.0;12.1;52
28.4;20.0;12.1;52
28.4;20.0;12.1;52
28.3;20.0;12.1;52
28.4;20.0;12;52
28.3;20.0;12;52
28.4;20.0;12;52
28.3;20.0;12;52
28.3;20.0;12;52
28.3;20.0;12;52
28.4;20.0;12;52
28.3;20.0;12;52
28.3;20.0;12;52
28.3;20.0;12;52
28.2;20.0;12;52
28.2;20.0;12;52
28.2;20.0;11.9;52
28.2;20.0;11.9;52
28.2;20.0;11.9;52
28.2;20.0;11.9;52
28.1;20.0;11.9;52
28.1;20.0;11.9;52
28.1;20.0;11.9;52
28.0;20.0;11.9;52
28.0;20.0;11.8;52
27.9;20.0;11.8;52
28.0;20.0;11.8;52
28.0;21.0;11.9;52
28.0;21.0;11.8;52
27.9;21.0;11.8;52
27.9;21.0;11.8;52
28.1;21.0;11.8;52
28.0;21.0;11.7;52
27.9;21.0;11.8;52
27.9;21.0;11.7;52
27.9;21.0;11.7;52
27.9;21.0;11.7;52
27.8;21.0;11.7;52
27.9;21.0;11.7;52
27.9;21.0;11.7;52
27.9;21.0;11.7;52
27.7;21.0;11.7;52
27.9;21.0;11.7;52
27.7;21.0;11.7;52
27.8;21.0;11.6;52
27.8;21.0;11.7;52
27.8;21.0;11.6;52
27.7;21.0;11.6;52
27.8;21.0;11.6;52
27.7;21.0;11.6;52
27.5;21.0;11.7;53
27.3;21.0;11.8;53
27.2;21.0;11.7;53
27.5;21.0;11.8;53
27.7;21.0;12;52
27.7;21.0;12.3;52
27.8;21.0;12.6;52
28.0;21.0;12.8;52
28.1;21.0;13;52
28.3;21.0;13.2;52
28.4;21.0;13.3;51
28.6;21.0;13.5;51
29.2;21.0;14.1;50
29.6;21.0;14.6;50
30.1;21.0;14.9;50
30.2;21.0;15.1;50
30.2;21.0;15.1;49
30.3;21.0;15.2;49
30.4;21.0;15.3;49
30.5;21.0;15.3;49
30.4;21.0;15.3;49
30.5;21.0;15.4;49
30.6;21.0;15.4;49
30.6;21.0;15.4;49
30.6;21.0;15.5;49
30.7;21.0;15.5;49
30.7;21.0;15.6;49
30.8;21.0;15.6;49
30.8;21.0;15.6;49
30.8;21.0;15.6;49
31.0;21.0;15.7;49
30.8;21.0;15.7;49
30.9;21.0;15.7;49
30.8;21.0;15.7;49
31.0;21.0;15.8;49
31.0;22.0;15.9;50
31.2;22.0;15.9;50
31.1;22.0;15.9;50
31.1;22.0;16;50
31.1;22.0;16;50
31.2;22.0;16;51
31.3;22.0;16.1;51
31.3;22.0;16.1;51
31.4;22.0;16.1;51
31.4;22.0;16.1;51
31.4;22.0;16.1;51
31.4;22.0;16.2;51
31.3;22.0;16.2;51
31.4;23.0;16.2;51
31.4;23.0;16.2;51
31.6;23.0;16.2;52
31.5;23.0;16.2;52
31.6;23.0;16.3;52
31.7;23.0;16.3;52
31.6;23.0;16.3;52
31.7;23.0;16.4;52
31.8;23.0;16.4;53
31.7;23.0;16.4;53
31.7;23.0;16.4;53
31.8;23.0;16.5;53
31.8;23.0;16.4;53
31.9;24.0;16.5;53
31.8;24.0;16.5;53
31.7;24.0;16.5;53
31.7;24.0;16.5;54
32.0;24.0;16.5;54
31.9;24.0;16.5;54
31.8;24.0;16.5;54
31.9;24.0;16.5;54
31.9;24.0;16.5;54
31.9;24.0;16.5;54
31.9;24.0;16.5;54
31.9;24.0;16.5;54
32.0;24.0;16.5;54
32.1;24.0;16.5;54
31.9;24.0;16.5;54
32.0;24.0;16.5;54
32.0;24.0;16.5;54
32.0;24.0;16.5;54
31.9;24.0;16.5;54
32.0;24.0;16.5;54
31.9;24.0;16.6;54
32.0;24.0;16.6;54
32.0;24.0;16.6;54
31.9;24.0;16.6;54
31.9;24.0;16.6;54
31.9;24.0;16.6;54
32.1;24.0;16.6;54
32.0;24.0;16.6;54
32.1;24.0;16.6;54
32.0;24.0;16.6;55
31.9;24.0;16.6;55
31.9;24.0;16.6;55
32.0;24.0;16.6;55
32.0;24.0;16.6;55
32.0;24.0;16.6;55
31.8;24.0;16.6;55
31.8;24.0;16.5;55
31.9;24.0;16.4;55
31.7;24.0;16.4;55
31.7;24.0;16.3;55
31.7;24.0;16.3;55
31.8;24.0;16.2;55
31.7;24.0;16.3;55
31.8;24.0;16.3;55
31.7;24.0;16.3;55
31.8;24.0;16.3;55
31.8;24.0;16.4;55
31.7;24.0;16.4;55
31.8;24.0;16.5;55
31.7;24.0;16.4;55
31.8;24.0;16.5;55
31.8;24.0;16.5;55
31.9;24.0;16.5;55
31.8;24.0;16.5;55
31.9;24.0;16.5;55
31.9;24.0;16.5;55
31.9;24.0;16.6;55
31.8;24.0;16.6;55
31.9;24.0;16.6;55
31.9;24.0;16.6;55
31.9;24.0;16.6;55
31.9;24.0;16.6;55
32.0;24.0;16.6;55
31.8;24.0;16.6;56
31.9;24.0;16.6;56
31.9;24.0;16.6;56
32.0;24.0;16.6;56
31.9;25.0;16.6;56
31.9;25.0;16.6;56
31.8;25.0;16.6;57
31.9;25.0;16.6;57
31.9;25.0;16.5;57
32.0;25.0;16.5;57
31.7;25.0;16.5;57
31.8;25.0;16.4;57
31.4;24.0;16.1;56
31.4;24.0;16;56
31.3;24.0;16;55
31.3;24.0;15.9;55
31.3;24.0;15.9;55
31.3;24.0;15.8;55
31.0;24.0;15.7;55
31.0;24.0;15.6;55
31.0;24.0;15.6;55
31.0;24.0;15.5;55
30.9;24.0;15.5;55
30.8;24.0;15.4;55
30.7;23.0;15.4;55
30.7;23.0;15.3;55
30.8;23.0;15.3;55
30.7;23.0;15.2;55
30.7;23.0;15.2;55
30.7;23.0;15.2;55
30.6;23.0;15.2;55
30.6;23.0;15.1;55
30.5;23.0;15;55
30.5;23.0;14.9;55
30.5;23.0;14.9;54
30.6;23.0;14.8;54
30.4;23.0;14.8;54
30.4;23.0;14.7;54
30.5;23.0;14.7;54
30.5;23.0;14.6;54
30.4;23.0;14.6;54
30.4;23.0;14.6;54
30.4;23.0;14.6;54
30.4;23.0;14.5;54
30.2;23.0;14.5;54
30.2;23.0;14.4;54
30.2;23.0;14.4;54
30.2;23.0;14.4;54
30.1;23.0;14.4;54
30.1;23.0;14.3;54
30.2;23.0;14.3;54
30.1;23.0;14.2;54
30.0;23.0;14.2;54
30.0;22.0;14.2;54
30.1;22.0;14.1;54
30.0;22.0;14.1;54
29.8;22.0;14.1;54
29.8;22.0;14;54
29.8;22.0;14;54
29.9;22.0;14;54
29.7;22.0;13.9;54
29.8;22.0;13.9;54
29.7;22.0;13.9;54
29.8;22.0;13.9;53
29.6;22.0;13.8;54
29.7;22.0;13.8;53
29.7;22.0;13.8;53
29.6;22.0;13.8;53
29.6;22.0;13.7;53
29.5;22.0;13.7;53
29.6;22.0;13.7;53
29.5;22.0;13.7;53
29.5;22.0;13.6;53
29.4;22.0;13.6;53
29.4;22.0;13.6;53
29.4;22.0;13.6;53
29.2;22.0;13.5;53
29.3;22.0;13.5;53
29.2;22.0;13.5;53
29.3;22.0;13.4;53
29.1;22.0;13.3;53
29.0;22.0;13.3;53
28.9;22.0;13.2;53
29.0;22.0;13.2;53
28.9;22.0;13.1;53
28.9;22.0;13.1;53
28.8;22.0;13.1;53
28.8;22.0;13.1;53
28.7;22.0;13;53
28.8;22.0;13;53
28.5;22.0;13;53
28.7;22.0;13;53
28.8;22.0;13.3;53
28.7;22.0;13;53
28.5;22.0;12.8;53
28.7;22.0;12.7;53
28.4;22.0;12.6;53
28.5;22.0;12.6;53
28.4;22.0;12.6;53
28.5;22.0;12.5;53
28.4;22.0;12.5;53
28.4;22.0;12.5;53
28.3;22.0;12.4;53
28.2;22.0;12.4;53
28.2;22.0;12.3;53
28.3;22.0;12.3;53
28.1;22.0;12.3;53
28.2;22.0;12.3;53
28.2;22.0;12.2;53
28.2;22.0;12.2;53
28.1;22.0;12.2;53
28.2;22.0;12.1;53
28.1;22.0;12.1;53
28.0;22.0;12.1;54
28.0;22.0;12.1;53
27.8;22.0;12;53
28.0;22.0;12;53
27.8;22.0;12;53
27.8;22.0;12;53
27.8;22.0;11.9;53
27.7;22.0;11.9;53
27.8;22.0;11.9;53
27.7;22.0;11.9;53
27.7;22.0;11.8;53
27.7;22.0;11.8;53
27.7;22.0;11.7;53
27.5;22.0;11.6;53
27.4;22.0;11.6;53
27.4;22.0;11.6;53
27.6;22.0;11.6;53
27.5;22.0;11.5;53
27.6;22.0;11.6;53
27.6;22.0;11.5;53
27.4;22.0;11.6;53
27.4;22.0;11.5;53
27.5;22.0;11.5;53
27.3;22.0;11.4;53
27.3;21.0;11.4;53
27.2;22.0;11.4;53
27.4;21.0;11.3;53
27.3;21.0;11.3;53
27.3;22.0;11.3;53
27.1;22.0;11.4;53
27.2;22.0;11.3;53
27.2;22.0;11.3;53
27.1;22.0;11.3;53
27.1;22.0;11.3;53
27.2;22.0;11.2;53
27.1;22.0;11.2;53
27.2;22.0;11.2;53
26.9;22.0;11.1;53
27.1;22.0;11.1;53
26.9;22.0;11.1;53
27.1;22.0;11.1;53
27.0;22.0;11.1;53
27.0;22.0;11;53
27.0;22.0;11;53
26.9;22.0;11;53
27.0;22.0;11;53
27.0;21.0;11;53
27.0;22.0;11;53
27.1;21.0;11;53
26.8;22.0;11;53
26.8;22.0;10.9;53
26.9;21.0;10.9;53
26.9;21.0;10.9;53
26.9;22.0;10.9;53
26.7;22.0;10.9;53
27.0;21.0;10.8;53
26.8;22.0;10.8;53
26.9;21.0;10.8;53
26.6;22.0;10.8;53
26.7;22.0;10.8;53
26.7;22.0;10.8;53
26.6;22.0;10.8;53
26.6;22.0;10.8;53
26.7;22.0;10.7;53
26.7;22.0;10.7;53
26.8;22.0;10.7;53
26.8;22.0;10.7;53
26.8;22.0;10.7;53
26.6;22.0;10.7;53
26.7;22.0;10.7;53
26.7;22.0;10.6;53
26.7;22.0;10.6;53
26.7;22.0;10.6;53
26.7;22.0;10.6;53
26.8;22.0;10.6;54
26.6;22.0;10.6;54
26.6;22.0;10.6;54
26.6;22.0;10.6;54
26.5;22.0;10.5;54
26.7;22.0;10.5;54
26.6;22.0;10.5;54
26.7;22.0;10.5;54
26.6;22.0;10.5;54
26.6;22.0;10.5;54
26.7;21.0;10.5;54
26.5;22.0;10.4;54
26.6;22.0;10.4;54
26.6;21.0;10.4;54
26.8;21.0;10.4;54
26.7;21.0;10.4;54
26.7;21.0;10.4;54
26.7;22.0;10.4;54
26.6;21.0;10.4;54
26.7;21.0;10.4;54
26.6;21.0;10.4;54
26.6;21.0;10.4;54
26.6;21.0;10.3;54
26.5;21.0;10.3;54
26.4;21.0;10.3;54
26.5;21.0;10.3;54
26.5;21.0;10.3;54
26.7;21.0;10.3;54
26.5;21.0;10.3;54
26.5;21.0;10.3;54
26.4;21.0;10.2;54
26.5;22.0;10.2;54
26.6;22.0;10.2;54
26.5;21.0;10.2;54
26.4;22.0;10.2;54
26.3;21.0;10.2;54
26.3;22.0;10.2;54
26.3;21.0;10.2;54
26.4;22.0;10.2;54
26.4;21.0;10.2;54
26.2;21.0;10.1;54
26.3;21.0;10.1;54
26.3;21.0;10.1;54
26.3;21.0;10.1;54
26.3;21.0;10.1;54
26.3;22.0;10.1;54
26.2;22.0;10.1;54
26.2;22.0;10.1;54
26.1;22.0;10.1;54
26.2;22.0;10.1;54
26.2;22.0;10;54
26.2;21.0;10;54
26.0;21.0;10;54
26.0;22.0;10;54
26.0;21.0;10;54
25.8;21.0;9.9;54
25.8;21.0;9.9;54
25.8;21.0;9.9;54
25.8;21.0;9.9;54
25.9;21.0;9.9;54
25.9;21.0;9.9;54
25.8;21.0;9.9;54
25.8;21.0;9.9;54
25.7;21.0;9.9;54
25.8;21.0;9.9;54
25.7;21.0;9.8;54
25.8;21.0;9.8;54
25.7;21.0;9.8;54
25.6;21.0;9.8;54
25.6;21.0;9.8;54
25.8;21.0;9.7;54
25.7;21.0;9.7;54
25.7;21.0;9.7;54
25.6;21.0;9.7;54
25.5;22.0;9.7;54
26.2;21.0;9.9;54
26.5;21.0;10.4;54
26.9;21.0;11.1;53
27.2;21.0;11.7;52
27.4;21.0;12.1;52
27.7;21.0;12.4;51
27.8;21.0;12.5;51
27.9;21.0;12.6;51
28.0;21.0;12.7;51
28.0;21.0;12.8;50
28.1;21.0;12.8;50
28.1;21.0;12.9;50
28.2;21.0;13;50
28.4;21.0;13.1;50
28.3;21.0;13.1;50
28.5;21.0;13.1;50
28.5;21.0;13.2;50
28.5;21.0;13.3;50
32.0;17.0;14.7;48
31.4;18.0;14.7;48
31.1;18.0;14.7;48
30.7;18.0;14.7;48
30.6;19.0;14.8;48
30.5;19.0;14.8;48
30.4;19.0;14.8;48
30.4;19.0;14.9;48
30.3;19.0;14.9;48
30.5;19.0;14.9;48
30.4;19.0;14.9;48
30.5;19.0;14.9;48
30.4;19.0;14.9;48
30.5;19.0;15;48
30.5;20.0;15;48
30.5;20.0;15.2;47
30.5;20.0;15.1;47
30.5;20.0;15.1;47
30.7;20.0;15.1;47
30.6;20.0;15.1;47
30.7;20.0;15.1;47
30.6;20.0;15.1;47
30.6;20.0;15.1;47
30.6;20.0;15.2;47
30.6;20.0;15.2;47
30.8;20.0;15.2;47
30.7;20.0;15.2;47
30.7;20.0;15.2;47
30.8;20.0;15.3;47
30.9;20.0;15.3;47
30.8;20.0;15.3;47
30.8;20.0;15.3;47
30.8;20.0;15.3;47
31.0;20.0;15.5;47
31.1;20.0;15.4;47
31.0;20.0;15.4;47
31.0;20.0;15.4;47
31.0;20.0;15.4;47
30.9;20.0;15.3;47
30.9;20.0;15.3;47
30.9;20.0;15.3;47
30.9;20.0;15.3;47
31.0;20.0;15.3;47
30.8;20.0;15.3;47
30.8;20.0;15.3;47
30.8;20.0;15.3;47
31.0;20.0;15.3;46
30.9;20.0;15.3;46
32.7;20.0;15.4;47
31.3;16.0;13.7;45
30.0;17.0;13.5;45
29.3;17.0;13.3;45
28.9;17.0;13.2;46
28.8;18.0;13.1;46
28.7;18.0;12.9;46
28.6;18.0;12.9;46
28.6;18.0;12.8;46
28.5;18.0;12.7;46
28.4;18.0;12.6;46
28.4;18.0;12.5;46
28.2;18.0;12.5;46
28.3;18.0;12.4;46
28.1;18.0;12.3;46
28.2;18.0;12.3;46
28.1;18.0;12.2;46
27.9;18.0;12.1;46
28.0;18.0;12.1;46
27.9;18.0;12;46
27.9;18.0;12;46
27.8;18.0;11.9;46
27.8;18.0;11.9;47
27.7;18.0;11.8;47
27.7;18.0;11.7;47
27.6;18.0;11.7;47
27.5;19.0;11.6;47
27.7;18.0;11.6;47
27.6;19.0;11.5;47
27.4;19.0;11.5;47
27.5;19.0;11.4;47
27.3;19.0;11.4;47
27.5;19.0;11.4;47
27.4;19.0;11.3;47
27.3;19.0;11.3;47
27.4;19.0;11.3;47
27.2;19.0;11.3;47
27.2;19.0;11.2;47
27.1;19.0;11.2;47
27.1;19.0;11.1;47
27.1;19.0;11.1;47
27.0;19.0;11;47
27.2;19.0;11;47
27.0;19.0;11;47
27.0;19.0;11;47
26.9;19.0;10.9;47
26.8;19.0;10.9;47
26.9;19.0;10.9;47
26.9;19.0;10.8;47
26.8;19.0;10.8;47
26.7;19.0;10.7;47
26.6;19.0;10.7;47
26.8;19.0;10.7;47
26.8;19.0;10.7;47
26.5;19.0;10.6;47
26.7;19.0;10.6;47
26.4;19.0;10.5;47
26.3;19.0;10.5;47
26.4;19.0;10.5;47
26.4;19.0;10.4;47
26.3;19.0;10.4;47
26.3;19.0;10.4;47
26.4;19.0;10.3;47
26.3;19.0;10.3;48
26.2;19.0;10.2;48
26.2;19.0;10.1;48
26.3;19.0;10.1;48
26.4;19.0;10.1;48
26.6;19.0;10.4;48
26.7;19.0;10.7;48
27.0;19.0;11.1;47
27.2;19.0;11.4;47
27.3;19.0;11.7;47
27.5;19.0;11.9;47
27.6;19.0;12.1;46
27.7;18.0;12.2;46
27.8;18.0;12.4;46
27.9;19.0;12.4;46
28.1;18.0;12.6;46
28.1;18.0;12.6;46
28.1;18.0;12.7;46
28.2;18.0;12.8;45
28.3;18.0;12.9;45
28.3;19.0;12.9;45
28.5;18.0;13;45
28.5;18.0;13.1;45
28.6;18.0;13.2;45
28.7;18.0;13.2;45
28.8;18.0;13.3;45
28.7;19.0;13.3;45
28.9;18.0;13.4;45
29.0;19.0;13.4;45
29.7;19.0;13.5;45
31.3;16.0;14.4;45
30.7;17.0;14.5;45
30.5;17.0;14.5;45
30.2;17.0;14.5;45
30.4;18.0;14.6;45
30.2;18.0;14.6;45
30.3;18.0;14.6;45
30.3;18.0;14.6;45
30.3;18.0;14.6;45
30.3;18.0;14.6;45
30.4;18.0;14.6;45
30.3;18.0;14.6;45
30.3;18.0;14.6;45
30.4;18.0;14.6;45
30.4;18.0;14.6;45
30.3;18.0;14.6;45
30.3;18.0;14.6;45
30.2;18.0;14.6;45
30.3;18.0;14.6;45
30.4;18.0;14.6;45
30.4;18.0;14.6;45
30.3;18.0;14.7;45
30.3;18.0;14.7;45
30.2;18.0;14.7;45
30.4;18.0;14.7;45
30.4;18.0;14.7;45
30.3;18.0;14.7;45
30.4;18.0;14.7;45
30.3;18.0;14.7;45
30.3;18.0;14.7;45
30.3;18.0;14.7;45
30.4;18.0;14.7;45
30.4;18.0;14.7;45
30.5;18.0;14.7;45
30.4;18.0;14.7;45
30.4;18.0;14.7;45
30.4;18.0;14.7;45
30.3;19.0;14.7;45
30.3;19.0;14.8;45
30.4;19.0;14.7;45
30.3;19.0;14.7;45
30.3;19.0;14.7;45
30.5;19.0;14.7;45
30.4;19.0;14.7;45
30.3;19.0;14.7;45
30.4;19.0;14.7;45
30.4;19.0;14.7;45
30.3;19.0;14.7;45
30.5;19.0;14.7;45
30.3;19.0;14.7;45
30.5;19.0;14.7;45
30.5;19.0;14.7;45
30.5;19.0;14.7;45
30.4;19.0;14.7;45
30.3;19.0;14.7;45
30.4;19.0;14.7;45
30.3;19.0;14.7;45
30.5;19.0;14.7;45
30.4;19.0;14.7;45
30.4;19.0;14.7;45
30.3;19.0;14.7;45
30.4;19.0;14.7;45
30.4;19.0;14.6;45
30.4;19.0;14.6;45
30.3;19.0;14.6;45
30.3;19.0;14.7;45
30.5;19.0;14.7;46
30.4;19.0;14.7;45
30.5;19.0;14.7;45
30.3;19.0;14.7;45
30.5;19.0;14.6;45
30.3;19.0;14.6;45
30.3;19.0;14.6;45
30.3;19.0;14.6;45
30.2;19.0;14.6;45
30.2;19.0;14.6;45
30.2;19.0;14.6;45
30.2;19.0;14.6;45
30.3;19.0;14.6;45
30.3;19.0;14.6;45
30.3;19.0;14.6;45
30.3;19.0;14.6;45
30.4;19.0;14.6;45
30.4;19.0;14.6;45
30.2;19.0;14.6;45
30.3;19.0;14.6;45
30.2;19.0;14.6;45
30.4;19.0;14.6;45
30.3;19.0;14.6;45
30.3;19.0;14.7;45
30.3;19.0;14.7;45
30.5;19.0;14.7;45
30.5;19.0;14.7;45
30.4;19.0;14.7;45
30.6;19.0;14.8;45
30.5;19.0;14.8;45
30.5;19.0;14.8;45
30.6;19.0;14.8;45
30.6;19.0;14.9;45
30.6;19.0;14.9;45
30.7;19.0;15;45
30.7;19.0;15;46
30.7;19.0;15;46
30.7;19.0;15.1;46
30.8;19.0;15.1;46
30.8;19.0;15.1;46
30.8;19.0;15.1;46
31.0;19.0;15.1;46
31.0;19.0;15.1;46
30.8;19.0;15.1;46
31.0;19.0;15.1;46
30.9;19.0;15.1;46
31.0;19.0;15.1;46
31.0;19.0;15.1;46
30.9;19.0;15.1;46
31.0;19.0;15.1;46
31.0;19.0;15.1;46
30.8;19.0;15.1;46
31.0;19.0;15.1;46
31.0;19.0;15.1;46
31.0;19.0;15.1;46
31.1;19.0;15.1;46
31.0;19.0;15.1;46
31.0;19.0;15.1;46
31.1;19.0;15.2;46
31.1;19.0;15.2;46
31.2;19.0;15.2;46
31.1;19.0;15.2;46
31.2;19.0;15.2;46
31.2;19.0;15.2;46
31.0;19.0;15.2;46
31.2;19.0;15.2;46
31.2;19.0;15.2;46
31.2;19.0;15.3;46
31.6;19.0;15.3;46
31.7;19.0;15.4;46
32.1;19.0;15.5;46
32.7;19.0;15.7;46
32.6;19.0;15.7;46
32.4;19.0;15.7;46
32.3;19.0;15.6;46
32.2;19.0;15.5;46
32.0;19.0;15.4;47
31.8;19.0;15.3;47
31.8;19.0;15.3;47
31.8;19.0;15.3;47
31.9;19.0;15.4;47
32.0;19.0;15.4;47
31.9;19.0;15.5;47
31.9;19.0;15.5;47
32.0;19.0;15.6;47
31.9;19.0;15.6;47
32.1;19.0;15.7;47
31.9;19.0;15.7;47
31.8;19.0;15.7;47
31.8;19.0;15.6;47
31.8;20.0;15.6;47
31.7;20.0;15.6;47
31.6;20.0;15.5;47
31.7;20.0;15.5;47
31.4;20.0;15.5;47
31.5;20.0;15.4;47
31.7;20.0;15.5;47
31.7;20.0;15.5;47
31.6;20.0;15.5;47
31.6;20.0;15.5;47
31.7;20.0;15.5;47
31.7;20.0;15.6;47
31.8;20.0;15.6;47
31.7;20.0;15.6;47
31.7;20.0;15.7;47
31.7;20.0;15.7;47
31.6;20.0;15.7;47
31.6;20.0;15.7;47
31.6;20.0;15.7;47
31.6;20.0;15.7;47
31.6;20.0;15.7;47
31.7;20.0;15.7;47
31.6;20.0;15.7;47
31.6;20.0;15.7;47
31.5;20.0;15.7;47
31.5;20.0;15.7;47
31.6;20.0;15.7;47
31.5;20.0;15.7;47
31.6;20.0;15.7;47
31.6;20.0;15.7;47
31.5;20.0;15.7;47
31.6;20.0;15.7;47
31.7;20.0;15.7;47
31.7;20.0;15.7;47
31.8;20.0;15.7;47
31.7;20.0;15.7;47
31.7;20.0;15.7;47
31.7;20.0;15.8;47
31.7;20.0;15.7;47
31.7;20.0;15.8;47
31.7;20.0;15.7;47
31.7;20.0;15.7;47
31.7;20.0;15.7;47
31.6;20.0;15.7;47
31.7;20.0;15.6;47
31.6;20.0;15.7;47
31.7;20.0;15.7;47
31.6;20.0;15.7;47
31.8;20.0;15.7;47
31.8;20.0;15.7;47
32.0;20.0;15.7;47
32.7;18.0;15.7;48
31.9;19.0;15.7;48
31.8;19.0;15.7;48
31.6;19.0;15.6;48
31.6;19.0;15.5;48
31.4;19.0;15.5;48
31.3;19.0;15.4;48
31.3;19.0;15.3;48
31.2;20.0;15.3;48
31.0;20.0;15.2;48
30.9;20.0;15.2;48
30.9;20.0;15.1;48
30.9;20.0;15;48
30.8;20.0;15;48
30.9;20.0;14.9;48
30.9;20.0;14.9;48
30.8;20.0;14.9;48
30.8;20.0;14.8;48
30.8;20.0;14.8;48
30.6;20.0;14.7;48
30.7;20.0;14.7;49
30.7;20.0;14.7;49
30.8;20.0;14.6;49
30.6;20.0;14.6;49
30.8;20.0;14.6;49
30.6;20.0;14.6;49
30.4;20.0;14.5;49
30.4;20.0;14.4;49
30.4;20.0;14.4;49
30.4;20.0;14.3;49
30.2;20.0;14.2;49
30.2;20.0;14.2;49
30.4;20.0;14.2;49
30.2;20.0;14.1;49
30.3;20.0;14.1;49
30.1;20.0;14.1;49
30.1;20.0;14;49
30.1;20.0;14;49
30.0;20.0;14;49
30.0;20.0;13.9;49
30.0;20.0;13.9;49
30.0;20.0;13.9;49
30.0;20.0;13.9;49
29.9;20.0;13.8;49
29.9;20.0;13.8;49
30.0;20.0;13.8;49
30.0;20.0;13.7;49
29.9;20.0;13.7;50
29.8;20.0;13.7;50
29.9;20.0;13.6;50
29.8;20.0;13.6;50
29.9;20.0;13.6;50
29.6;20.0;13.6;50
29.8;20.0;13.5;50
29.7;20.0;13.5;50
29.6;20.0;13.5;50
29.7;20.0;13.5;50
29.7;20.0;13.5;50
29.5;20.0;13.5;50
29.6;20.0;13.4;50
29.4;20.0;13.4;50
29.4;20.0;13.4;50
29.4;20.0;13.3;50
29.3;20.0;13.3;50
29.3;20.0;13.2;50
29.3;20.0;13.2;50
29.2;20.0;13.2;50
29.3;20.0;13.2;50
29.2;20.0;13.1;50
29.2;20.0;13.1;50
29.1;20.0;13.1;50
29.1;20.0;13.1;50
29.1;20.0;13.1;50
29.1;20.0;13.1;50
29.1;20.0;13.1;50
29.1;20.0;13.1;50
29.2;20.0;13.1;50
29.1;20.0;13.1;50
29.1;20.0;13;50
29.0;20.0;13;50
29.0;20.0;13;50
29.0;20.0;13;50
29.1;20.0;12.9;50
29.1;20.0;12.9;50
29.0;20.0;12.9;50
29.0;20.0;12.9;50
29.0;20.0;12.9;50
28.9;20.0;12.9;50
28.9;20.0;12.9;50
28.9;20.0;12.9;50
28.9;20.0;12.8;50
28.9;20.0;12.8;50
28.9;20.0;12.8;50
28.8;20.0;12.8;50
28.9;20.0;12.8;50
28.8;20.0;12.8;50
28.7;20.0;12.7;50
28.8;20.0;12.7;50
28.7;20.0;12.7;50
28.9;20.0;12.7;50
28.8;20.0;12.7;50
28.6;20.0;12.7;50
28.7;20.0;12.7;50
28.6;21.0;12.7;50
28.6;20.0;12.6;50
28.6;20.0;12.6;50
28.7;20.0;12.6;50
28.7;20.0;12.6;50
28.6;20.0;12.6;50
28.5;20.0;12.6;50
28.5;20.0;12.6;50
28.5;21.0;12.6;50
28.5;20.0;12.6;50
28.5;21.0;12.6;50
28.8;21.0;12.6;51
29.0;21.0;13.3;50
29.4;21.0;13.9;50
29.8;20.0;14.3;49
29.9;20.0;14.6;49
30.0;20.0;14.7;48
30.2;20.0;14.6;48
30.1;20.0;14.6;48
30.1;20.0;14.4;49
30.1;20.0;14.4;49
30.0;20.0;14.3;49
30.1;20.0;14.2;49
30.1;20.0;14.2;49
30.0;20.0;14.2;49
30.1;20.0;14.2;49
30.1;20.0;14.3;49
30.1;20.0;14.4;49
30.2;20.0;14.4;49
30.3;20.0;14.5;49
30.4;20.0;14.5;49
30.3;20.0;14.5;49
30.4;20.0;14.5;49
30.3;20.0;14.5;49
30.4;20.0;14.5;49
30.3;20.0;14.4;49
30.5;20.0;14.4;49
30.4;20.0;14.4;49
30.4;20.0;14.3;49
30.4;20.0;14.3;49
30.2;20.0;14.4;49
30.4;20.0;14.4;49
30.4;20.0;14.4;49
30.5;20.0;14.5;49
30.5;20.0;14.5;49
30.5;20.0;14.5;49
30.5;20.0;14.5;49
30.6;20.0;14.5;49
30.5;20.0;14.5;49
30.5;20.0;14.5;49
30.6;20.0;14.5;49
30.7;20.0;14.5;49
30.6;20.0;14.5;49
30.5;20.0;14.5;49
30.5;20.0;14.5;49
30.6;20.0;14.5;49
30.5;20.0;14.5;49
30.6;20.0;14.5;49
30.6;20.0;14.5;49
30.6;20.0;14.6;49
30.7;20.0;14.6;49
30.6;20.0;14.6;49
30.6;20.0;14.6;49
30.6;20.0;14.7;49
30.7;20.0;14.7;49
30.7;20.0;14.7;49
30.6;20.0;14.6;49
30.7;20.0;14.6;49
30.7;20.0;14.6;49
30.6;20.0;14.6;49
30.7;20.0;14.6;49
30.7;20.0;14.6;49
30.5;20.0;14.6;49
30.7;20.0;14.6;49
30.6;20.0;14.6;49
30.6;20.0;14.6;49
30.7;20.0;14.7;49
30.7;20.0;14.7;49
30.8;20.0;14.7;49
30.7;20.0;14.7;49
30.6;20.0;14.7;49
30.7;20.0;14.7;49
30.7;20.0;14.7;49
30.7;20.0;14.7;49
30.5;20.0;14.7;49
30.6;20.0;14.7;49
30.6;20.0;14.7;49
30.6;20.0;14.7;49
30.5;20.0;14.7;49
30.6;20.0;14.7;49
30.7;20.0;14.7;49
30.7;20.0;14.7;49
30.7;20.0;14.7;49
30.6;20.0;14.7;49
30.7;20.0;14.7;49
30.6;20.0;14.7;49
30.8;20.0;14.7;49
30.6;20.0;14.7;49
30.7;20.0;14.7;49
30.6;20.0;14.7;49
30.6;20.0;14.7;49
30.7;20.0;14.7;49
30.7;20.0;14.7;49
30.7;20.0;14.7;49
30.7;20.0;14.7;49
30.7;20.0;14.7;49
30.7;20.0;14.7;49
30.7;20.0;14.7;49
30.7;20.0;14.6;49
30.8;20.0;14.6;49
30.8;20.0;14.7;49
30.8;20.0;14.7;49
30.8;20.0;14.6;49
30.8;20.0;14.7;49
30.7;20.0;14.6;49
30.8;20.0;14.6;49
30.8;20.0;14.6;49
30.5;20.0;14.6;49
30.7;20.0;14.6;49
30.7;20.0;14.7;49
30.7;20.0;14.7;49
30.7;20.0;14.7;49
30.7;20.0;14.7;49
30.8;20.0;14.7;49
30.7;20.0;14.7;49
30.7;20.0;14.7;49
30.6;20.0;14.7;49
30.8;20.0;14.7;49
30.7;20.0;14.7;49
30.6;20.0;14.7;49
30.7;20.0;14.7;49
30.7;20.0;14.7;49
30.7;20.0;14.7;49
30.5;21.0;14.7;49
30.6;20.0;14.7;49
30.6;20.0;14.7;49
30.7;21.0;14.7;49
30.5;20.0;14.7;49
30.6;20.0;14.7;49
30.6;20.0;14.7;49
30.5;20.0;14.7;49
30.6;20.0;14.7;49
30.5;20.0;14.7;49
30.5;20.0;14.7;49
30.7;20.0;14.6;49
30.5;20.0;14.7;49
30.5;21.0;14.6;49
30.7;20.0;14.7;49
30.6;21.0;14.6;49
30.6;20.0;14.7;49
30.7;20.0;14.6;49
30.7;20.0;14.7;49
30.7;20.0;14.6;49
30.7;20.0;14.6;49
30.7;20.0;14.6;49
30.7;20.0;14.7;49
30.6;20.0;14.7;49
30.6;20.0;14.7;49
30.6;20.0;14.7;49
30.6;21.0;14.7;49
30.6;20.0;14.6;49
30.7;20.0;14.7;49
30.6;20.0;14.6;49
30.6;20.0;14.6;49
30.7;21.0;14.6;49
30.5;20.0;14.6;49
30.7;20.0;14.6;49
30.6;20.0;14.6;49
30.7;20.0;14.7;49
30.7;20.0;14.7;49
30.7;20.0;14.7;49
30.7;21.0;14.7;49
30.7;20.0;14.7;49
30.6;20.0;14.7;49
30.5;20.0;14.7;49
30.6;20.0;14.7;49
30.7;20.0;14.6;49
30.7;20.0;14.7;49
30.6;20.0;14.7;49
30.7;20.0;14.7;49
30.7;20.0;14.7;49
30.6;20.0;14.7;49
30.6;20.0;14.7;49
30.7;20.0;14.7;49
30.7;20.0;14.7;49
30.8;20.0;14.7;49
30.8;20.0;14.7;49
30.7;20.0;14.7;49
30.6;20.0;14.7;49
30.6;20.0;14.7;49
30.8;20.0;14.7;49
30.6;20.0;14.7;49
30.7;20.0;14.7;49
30.6;20.0;14.7;49
30.6;20.0;14.7;49
30.6;20.0;14.7;49
30.7;20.0;14.7;49
30.6;20.0;14.7;49
30.7;20.0;14.6;49
30.5;20.0;14.7;49
30.7;20.0;14.7;49
30.6;20.0;14.7;49
30.6;20.0;14.7;49
30.6;20.0;14.7;49
30.6;20.0;14.7;49
30.7;20.0;14.7;49
30.6;20.0;14.7;49
30.7;20.0;14.7;49
30.7;20.0;14.7;49
30.7;20.0;14.7;49
30.7;20.0;14.7;49
30.8;20.0;14.7;49
30.7;20.0;14.7;49
30.7;20.0;14.7;49
30.6;20.0;14.7;49
30.7;20.0;14.7;49
30.7;20.0;14.7;49
30.7;20.0;14.7;49
30.7;20.0;14.7;49
30.6;20.0;14.7;49
30.8;20.0;14.7;49
30.7;20.0;14.7;49
30.6;20.0;14.7;49
30.5;20.0;14.7;49
30.7;20.0;14.6;49
30.7;20.0;14.6;49
30.7;20.0;14.6;49
30.7;20.0;14.6;49
30.6;20.0;14.6;49
30.7;20.0;14.6;49
30.6;20.0;14.6;49
30.7;20.0;14.6;49
30.6;20.0;14.6;49
30.6;20.0;14.6;49
30.8;20.0;14.6;49
30.6;20.0;14.5;49
30.7;20.0;14.6;49
30.7;20.0;14.6;49
30.7;20.0;14.6;49
30.7;20.0;14.6;49
30.6;20.0;14.6;49
30.6;20.0;14.6;49
30.7;20.0;14.6;49
30.6;20.0;14.6;49
30.7;20.0;14.6;49
30.7;20.0;14.6;49
30.5;20.0;14.6;49
30.6;20.0;14.6;49
30.6;20.0;14.6;49
30.7;20.0;14.6;49
30.7;20.0;14.6;49
30.6;20.0;14.6;49
30.7;20.0;14.6;49
30.7;20.0;14.6;49
30.7;20.0;14.6;49
30.7;20.0;14.6;49
30.6;20.0;14.5;49
30.7;20.0;14.5;49
30.6;20.0;14.5;49
30.7;20.0;14.5;49
30.7;20.0;14.5;49
30.5;20.0;14.5;49
30.5;20.0;14.5;49
30.6;20.0;14.5;49
30.7;20.0;14.5;49
30.6;20.0;14.5;49
30.7;20.0;14.5;49
30.6;20.0;14.5;49
30.7;20.0;14.5;49
30.6;20.0;14.5;49
30.7;20.0;14.5;49
30.5;20.0;14.5;49
30.7;20.0;14.5;49
30.7;20.0;14.5;49
30.7;20.0;14.5;49
30.6;20.0;14.5;49
30.6;20.0;14.5;49
30.8;20.0;14.5;49
30.6;20.0;14.5;49
30.7;20.0;14.5;49
30.6;20.0;14.5;49
30.6;20.0;14.5;49
30.7;20.0;14.5;49
30.7;20.0;14.5;49
30.6;20.0;14.5;49
30.6;20.0;14.5;49
30.6;20.0;14.5;49
30.7;20.0;14.5;49
30.6;20.0;14.5;49
30.6;20.0;14.6;49
30.6;20.0;14.6;49
30.5;20.0;14.6;49
30.6;20.0;14.6;49
30.5;20.0;14.6;49
30.6;20.0;14.6;49
30.6;20.0;14.6;49
30.6;20.0;14.6;49
30.7;20.0;14.6;49
30.8;20.0;14.6;49
30.7;20.0;14.6;49
30.6;20.0;14.7;49
30.8;20.0;14.6;49
30.7;20.0;14.6;49
30.7;20.0;14.6;49
30.8;20.0;14.6;49
30.7;20.0;14.6;49
30.7;20.0;14.6;49
30.7;20.0;14.6;49
30.7;20.0;14.7;49
30.7;20.0;14.6;49
30.7;20.0;14.7;49
30.6;20.0;14.7;49
30.7;20.0;14.7;49
30.7;20.0;14.7;49
30.7;20.0;14.7;49
30.6;20.0;14.7;49
30.7;20.0;14.7;49
30.7;20.0;14.7;49
30.7;20.0;14.7;49
30.9;21.0;14.7;50
30.8;21.0;14.8;50
31.0;21.0;15.2;50
31.1;21.0;15.7;49
31.4;21.0;15.9;49
31.6;21.0;16;49
31.5;21.0;15.8;48
31.4;21.0;15.7;49
31.2;21.0;15.6;49
31.2;21.0;15.6;49
31.3;21.0;15.5;49
31.3;21.0;15.5;49
31.2;21.0;15.5;49
31.4;21.0;15.6;49
31.4;21.0;15.6;49
31.4;21.0;15.7;49
31.3;21.0;15.7;49
31.5;21.0;15.8;49
31.5;21.0;15.8;49
31.6;21.0;15.9;49
31.6;21.0;15.9;49
31.4;21.0;15.9;49
31.5;21.0;15.8;49
31.5;21.0;15.8;49
31.6;21.0;15.8;49
31.5;21.0;15.7;49
31.5;21.0;15.7;49
31.4;21.0;15.7;49
31.4;21.0;15.7;49
31.5;21.0;15.7;49
31.5;21.0;15.7;49
31.6;21.0;15.7;49
31.7;21.0;15.7;49
31.6;21.0;15.8;49
31.6;21.0;15.9;49
31.6;21.0;15.9;49
31.7;21.0;15.9;49
31.8;21.0;16;49
31.7;21.0;16;49
31.9;21.0;16;49
31.8;21.0;16;49
31.8;21.0;16;49
31.8;21.0;16;49
31.7;21.0;16;49
31.8;21.0;16;49
31.8;21.0;15.9;49
31.7;21.0;16;49
31.8;21.0;15.9;49
31.7;21.0;16;49
31.8;21.0;15.9;49
31.8;21.0;15.9;49
31.8;21.0;15.9;49
31.7;21.0;16;49
31.8;21.0;15.9;49
31.8;21.0;16;49
31.9;21.0;16;49
31.8;21.0;16;49
31.9;21.0;16;49
31.9;21.0;16;49
32.0;21.0;16;49
31.9;21.0;16.1;49
31.9;21.0;16.1;49
31.9;21.0;16;49
31.9;21.0;16;49
31.8;21.0;16;49
31.9;21.0;15.9;49
31.8;21.0;16;49
31.8;21.0;16;49
31.8;21.0;16;49
31.7;21.0;16;49
31.8;21.0;16;49
31.8;21.0;16;49
31.9;21.0;15.9;49
31.9;21.0;16;49
31.9;21.0;16;49
31.9;21.0;16;49
32.0;21.0;16;49
31.8;21.0;16;49
32.0;21.0;16;49
31.8;21.0;16;49
31.9;21.0;16;49
32.0;21.0;16.1;49
31.9;21.0;16.1;49
32.0;21.0;16.1;49
32.0;21.0;16.1;49
32.0;21.0;16.1;49
31.9;21.0;16.1;49
32.0;21.0;16.1;49
31.9;21.0;16.1;49
32.0;21.0;16.1;49
32.0;21.0;16.1;49
32.0;21.0;16.1;49
32.0;21.0;16.1;49
32.0;21.0;16.1;49
32.0;21.0;16.1;49
32.1;21.0;16.1;49
32.1;21.0;16.1;49
32.0;21.0;16.1;49
32.0;21.0;16.1;49
31.9;21.0;16.1;49
31.8;21.0;16.1;49
31.9;21.0;16.1;49
32.1;21.0;16.1;49
31.9;21.0;16.1;49
32.0;21.0;16.1;49
32.0;21.0;16.1;49
32.0;21.0;16.1;49
32.1;21.0;16.1;49
32.0;21.0;16.1;49
31.9;21.0;16.1;49
31.9;21.0;16.1;49
31.9;21.0;16.1;49
31.9;21.0;16.1;49
31.9;21.0;16.1;49
32.0;21.0;16.1;49
32.0;21.0;16.1;49
31.9;21.0;16.1;49
31.9;21.0;16.1;49
32.0;21.0;16.1;49
31.8;21.0;16.1;49
32.0;21.0;16.1;49
32.1;21.0;16.1;49
32.0;21.0;16.1;49
31.9;21.0;16.1;49
31.9;21.0;16.1;49
32.0;21.0;16.1;49
32.0;21.0;16.1;49
32.0;21.0;16.1;49
32.0;21.0;16.1;49
32.0;21.0;16.1;49
32.0;21.0;16.1;49
31.9;21.0;16.1;49
31.9;21.0;16.1;49
32.0;21.0;16.1;49
32.0;21.0;16.1;49
32.1;21.0;16.1;49
32.0;21.0;16.1;49
31.9;21.0;16.1;49
31.9;21.0;16.1;49
32.0;21.0;16.1;49
31.9;21.0;16.1;49
31.8;21.0;16.1;49
32.0;21.0;16.1;49
32.0;21.0;16.1;49
32.0;21.0;16.1;49
32.0;21.0;16.1;49
32.0;21.0;16.1;49
32.0;21.0;16.1;49
32.0;21.0;16.1;49
32.0;21.0;16.1;49
32.0;21.0;16.1;49
31.9;21.0;16.1;49
32.0;21.0;16.1;49
32.1;21.0;16.1;49
31.9;21.0;16.1;49
32.1;21.0;16.1;49
32.0;21.0;16.1;49
32.0;21.0;16.1;49
32.0;21.0;16.1;49
32.0;21.0;16.1;49
32.0;21.0;16.1;49
32.0;21.0;16.2;49
32.0;21.0;16.1;49
31.9;21.0;16.2;49
32.2;21.0;16.2;49
32.0;21.0;16.2;49
31.9;21.0;16.2;49
32.1;21.0;16.2;49
32.2;21.0;16.2;49
32.0;21.0;16.2;49
31.9;21.0;16.2;49
31.9;21.0;16.2;49
32.0;21.0;16.2;49
32.1;21.0;16.2;49
32.0;21.0;16.2;49
32.0;21.0;16.2;49
32.0;21.0;16.2;49
32.0;21.0;16.2;49
32.0;21.0;16.2;49
32.0;21.0;16.2;49
32.1;21.0;16.2;49
32.0;21.0;16.2;49
32.0;21.0;16.2;49
32.2;21.0;16.3;50
32.2;21.0;16.4;50
32.3;21.0;16.3;49
32.4;21.0;16.3;49
32.3;21.0;16.3;49
32.4;21.0;16.3;49
32.3;21.0;16.2;49
32.2;21.0;16.2;49
32.2;21.0;16.2;49
32.2;21.0;16.2;49
32.5;21.0;16.2;49
32.2;21.0;16.2;49
32.3;21.0;16.2;49
32.3;21.0;16.2;49
32.3;21.0;16.2;49
32.3;21.0;16.2;49
32.3;21.0;16.2;49
32.2;21.0;16.2;49
32.3;21.0;16.2;49
32.4;21.0;16.2;49
32.3;21.0;16.2;49
32.3;21.0;16.2;49
32.4;21.0;16.2;49
32.5;21.0;16.2;49
32.4;20.0;16.2;49
32.6;20.0;16.2;49
32.6;21.0;16.3;49
32.4;20.0;16.3;49
32.5;20.0;16.3;49
32.5;20.0;16.3;49
32.5;20.0;16.3;49
32.5;20.0;16.3;49
32.5;20.0;16.3;49
32.6;20.0;16.3;49
32.4;20.0;16.3;49
32.5;20.0;16.3;49
32.5;20.0;16.3;49
32.4;20.0;16.3;49
32.5;20.0;16.3;49
32.5;20.0;16.3;49
32.5;20.0;16.3;49
32.4;20.0;16.3;49
32.5;20.0;16.3;49
32.5;20.0;16.3;48
32.4;20.0;16.3;49
32.5;20.0;16.3;49
33.7;20.0;16.3;49
36.6;19.0;18.8;51
36.1;20.0;18.9;51
35.6;20.0;19;51
35.1;21.0;19.1;51
34.9;21.0;19.2;51
34.8;21.0;19.2;52
34.7;22.0;19.3;52
34.7;22.0;19.2;52
34.6;22.0;19.2;52
34.6;22.0;19.2;52
34.7;22.0;19.2;52
34.7;22.0;19.2;52
34.6;22.0;19.2;52
34.7;22.0;19.2;52
34.6;22.0;19.2;52
34.7;22.0;19.2;52
34.6;22.0;19.1;52
34.7;22.0;19.1;52
34.6;22.0;19.1;52
34.6;22.0;19.1;52
34.5;22.0;19.1;52
34.6;22.0;19.1;52
34.6;22.0;19.1;52
34.7;22.0;19.1;52
34.8;22.0;19.1;52
34.6;22.0;19.1;52
34.6;22.0;19.1;52
34.6;22.0;19.1;52
34.6;22.0;19.1;52
34.6;22.0;19.1;52
34.5;22.0;19.2;52
34.6;22.0;19.1;52
34.5;23.0;19.2;52
34.6;22.0;19.1;52
34.6;22.0;19.2;52
34.6;22.0;19.2;52
34.6;23.0;19.2;52
34.5;23.0;19.2;52
34.6;23.0;19.2;52
34.5;23.0;19.2;52
34.6;23.0;19.2;52
34.6;23.0;19.2;52
34.7;23.0;19.2;52
34.7;23.0;19.2;52
34.7;23.0;19.2;52
34.7;23.0;19.2;52
34.7;23.0;19.2;52
34.7;23.0;19.2;52
34.8;23.0;19.2;52
34.7;23.0;19.2;52
34.7;23.0;19.3;52
34.7;23.0;19.3;52
34.9;23.0;19.3;52
34.7;23.0;19.3;52
34.7;23.0;19.3;52
34.7;23.0;19.3;52
34.7;23.0;19.3;52
34.7;23.0;19.3;52
34.8;23.0;19.3;52
34.9;23.0;19.3;52
34.8;23.0;19.3;53
34.7;23.0;19.3;52
34.6;23.0;19.3;53
34.6;23.0;19.3;52
34.7;23.0;19.3;53
34.6;23.0;19.3;52
34.7;23.0;19.3;52
34.7;23.0;19.3;52
34.7;23.0;19.2;53
34.7;23.0;19.3;53
34.7;23.0;19.3;53
34.7;23.0;19.3;53
34.7;23.0;19.3;53
34.6;23.0;19.3;53
34.7;23.0;19.3;53
34.8;23.0;19.2;53
34.7;23.0;19.3;53
34.7;23.0;19.3;53
34.9;23.0;19.3;53
34.8;23.0;19.3;53
34.7;23.0;19.3;53
34.7;23.0;19.3;53
34.6;23.0;19.3;53
34.8;23.0;19.3;53
34.7;23.0;19.3;53
34.7;23.0;19.3;53
34.8;23.0;19.3;53
34.7;23.0;19.3;53
34.8;23.0;19.3;53
34.8;23.0;19.3;53
34.7;23.0;19.3;53
34.8;23.0;19.3;53
34.8;23.0;19.3;53
34.7;23.0;19.3;53
34.7;23.0;19.3;53
34.7;23.0;19.3;53
34.7;23.0;19.3;53
34.7;23.0;19.3;53
34.7;23.0;19.3;53
34.8;23.0;19.4;53
34.7;23.0;19.3;53
34.8;23.0;19.3;53
34.7;23.0;19.3;53
34.8;23.0;19.3;53
34.8;23.0;19.3;53
34.7;23.0;19.3;53
34.7;23.0;19.3;53
34.7;23.0;19.3;53
34.7;23.0;19.3;53
34.8;23.0;19.3;53
34.8;23.0;19.3;53
34.8;23.0;19.3;53
34.7;23.0;19.3;53
34.7;23.0;19.3;53
34.8;23.0;19.3;53
34.8;23.0;19.3;53
34.7;23.0;19.3;53
34.7;23.0;19.3;53
34.8;23.0;19.3;53
34.7;23.0;19.3;53
34.7;23.0;19.3;53
34.7;23.0;19.3;53
34.7;23.0;19.3;53
34.8;23.0;19.3;53
34.8;23.0;19.3;53
34.8;23.0;19.3;53
34.7;23.0;19.3;53
34.7;23.0;19.3;53
34.7;23.0;19.3;53
34.7;23.0;19.3;53
34.6;23.0;19.3;53
34.8;23.0;19.3;53
34.7;23.0;19.3;53
34.9;23.0;19.3;53
34.8;23.0;19.3;53
34.8;23.0;19.3;53
34.8;23.0;19.3;53
34.7;23.0;19.3;53
34.7;23.0;19.3;53
34.8;23.0;19.3;53
34.6;23.0;19.2;53
34.7;23.0;19.2;53
34.7;23.0;19.3;53
34.7;23.0;19.2;53
34.8;23.0;19.2;53
34.7;23.0;19.2;53
34.7;23.0;19.2;53
34.7;23.0;19.2;53
34.7;23.0;19.2;53
34.6;23.0;19.1;53
34.7;23.0;19.2;53
34.6;23.0;19.1;53
34.7;23.0;19.2;53
34.7;23.0;19.1;53
34.5;23.0;19.1;53
34.5;22.0;19.1;52
34.6;22.0;19.1;52
34.6;22.0;19.1;52
34.6;22.0;19.1;52
34.6;22.0;19;52
34.5;23.0;19;52
34.7;23.0;19;54
34.8;24.0;19.2;55
34.7;26.0;19.3;57
35.0;31.0;19.4;64
35.0;31.0;19.4;65
35.4;33.0;19.9;71
35.3;33.0;20;71
35.3;33.0;19.9;72
35.1;33.0;19.9;72
35.2;33.0;19.8;73
35.0;33.0;19.8;72
35.1;32.0;19.7;73
35.0;32.0;19.7;72
35.0;32.0;19.6;72
34.9;32.0;19.6;72
34.8;31.0;19.5;71
34.9;31.0;19.5;71
35.0;31.0;19.4;71
34.9;31.0;19.4;70
34.9;30.0;19.4;70
35.0;30.0;19.4;70
34.9;30.0;19.3;69
34.9;30.0;19.4;69
34.9;30.0;19.3;69
34.8;29.0;19.4;68
34.8;28.0;19.4;66
34.5;27.0;19.3;64
34.5;26.0;19.2;63
34.5;26.0;19.1;62
34.5;26.0;19.1;61
34.5;26.0;19;61
34.5;26.0;19;61
34.6;26.0;19;61
34.6;26.0;19;61
34.6;26.0;19.1;61
34.6;25.0;19.1;61
34.6;25.0;19.1;60
34.7;25.0;19.1;60
34.7;25.0;19.1;60
34.6;25.0;19.1;60
34.7;25.0;19.1;60
34.7;25.0;19.1;60
34.7;25.0;19.1;59
34.6;25.0;19.1;59
34.6;25.0;19.1;59
34.6;25.0;19.1;59
34.7;25.0;19.1;59
34.6;25.0;19.1;59
34.6;25.0;19.1;58
34.6;25.0;19.1;58
34.5;25.0;19;58
34.5;25.0;19;58
34.7;25.0;19.1;58
34.7;25.0;19;58
34.5;25.0;19.1;58
34.5;24.0;19;58
34.6;24.0;19.1;58
34.6;24.0;19;58
34.5;24.0;19;58
34.6;24.0;19;58
34.5;24.0;19;58
34.5;25.0;19;58
34.5;24.0;19;58
34.6;24.0;19;58
34.4;25.0;19;58
34.5;25.0;19;58
34.5;25.0;19;58
34.5;25.0;19;58
34.5;25.0;19;58
34.5;25.0;19.1;58
34.5;25.0;19;58
34.5;25.0;19;59
34.6;25.0;19;58
34.5;25.0;19;58
34.5;25.0;19;58
34.7;23.0;19.2;57
23.6;34.0;8.2;66
23.5;34.0;8;67
23.5;34.0;7.8;68
23.4;34.0;7.6;69
23.5;34.0;7.4;69
23.5;34.0;7.3;70
23.4;34.0;7.2;70
23.5;34.0;7.1;71
23.5;34.0;7;71
23.4;34.0;6.9;72
23.5;34.0;6.9;72
23.4;34.0;6.8;72
23.4;34.0;6.7;73
23.4;34.0;6.7;73
23.4;34.0;6.7;73
23.5;34.0;6.6;73
23.4;34.0;6.6;73
23.4;33.0;6.6;74
23.3;33.0;6.6;74
23.3;33.0;6.6;74
23.3;33.0;6.6;74
23.4;33.0;6.5;74
23.4;33.0;6.5;74
23.4;33.0;6.5;74
23.4;33.0;6.5;74
23.4;33.0;6.5;74
23.4;33.0;6.5;74
23.4;33.0;6.5;75
23.3;33.0;6.5;75
23.4;33.0;6.5;75
23.3;33.0;6.5;75
23.4;33.0;6.5;75
23.4;33.0;6.5;75
23.4;33.0;6.5;75
23.4;33.0;6.4;75
23.3;33.0;6.4;75
23.4;33.0;6.4;75
23.4;33.0;6.4;75
23.4;33.0;6.4;75
23.3;33.0;6.4;75
23.4;33.0;6.4;75
23.4;33.0;6.4;75
23.3;33.0;6.4;75
23.3;33.0;6.4;75
23.3;33.0;6.4;75
23.4;33.0;6.4;75
23.4;33.0;6.4;75
23.3;33.0;6.4;75
23.4;33.0;6.4;75
23.4;33.0;6.4;76
23.3;33.0;6.4;76
23.4;33.0;6.4;76
23.3;33.0;6.4;76
23.3;33.0;6.4;76
23.4;33.0;6.4;76
23.3;33.0;6.4;76
23.2;33.0;6.4;76
23.3;33.0;6.4;76
23.3;33.0;6.4;76
23.4;33.0;6.4;76
23.2;33.0;6.4;76
23.4;33.0;6.4;76
23.3;33.0;6.4;76
23.3;33.0;6.4;76
23.3;33.0;6.4;76
23.3;33.0;6.4;76
23.3;33.0;6.4;76
23.3;33.0;6.4;76
23.3;33.0;6.4;76
23.3;33.0;6.4;76
23.3;33.0;6.4;76
23.3;33.0;6.4;76
23.3;33.0;6.4;76
23.2;33.0;6.4;76
23.3;33.0;6.4;76
23.3;33.0;6.4;76
23.2;32.0;6.4;76
23.3;32.0;6.4;76
23.3;33.0;6.4;76
23.3;32.0;6.4;76
23.2;32.0;6.4;76
23.3;32.0;6.4;76
23.3;32.0;6.3;76
23.3;32.0;6.3;76
23.2;32.0;6.3;76
23.3;32.0;6.3;76
23.2;32.0;6.3;76
23.3;32.0;6.3;76
23.3;32.0;6.3;76
23.3;32.0;6.3;76
23.2;32.0;6.3;76
23.2;32.0;6.3;76
23.3;32.0;6.3;76
23.3;32.0;6.3;76
23.2;32.0;6.3;76
23.2;32.0;6.3;76
23.3;32.0;6.3;76
23.2;32.0;6.3;76
23.2;32.0;6.3;76
23.2;32.0;6.3;76
23.2;32.0;6.3;76
23.2;32.0;6.3;76
23.2;32.0;6.3;76
23.2;32.0;6.3;76
23.1;32.0;6.3;76
23.2;32.0;6.3;76
23.2;32.0;6.3;76
23.2;32.0;6.3;76
23.0;32.0;6.3;76
22.8;32.0;6.2;76
23.1;32.0;6.2;76
23.1;32.0;6.2;76
23.0;32.0;6.2;76
23.1;32.0;6.2;76
23.2;32.0;6.2;76
23.1;32.0;6.2;76
23.1;32.0;6.2;76
23.1;32.0;6.2;76
23.1;32.0;6.2;76
23.1;32.0;6.2;76
22.8;31.0;6.2;75
22.6;31.0;6.1;75
22.8;32.0;6.1;75
22.9;32.0;6;75
22.9;32.0;6.1;75
23.0;32.0;6.1;76
22.9;32.0;6.1;76
23.0;32.0;6.1;76
23.0;32.0;6.1;76
23.0;32.0;6.1;76
23.1;32.0;6.1;76
23.1;32.0;6.1;76
23.1;32.0;6.1;76
23.0;32.0;6.1;76
23.1;32.0;6.1;76
23.0;32.0;6.1;76
23.1;32.0;6.1;76
23.1;32.0;6.1;76
23.0;32.0;6.2;76
23.1;32.0;6.2;76
23.1;32.0;6.2;76
23.1;32.0;6.2;76
23.1;32.0;6.2;76
23.1;32.0;6.2;76
23.2;32.0;6.2;76
23.1;32.0;6.2;76
24.0;32.0;6.2;76
23.8;29.0;6.2;76
23.5;29.0;6.2;76
23.4;30.0;6.2;76
23.3;30.0;6.2;76
23.3;30.0;6.2;76
23.2;30.0;6.2;76
23.2;30.0;6.2;76
23.2;30.0;6.2;76
23.3;30.0;6.2;76
23.2;31.0;6.2;76
23.2;31.0;6.2;76
23.2;31.0;6.2;76
23.2;31.0;6.2;76
23.2;31.0;6.2;76
23.2;31.0;6.2;76
23.2;31.0;6.2;76
23.3;31.0;6.2;76
23.2;31.0;6.2;76
23.0;30.0;6.2;76
22.6;30.0;6.1;74
22.6;30.0;6.1;74
22.5;30.0;6;74
22.7;30.0;6;75
22.7;31.0;6;75
22.9;31.0;6;75
22.6;30.0;6;75
22.6;30.0;5.9;75
22.7;30.0;5.9;75
22.9;31.0;5.9;75
22.9;31.0;5.9;75
23.0;31.0;6;75
22.7;30.0;6;76
22.7;30.0;5.9;75
22.8;31.0;5.9;75
22.8;31.0;5.9;75
22.8;31.0;5.9;75
22.9;31.0;5.9;75
22.8;31.0;5.9;75
22.9;31.0;5.9;75
22.9;31.0;6;76
22.9;31.0;6;76
22.9;31.0;6;76
23.0;31.0;6;76
22.9;31.0;6;76
22.9;31.0;6;76
22.9;31.0;6;76
22.9;31.0;6;76
23.0;31.0;6;76
22.9;31.0;6;76
22.9;31.0;6;76
22.9;31.0;6;76
23.0;31.0;6;76
22.8;31.0;6;76
22.9;31.0;6;76
22.9;31.0;6;76
22.9;31.0;6;76
22.9;31.0;6;76
22.9;31.0;6;76
22.9;31.0;6;76
22.9;31.0;6;76
23.0;31.0;6;76
22.9;31.0;6;76
22.9;31.0;6;76
22.7;30.0;6;76
22.7;31.0;5.9;75
22.7;31.0;5.9;75
22.8;31.0;5.9;75
22.8;31.0;5.9;75
22.9;31.0;5.9;76
22.8;31.0;5.9;76
22.9;31.0;5.9;76
22.9;31.0;5.9;76
22.8;31.0;5.9;76
22.9;31.0;5.9;76
23.0;31.0;5.9;76
22.8;31.0;6;76
22.9;31.0;6;76
22.9;31.0;6;76
23.0;31.0;6;76
22.9;31.0;6;76
22.9;31.0;6;76
22.9;31.0;6;76
23.0;31.0;6;76
22.9;31.0;6;76
22.9;31.0;6;76
22.8;31.0;6;76
22.8;31.0;6;76
22.8;31.0;6;76
22.9;31.0;6;76
22.9;31.0;6;76
22.8;31.0;6;76
22.8;31.0;6;76
22.9;31.0;6;76
22.9;31.0;5.9;76
22.8;31.0;6;76
22.9;31.0;5.9;76
22.8;31.0;5.9;76
22.9;31.0;5.9;76
22.8;31.0;5.9;76
22.9;31.0;5.9;76
22.7;31.0;5.9;76
22.8;31.0;5.9;76
22.9;31.0;5.9;76
22.8;31.0;5.9;76
22.8;31.0;5.9;76
22.9;31.0;5.9;76
22.9;31.0;5.9;76
22.7;31.0;5.9;76
22.8;31.0;5.9;76
22.9;31.0;5.9;76
22.8;31.0;5.9;76
22.8;31.0;5.9;76
22.7;31.0;5.9;76
22.8;31.0;5.9;76
22.8;31.0;5.9;76
22.8;31.0;5.9;76
22.8;31.0;5.9;76
22.8;31.0;5.9;76
22.8;31.0;5.9;76
22.8;31.0;5.9;76
22.8;31.0;5.9;76
22.8;31.0;5.9;76
22.8;31.0;5.9;76
22.8;31.0;5.9;76
22.8;31.0;5.9;76
22.8;31.0;5.9;76
22.9;31.0;5.8;76
22.9;31.0;5.8;76
22.8;31.0;5.8;76
22.9;31.0;5.8;76
22.8;31.0;5.8;76
22.9;31.0;5.8;76
22.8;31.0;5.8;76
22.8;31.0;5.8;76
22.8;31.0;5.8;76
22.8;31.0;5.8;76
22.8;31.0;5.8;76
22.8;31.0;5.8;76
22.8;31.0;5.8;76
22.8;31.0;5.8;76
22.8;31.0;5.8;76
22.8;31.0;5.8;76
22.8;31.0;5.8;76
22.7;31.0;5.8;76
22.9;31.0;5.8;76
22.8;31.0;5.8;76
22.8;31.0;5.8;76
22.8;31.0;5.8;76
22.8;31.0;5.8;76
22.8;31.0;5.8;76
22.8;31.0;5.8;76
22.8;31.0;5.8;76
22.8;31.0;5.8;76
22.7;31.0;5.8;76
22.8;31.0;5.8;76
22.7;31.0;5.8;76
22.7;31.0;5.8;76
22.8;31.0;5.8;76
22.8;31.0;5.8;76
22.7;31.0;5.8;76
22.7;31.0;5.8;76
22.7;31.0;5.8;76
22.7;31.0;5.8;76
22.7;31.0;5.8;76
22.7;31.0;5.8;76
22.7;31.0;5.8;76
22.7;31.0;5.8;76
22.7;31.0;5.8;76
22.7;31.0;5.7;76
22.7;31.0;5.7;76
22.7;31.0;5.7;76
22.7;31.0;5.7;76
22.6;31.0;5.7;76
22.7;31.0;5.7;76
22.6;31.0;5.7;76
22.7;31.0;5.7;76
22.6;31.0;5.7;76
22.6;31.0;5.7;76
22.7;31.0;5.7;76
22.7;31.0;5.7;76
22.7;31.0;5.7;76
22.6;31.0;5.7;76
22.6;31.0;5.7;76
22.6;31.0;5.7;76
22.6;31.0;5.7;76
22.6;31.0;5.7;76
22.6;31.0;5.7;76
22.6;31.0;5.7;76
22.6;31.0;5.7;76
22.6;31.0;5.7;76
22.6;31.0;5.7;76
22.6;31.0;5.6;76
22.7;31.0;5.6;76
22.6;31.0;5.6;76
22.6;31.0;5.6;76
22.5;31.0;5.6;76
22.5;31.0;5.6;76
22.6;31.0;5.6;76
22.5;31.0;5.6;76
22.5;31.0;5.6;76
22.6;31.0;5.6;76
22.6;31.0;5.6;76
22.6;31.0;5.6;76
22.5;31.0;5.6;76
22.5;31.0;5.6;76
22.6;31.0;5.6;76
22.5;31.0;5.6;76
22.5;31.0;5.6;76
22.5;31.0;5.6;76
22.5;31.0;5.6;76
22.5;31.0;5.6;76
22.5;31.0;5.6;76
22.6;31.0;5.6;76
22.6;31.0;5.6;76
22.6;31.0;5.6;76
22.4;31.0;5.6;76
22.5;31.0;5.6;76
22.5;31.0;5.6;76
22.5;31.0;5.6;76
22.5;31.0;5.6;76
22.5;31.0;5.6;76
22.6;31.0;5.6;76
22.5;31.0;5.6;76
22.5;31.0;5.6;76
22.5;31.0;5.6;76
22.5;31.0;5.6;76
22.5;31.0;5.6;76
22.5;31.0;5.6;76
22.5;31.0;5.6;76
22.5;31.0;5.6;76
22.5;31.0;5.6;76
22.6;31.0;5.6;76
22.5;31.0;5.6;76
22.6;31.0;5.6;76
22.5;31.0;5.6;76
22.5;31.0;5.6;76
22.5;31.0;5.6;76
22.6;31.0;5.6;76
22.6;31.0;5.6;76
22.6;31.0;5.6;76
22.6;31.0;5.6;76
22.6;31.0;5.6;76
22.6;31.0;5.6;76
22.4;31.0;5.6;75
22.5;31.0;5.6;76
22.6;31.0;5.6;76
22.5;31.0;5.6;76
22.5;31.0;5.6;76
22.6;31.0;5.6;76
22.6;31.0;5.6;76
22.5;31.0;5.6;76
22.6;31.0;5.6;76
22.3;30.0;5.6;76
22.3;30.0;5.6;75
22.3;30.0;5.5;75
22.4;30.0;5.5;75
22.5;30.0;5.5;75
22.4;30.0;5.5;75
22.5;30.0;5.5;75
22.5;30.0;5.5;75
22.4;31.0;5.5;75
22.5;31.0;5.5;75
22.4;31.0;5.5;76
22.4;31.0;5.5;76
22.5;31.0;5.5;76
22.4;31.0;5.5;76
22.4;31.0;5.5;76
21.9;30.0;5.5;74
22.0;30.0;5.4;74
22.0;30.0;5.4;74
22.2;30.0;5.4;75
22.2;30.0;5.3;75
22.2;30.0;5.4;75
22.3;30.0;5.4;75
22.2;30.0;5.4;75
22.3;30.0;5.4;75
22.3;30.0;5.4;75
22.3;30.0;5.4;75
22.3;30.0;5.4;75
22.3;30.0;5.4;75
22.2;30.0;5.4;75
22.3;30.0;5.4;75
22.3;30.0;5.4;75
22.3;30.0;5.4;75
22.3;30.0;5.4;75
22.3;30.0;5.4;75
22.3;30.0;5.4;75
22.3;30.0;5.4;75
22.2;30.0;5.4;75
22.2;30.0;5.3;75
22.2;30.0;5.3;75
22.4;30.0;5.3;75
22.3;30.0;5.3;75
22.2;30.0;5.3;75
22.3;30.0;5.3;75
22.2;30.0;5.3;75
22.2;30.0;5.3;75
22.3;30.0;5.3;75
22.1;30.0;5.3;75
22.2;30.0;5.3;75
22.3;30.0;5.3;75
22.2;30.0;5.3;75
22.2;30.0;5.3;75
22.2;30.0;5.3;75
22.2;30.0;5.3;75
22.2;30.0;5.3;75
22.2;30.0;5.3;75
22.2;30.0;5.3;75
22.2;30.0;5.3;75
22.2;30.0;5.3;75
22.3;30.0;5.3;75
22.2;30.0;5.3;75
22.2;30.0;5.3;75
22.4;30.0;5.3;75
22.3;30.0;5.2;75
22.3;30.0;5.2;75
22.2;30.0;5.2;75
22.2;30.0;5.2;75
22.2;30.0;5.2;75
22.2;30.0;5.2;75
22.2;30.0;5.2;75
22.2;30.0;5.2;75
22.2;30.0;5.2;75
22.3;30.0;5.2;75
22.2;30.0;5.2;75
22.2;30.0;5.2;75
22.2;30.0;5.2;76
22.2;30.0;5.2;75
22.2;30.0;5.2;75
22.2;30.0;5.2;75
22.2;30.0;5.2;75
22.2;30.0;5.2;75
22.2;30.0;5.2;76
22.2;30.0;5.2;75
22.2;30.0;5.2;75
22.2;30.0;5.2;76
22.2;30.0;5.2;75
22.2;30.0;5.2;76
22.2;30.0;5.2;76
22.1;30.0;5.2;76
22.1;30.0;5.2;76
22.2;30.0;5.2;76
22.1;30.0;5.2;75
22.1;30.0;5.2;75
22.0;30.0;5.2;75
22.2;30.0;5.2;76
22.2;30.0;5.2;76
22.2;30.0;5.2;75
22.2;30.0;5.2;75
22.2;30.0;5.2;75
22.2;30.0;5.2;76
22.2;30.0;5.2;75
22.1;30.0;5.2;75
22.2;30.0;5.2;75
22.1;30.0;5.2;75
22.2;30.0;5.2;75
22.1;30.0;5.2;75
22.2;30.0;5.2;75
22.1;30.0;5.2;75
22.2;30.0;5.2;75
22.1;30.0;5.2;75
22.2;30.0;5.2;75
22.2;30.0;5.2;75
22.2;30.0;5.2;75
22.2;30.0;5.2;75
22.1;30.0;5.2;75
22.2;30.0;5.2;75
22.1;30.0;5.2;75
22.2;30.0;5.2;75
22.1;30.0;5.2;75
22.2;30.0;5.2;75
22.1;30.0;5.2;75
22.2;30.0;5.1;75
22.1;30.0;5.1;75
22.2;30.0;5.1;76
22.1;30.0;5.1;75
22.1;30.0;5.1;75
22.0;30.0;5.1;75
22.1;30.0;5.1;75
22.1;30.0;5.1;75
22.1;30.0;5.1;75
22.2;30.0;5.1;75
22.1;30.0;5.1;75
22.2;30.0;5.1;75
22.1;30.0;5.1;75
22.1;30.0;5.1;75
22.2;30.0;5.1;75
22.1;30.0;5.1;75
22.1;30.0;5.1;75
22.0;30.0;5.1;75
22.1;30.0;5.1;75
22.1;30.0;5.1;75
22.1;30.0;5.1;75
22.1;30.0;5.1;75
22.1;30.0;5.1;75
22.1;30.0;5.1;75
22.0;30.0;5.1;75
22.0;30.0;5.1;75
22.0;30.0;5.1;75
22.0;30.0;5.1;75
22.0;30.0;5.1;75
22.1;30.0;5.1;75
22.0;30.0;5.1;75
22.0;30.0;5.1;75
22.0;30.0;5.1;75
22.0;30.0;5.1;75
22.0;30.0;5.1;75
22.0;30.0;5.1;75
22.1;30.0;5.1;75
22.0;30.0;5.1;75
22.0;30.0;5.1;75
22.0;30.0;5.1;75
22.0;30.0;5.1;75
22.0;30.0;5.1;75
22.0;30.0;5.1;75
22.0;30.0;5.1;75
21.9;30.0;5.1;75
22.0;30.0;5.1;75
22.0;30.0;5.1;75
22.0;30.0;5.1;75
22.0;30.0;5;75
22.0;30.0;5;75
22.0;30.0;5;75
21.9;30.0;5;75
21.9;30.0;5;75
21.9;30.0;5;75
21.9;30.0;5;75
22.0;30.0;5;75
21.9;30.0;5;75
22.0;30.0;5;75
22.0;30.0;5;75
22.0;30.0;5;75
22.0;30.0;5;75
22.0;30.0;5;75
21.9;30.0;5;75
21.3;29.0;5;75
21.3;29.0;4.9;73
21.6;29.0;4.8;74
21.7;30.0;4.8;74
21.7;30.0;4.8;74
21.7;30.0;4.8;75
21.7;30.0;4.8;75
21.7;30.0;4.8;75
21.7;30.0;4.9;75
21.9;30.0;4.9;75
21.8;30.0;4.9;75
22.0;30.0;4.9;75
21.9;30.0;4.9;75
21.9;30.0;4.9;75
21.9;30.0;4.9;75
22.0;30.0;4.9;75
21.9;30.0;4.9;75
21.7;29.0;4.9;75
21.4;29.0;4.9;73
21.5;29.0;4.8;73
21.5;29.0;4.8;74
21.7;30.0;4.8;74
21.7;30.0;4.8;74
21.7;30.0;4.8;74
21.8;30.0;4.8;74
21.7;30.0;4.8;74
21.5;29.0;4.7;73
21.5;29.0;4.7;74
21.6;29.0;4.7;74
21.7;29.0;4.7;74
22.5;27.0;4.8;74
22.2;27.0;4.8;74
22.1;27.0;4.8;74
22.0;27.0;4.8;74
22.0;28.0;4.8;74
21.8;28.0;4.8;74
21.8;28.0;4.8;74
21.8;28.0;4.8;74
21.8;28.0;4.7;74
21.7;28.0;4.7;74
21.7;28.0;4.7;74
21.7;28.0;4.7;74
21.6;28.0;4.7;74
21.7;29.0;4.7;74
21.7;29.0;4.7;74
21.7;29.0;4.7;74
21.7;29.0;4.7;75
21.6;29.0;4.7;75
21.6;29.0;4.7;75
21.7;29.0;4.7;75
21.5;29.0;4.7;75
21.6;29.0;4.7;75
21.5;29.0;4.7;75
21.6;29.0;4.7;75
21.6;29.0;4.7;74
21.5;29.0;4.7;74
21.6;29.0;4.7;74
21.5;29.0;4.6;74
21.5;29.0;4.6;74
21.5;29.0;4.6;75
21.6;29.0;4.6;75
21.5;29.0;4.6;75
21.5;29.0;4.6;75
21.5;29.0;4.6;75
21.6;29.0;4.6;74
21.5;29.0;4.6;75
21.5;29.0;4.6;75
21.5;29.0;4.6;75
21.5;29.0;4.6;75
21.4;29.0;4.6;75
21.5;29.0;4.6;75
21.6;29.0;4.6;75
21.5;29.0;4.6;75
21.5;29.0;4.6;75
21.4;29.0;4.5;75
21.4;29.0;4.5;75
21.3;29.0;4.5;75
21.3;29.0;4.5;75
21.4;29.0;4.5;75
21.4;29.0;4.5;75
21.3;29.0;4.5;75
21.3;29.0;4.5;75
22.1;29.0;4.5;75
22.3;27.0;4.5;74
22.0;27.0;4.5;75
21.9;27.0;4.5;74
21.6;28.0;4.5;74
21.6;28.0;4.5;74
21.4;28.0;4.4;74
21.4;28.0;4.4;74
21.3;28.0;4.4;74
21.3;28.0;4.4;75
21.3;28.0;4.4;75
21.3;28.0;4.4;75
21.3;29.0;4.4;75
21.3;29.0;4.4;74
21.2;29.0;4.4;75
21.3;29.0;4.4;75
21.2;29.0;4.4;75
21.2;29.0;4.4;75
21.0;29.0;4.4;75
21.1;29.0;4.4;75
21.1;29.0;4.4;75
21.2;29.0;4.4;75
21.2;29.0;4.4;75
21.2;29.0;4.4;75
21.2;29.0;4.4;75
21.2;29.0;4.4;75
21.2;29.0;4.4;75
21.2;29.0;4.4;75
21.1;29.0;4.4;75
21.1;29.0;4.4;75
21.2;29.0;4.4;75
21.2;29.0;4.4;75
21.2;29.0;4.4;75
21.1;29.0;4.4;75
21.2;29.0;4.4;75
21.2;29.0;4.4;75
21.2;29.0;4.4;75
21.2;29.0;4.4;75
21.2;29.0;4.4;75
21.1;29.0;4.4;75
21.1;29.0;4.4;75
21.1;29.0;4.4;75
21.1;29.0;4.4;75
21.1;29.0;4.4;75
21.2;29.0;4.4;75
21.3;29.0;4.4;75
21.2;29.0;4.4;75
21.2;29.0;4.4;75
21.2;29.0;4.4;75
21.2;29.0;4.4;75
21.2;29.0;4.4;75
21.0;29.0;4.4;75
21.0;29.0;4.4;75
21.1;29.0;4.4;75
21.0;29.0;4.4;75
21.1;29.0;4.4;75
21.0;29.0;4.4;75
21.2;29.0;4.4;75
21.2;29.0;4.4;75
21.1;29.0;4.4;75
21.2;29.0;4.4;75
21.2;29.0;4.4;75
21.2;29.0;4.4;75
21.2;29.0;4.4;75
21.1;29.0;4.4;75
21.2;29.0;4.4;75
21.0;29.0;4.4;75
21.1;29.0;4.4;75
21.1;29.0;4.4;75
21.3;29.0;4.4;75
21.1;29.0;4.4;75
21.2;29.0;4.4;75
21.2;29.0;4.4;75
21.2;29.0;4.4;75
21.1;29.0;4.4;75
21.1;29.0;4.4;75
21.2;29.0;4.4;75
21.1;29.0;4.4;75
21.1;29.0;4.4;75
21.2;29.0;4.4;75
21.2;29.0;4.4;75
21.2;29.0;4.4;75
21.0;29.0;4.4;75
21.0;29.0;4.4;75
20.9;29.0;4.4;73
21.0;29.0;4.3;74
20.8;29.0;4.2;73
20.4;29.0;4.2;72
20.7;29.0;4.1;73
20.8;29.0;4.1;73
20.7;29.0;4.1;73
20.9;29.0;4;73
21.0;29.0;4;73
21.1;29.0;4.1;74
21.0;29.0;4.1;74
21.1;29.0;4.1;74
21.2;29.0;4.1;74
21.2;29.0;4.1;74
21.2;29.0;4.1;74
21.2;29.0;4.1;74
21.1;29.0;4.2;74
21.1;29.0;4.2;74
21.2;29.0;4.2;74
21.2;29.0;4.2;74
21.2;29.0;4.2;74
21.0;29.0;4.2;74
21.3;29.0;4.2;74
21.2;29.0;4.2;74
21.2;29.0;4.3;74
21.2;29.0;4.3;74
21.2;29.0;4.3;74
21.1;29.0;4.3;74
21.2;29.0;4.3;74
21.2;29.0;4.3;74
21.2;29.0;4.3;74
21.2;29.0;4.3;74
21.2;29.0;4.4;74
21.3;29.0;4.4;74
21.3;29.0;4.4;74
21.3;29.0;4.4;74
21.4;29.0;4.4;74
21.2;29.0;4.4;74
21.3;29.0;4.4;74
21.3;29.0;4.4;74
21.3;29.0;4.4;74
21.4;29.0;4.4;74
21.4;29.0;4.4;74
21.3;29.0;4.5;74
21.4;29.0;4.5;74
21.4;29.0;4.5;74
21.4;29.0;4.5;74
21.4;29.0;4.5;74
21.3;29.0;4.5;74
21.5;29.0;4.5;74
21.6;29.0;4.5;74
21.6;29.0;4.6;74
21.6;29.0;4.6;74
21.6;29.0;4.6;74
21.5;29.0;4.6;74
21.7;29.0;4.6;74
21.6;29.0;4.6;74
21.6;29.0;4.6;74
21.6;29.0;4.6;74
21.6;29.0;4.6;74
21.7;29.0;4.6;74
21.6;29.0;4.6;74
21.7;29.0;4.6;74
21.6;29.0;4.6;74
21.7;29.0;4.6;74
21.7;29.0;4.6;74
21.7;29.0;4.6;74
21.7;29.0;4.7;74
21.7;29.0;4.7;74
21.7;29.0;4.7;74
21.6;29.0;4.7;74
21.7;29.0;4.7;74
21.6;29.0;4.7;74
21.7;29.0;4.7;74
21.6;29.0;4.7;74
21.4;29.0;4.7;74
21.6;29.0;4.7;74
21.7;29.0;4.7;74
21.6;29.0;4.7;74
21.6;29.0;4.7;74
21.7;29.0;4.7;74
21.7;29.0;4.7;74
21.6;29.0;4.7;74
21.6;29.0;4.6;74
21.6;29.0;4.7;74
21.6;29.0;4.7;74
21.2;29.0;4.6;74
21.3;29.0;4.6;74
21.3;29.0;4.6;74
21.4;29.0;4.5;74
21.5;29.0;4.5;74
21.5;29.0;4.5;74
21.9;29.0;4.6;74
22.5;27.0;4.6;74
22.2;27.0;4.6;74
21.9;28.0;4.7;74
22.0;28.0;4.7;74
21.8;28.0;4.7;74
21.8;28.0;4.7;74
21.8;28.0;4.7;74
21.7;28.0;4.7;74
21.7;28.0;4.7;74
21.8;28.0;4.7;74
21.8;29.0;4.7;74
21.8;29.0;4.7;74
21.7;29.0;4.7;74
21.7;29.0;4.7;74
21.7;29.0;4.8;74
21.7;29.0;4.8;74
21.7;29.0;4.8;74
21.7;29.0;4.8;74
21.8;29.0;4.8;75
21.7;29.0;4.8;75
21.8;29.0;4.8;75
21.7;29.0;4.8;75
21.8;29.0;4.8;75
21.7;29.0;4.8;75
21.7;29.0;4.8;75
21.8;29.0;4.8;75
21.7;29.0;4.8;75
21.8;29.0;4.8;75
21.8;29.0;4.8;75
21.8;29.0;4.8;75
21.7;29.0;4.8;75
21.8;29.0;4.8;75
21.9;29.0;4.8;75
21.9;29.0;4.8;75
21.7;29.0;4.8;75
21.8;29.0;4.8;75
21.7;29.0;4.8;75
21.7;29.0;4.8;75
21.8;29.0;4.8;75
21.7;29.0;4.8;75
21.7;29.0;4.8;75
21.8;29.0;4.8;75
21.7;29.0;4.8;75
21.7;29.0;4.8;75
21.7;30.0;4.8;75
21.9;29.0;4.8;75
21.8;29.0;4.8;75
21.8;29.0;4.8;75
21.8;30.0;4.8;75
21.7;30.0;4.8;75
21.7;30.0;4.8;75
21.9;30.0;4.8;75
21.8;30.0;4.8;75
21.8;30.0;4.8;75
21.8;30.0;4.8;75
21.8;29.0;4.8;75
21.8;30.0;4.8;75
21.9;30.0;4.8;75
21.8;30.0;4.8;75
21.9;30.0;4.8;75
21.8;30.0;4.8;75
21.8;30.0;4.8;75
21.9;30.0;4.8;75
21.8;30.0;4.8;75
21.8;30.0;4.8;75
21.8;30.0;4.8;75
21.8;30.0;4.8;75
21.7;30.0;4.8;75
21.8;30.0;4.8;75
21.7;30.0;4.8;75
21.7;30.0;4.8;75
21.8;30.0;4.8;75
21.7;30.0;4.8;75
21.7;30.0;4.8;75
21.6;30.0;4.8;75
21.7;30.0;4.8;75
21.7;30.0;4.8;75
21.7;30.0;4.8;75
21.7;30.0;4.8;75
21.8;30.0;4.8;75
21.8;30.0;4.8;75
21.9;30.0;4.8;75
21.8;30.0;4.8;75
21.9;30.0;4.8;75
21.8;30.0;4.8;75
21.9;30.0;4.8;75
21.9;30.0;4.8;75
21.9;30.0;4.8;75
21.8;30.0;4.8;75
21.8;30.0;4.8;75
21.8;30.0;4.8;75
21.8;30.0;4.8;75
21.8;30.0;4.8;75
21.8;30.0;4.8;75
21.7;30.0;4.8;75
21.7;30.0;4.8;75
21.8;30.0;4.8;75
21.8;30.0;4.8;75
21.9;30.0;4.8;75
21.8;30.0;4.8;76
21.8;30.0;4.8;76
21.9;30.0;4.9;76
22.0;30.0;4.9;76
21.8;30.0;4.9;76
22.0;30.0;4.9;76
21.9;30.0;4.9;76
22.0;30.0;4.9;76
22.1;30.0;4.9;76
22.1;30.0;4.9;76
22.1;30.0;4.9;76
22.0;30.0;5;76
22.1;30.0;5;76
22.2;30.0;5;76
22.2;30.0;5;76
22.1;30.0;5;76
22.2;30.0;5;76
22.2;30.0;5;76
22.2;30.0;5.1;76
22.3;30.0;5.1;76
22.2;30.0;5.1;76
22.1;30.0;5.1;76
22.0;30.0;5.1;76
22.2;30.0;5.1;76
22.3;30.0;5.1;76
22.3;30.0;5.1;76
22.3;30.0;5.1;76
22.2;30.0;5.1;76
22.2;30.0;5.2;76
22.2;30.0;5.2;76
22.3;30.0;5.2;76
22.2;30.0;5.2;76
22.3;30.0;5.2;76
22.4;30.0;5.2;76
22.4;30.0;5.2;76
22.5;30.0;5.2;76
22.5;30.0;5.2;76
22.4;30.0;5.3;76
22.4;30.0;5.3;76
22.4;30.0;5.3;76
22.4;30.0;5.3;76
22.5;30.0;5.3;76
22.5;30.0;5.3;76
22.4;30.0;5.3;76
22.5;30.0;5.3;76
22.5;30.0;5.4;76
22.5;30.0;5.4;76
22.5;30.0;5.4;76
22.5;30.0;5.4;76
22.6;30.0;5.4;76
22.9;30.0;5.5;76
23.8;29.0;5.9;76
23.7;29.0;5.9;76
23.5;30.0;5.9;76
23.3;30.0;5.9;76
23.2;30.0;5.9;76
23.0;30.0;5.9;76
23.1;30.0;6;76
23.1;30.0;6;76
23.1;30.0;6;76
23.1;30.0;6;76
23.1;30.0;6;76
23.0;30.0;5.9;76
23.0;30.0;5.9;76
23.0;30.0;5.9;76
23.0;30.0;5.9;76
22.9;30.0;5.9;76
23.0;30.0;5.9;76
23.1;30.0;5.9;76
23.0;30.0;5.9;76
23.0;30.0;5.9;76
23.0;30.0;5.9;76
23.0;30.0;5.9;76
23.1;30.0;5.9;76
23.1;30.0;5.9;76
23.1;30.0;5.9;76
23.1;30.0;5.9;76
23.1;30.0;5.9;76
23.1;30.0;6;76
23.1;30.0;6;76
23.1;30.0;6;76
23.0;30.0;6;76
23.0;30.0;6;76
23.0;30.0;6;76
23.1;30.0;6;76
23.1;30.0;6;76
23.1;30.0;6;76
23.0;30.0;6;76
22.7;30.0;5.9;76
22.7;31.0;5.9;77
22.8;31.0;5.9;77
22.9;31.0;5.8;77
22.9;31.0;5.8;77
23.0;31.0;5.8;77
22.9;30.0;5.8;77
22.9;31.0;5.8;77
23.0;30.0;5.8;77
23.0;30.0;5.8;77
22.9;30.0;5.8;77
22.9;30.0;5.8;77
22.9;31.0;5.8;77
22.9;31.0;5.9;77
22.9;30.0;5.8;77
22.9;30.0;5.8;77
22.9;31.0;5.8;77
22.9;31.0;5.8;77
22.9;30.0;5.8;77
23.0;30.0;5.8;77
22.9;30.0;5.8;77
22.9;30.0;5.8;77
22.9;31.0;5.8;77
22.9;31.0;5.8;77
22.8;31.0;5.8;77
23.0;31.0;5.8;77
22.9;31.0;5.8;77
23.0;31.0;5.8;77
23.4;28.0;5.8;77
23.3;29.0;5.8;77
23.1;29.0;5.8;77
23.0;29.0;5.8;77
23.0;29.0;5.8;77
22.9;29.0;5.8;77
22.9;29.0;5.8;77
22.8;29.0;5.8;77
23.0;30.0;5.8;77
22.9;30.0;5.8;77
22.9;30.0;5.8;77
22.9;30.0;5.8;77
22.9;30.0;5.8;77
22.9;30.0;5.8;77
22.9;30.0;5.8;77
22.8;30.0;5.8;77
22.8;30.0;5.8;77
22.9;30.0;5.8;77
22.9;30.0;5.8;77
22.9;30.0;5.8;77
22.8;30.0;5.8;77
22.9;30.0;5.8;77
22.9;30.0;5.8;77
22.8;30.0;5.8;77
22.8;30.0;5.8;77
22.9;30.0;5.8;77
22.8;30.0;5.8;77
22.8;30.0;5.8;77
22.8;30.0;5.7;77
22.8;30.0;5.7;77
22.8;30.0;5.7;77
22.7;30.0;5.7;77
23.4;28.0;5.5;77
23.2;28.0;5.4;77
22.9;28.0;5.4;77
22.9;28.0;5.4;77
22.7;29.0;5.4;77
22.5;29.0;5.4;77
22.6;29.0;5.4;77
22.4;29.0;5.3;77
22.3;29.0;5.3;77
22.5;29.0;5.3;77
22.4;29.0;5.3;77
22.3;29.0;5.3;77
22.3;30.0;5.3;77
22.3;30.0;5.2;77
22.3;30.0;5.2;77
22.3;30.0;5.2;77
22.3;30.0;5.2;77
22.2;30.0;5.2;77
22.3;30.0;5.2;77
22.3;30.0;5.2;77
22.3;30.0;5.2;77
22.2;30.0;5.2;77
22.3;30.0;5.2;77
22.2;30.0;5.2;77
22.3;30.0;5.2;77
22.3;30.0;5.2;77
22.3;30.0;5.2;77
22.3;30.0;5.2;77
22.3;30.0;5.2;77
22.3;30.0;5.2;77
22.3;30.0;5.2;77
22.3;30.0;5.2;77
22.3;30.0;5.2;77
22.4;30.0;5.2;77
22.3;30.0;5.2;77
22.3;30.0;5.2;77
22.3;30.0;5.2;77
22.3;30.0;5.3;77
22.3;30.0;5.3;77
22.4;30.0;5.3;77
22.3;30.0;5.3;77
22.4;30.0;5.3;77
22.4;30.0;5.3;77
22.4;30.0;5.3;77
22.4;30.0;5.3;77
22.4;30.0;5.3;77
22.4;30.0;5.3;77
22.5;30.0;5.3;77
22.4;30.0;5.3;77
22.4;30.0;5.3;77
22.5;30.0;5.3;77
22.5;30.0;5.3;77
22.4;30.0;5.3;77
22.4;30.0;5.3;77
22.3;30.0;5.3;77
22.4;30.0;5.3;77
22.4;30.0;5.3;77
22.5;30.0;5.3;77
22.4;30.0;5.3;77
22.4;30.0;5.3;77
22.5;30.0;5.3;77
22.5;30.0;5.3;77
22.4;30.0;5.3;77
22.5;30.0;5.4;77
22.5;30.0;5.4;77
22.4;30.0;5.4;77
22.4;30.0;5.4;77
22.4;30.0;5.4;77
22.0;30.0;5.3;77
22.2;30.0;5.3;77
22.2;30.0;5.3;77
22.1;30.0;5.3;77
22.1;30.0;5.2;77
22.2;30.0;5.2;77
22.2;30.0;5.2;77
22.1;30.0;5.2;77
22.0;30.0;5.2;77
22.1;30.0;5.2;77
22.2;30.0;5.2;77
22.3;30.0;5.2;77
22.3;30.0;5.2;77
22.3;30.0;5.2;77
22.3;30.0;5.2;77
22.3;30.0;5.2;77
22.4;30.0;5.3;77
22.5;30.0;5.3;77
22.4;30.0;5.3;77
22.2;30.0;5.3;77
22.2;30.0;5.2;77
22.4;30.0;5.2;77
22.4;30.0;5.3;77
22.5;30.0;5.3;77
22.5;30.0;5.3;77
22.4;30.0;5.3;77
22.5;30.0;5.3;77
22.6;30.0;5.4;77
22.5;30.0;5.4;77
22.5;30.0;5.4;77
22.5;30.0;5.4;77
22.6;30.0;5.4;77
22.6;30.0;5.4;77
22.6;30.0;5.5;77
22.7;30.0;5.5;77
22.6;30.0;5.5;77
22.6;30.0;5.5;77
22.7;30.0;5.5;77
22.6;30.0;5.5;77
22.7;30.0;5.5;77
22.6;30.0;5.5;77
22.7;30.0;5.6;77
22.7;30.0;5.6;77
22.3;30.0;5.6;77
22.6;30.0;5.5;77
22.6;30.0;5.5;77
22.6;30.0;5.5;77
22.6;30.0;5.5;77
22.6;30.0;5.5;77
22.6;30.0;5.5;77
22.7;30.0;5.5;77
22.7;30.0;5.6;77
22.7;30.0;5.6;77
22.6;30.0;5.6;77
22.6;30.0;5.6;77
22.6;30.0;5.6;77
22.6;30.0;5.6;77
22.7;30.0;5.6;77
22.7;30.0;5.6;77
22.7;30.0;5.6;77
22.7;30.0;5.7;77
22.8;30.0;5.7;77
22.7;30.0;5.7;77
22.8;30.0;5.7;77
22.8;30.0;5.7;77
22.8;30.0;5.7;77
22.9;30.0;5.7;77
22.8;30.0;5.7;77
22.8;30.0;5.7;77
22.8;30.0;5.7;77
22.8;30.0;5.7;77
22.9;30.0;5.7;77
22.5;30.0;5.7;77
22.5;30.0;5.7;77
22.7;30.0;5.7;77
22.7;30.0;5.7;77
22.7;30.0;5.7;77
22.7;30.0;5.7;77
22.8;30.0;5.7;77
22.7;30.0;5.7;77
22.8;30.0;5.7;77
22.8;30.0;5.7;77
22.8;30.0;5.7;77
22.8;30.0;5.7;77
22.8;30.0;5.7;77
22.8;30.0;5.7;77
22.6;30.0;5.7;77
22.7;30.0;5.7;77
22.7;30.0;5.7;77
22.6;30.0;5.7;77
22.4;30.0;5.6;76
22.4;30.0;5.5;76
22.5;30.0;5.5;76
22.6;30.0;5.5;76
22.6;30.0;5.5;77
22.6;30.0;5.5;77
22.6;30.0;5.5;77
22.7;30.0;5.5;77
22.6;30.0;5.5;77
22.6;30.0;5.6;77
22.7;30.0;5.6;77
22.6;30.0;5.6;77
22.7;30.0;5.6;77
22.6;30.0;5.6;77
22.6;30.0;5.6;77
22.6;30.0;5.6;77
22.7;30.0;5.6;77
22.6;30.0;5.6;77
22.2;30.0;5.6;77
22.2;30.0;5.5;76
22.2;30.0;5.4;76
22.2;30.0;5.4;76
22.0;30.0;5.3;76
22.2;30.0;5.3;76
22.2;30.0;5.3;77
22.3;30.0;5.3;77
22.3;30.0;5.3;77
22.3;30.0;5.3;77
22.4;30.0;5.3;77
22.3;30.0;5.3;77
22.3;30.0;5.3;77
22.3;30.0;5.3;77
22.3;30.0;5.3;77
22.3;30.0;5.3;77
21.8;30.0;5.2;76
22.0;30.0;5.2;76
22.0;30.0;5.2;76
21.9;30.0;5.1;77
21.8;30.0;5;76
21.8;30.0;5;76
21.9;30.0;5;76
21.9;30.0;5;76
21.9;30.0;5;77
22.0;30.0;5;77
22.1;30.0;5;77
22.0;30.0;5;77
22.1;30.0;5;77
22.1;30.0;5;77
22.1;30.0;5;77
22.2;30.0;5;77
22.1;30.0;5;77
22.1;30.0;5;77
22.1;30.0;5;77
22.1;30.0;5;77
22.1;30.0;5.1;77
22.2;30.0;5.1;77
22.2;30.0;5.1;77
22.1;30.0;5.1;77
22.1;30.0;5.1;77
22.2;30.0;5.1;77
22.2;30.0;5.1;77
22.2;30.0;5.1;77
22.3;30.0;5.1;77
22.2;30.0;5.1;77
22.2;30.0;5.2;77
22.2;30.0;5.1;77
22.3;30.0;5.1;77
22.2;30.0;5.1;77
22.1;30.0;5.1;77
22.2;30.0;5.1;77
22.3;30.0;5.1;77
22.3;30.0;5.1;77
22.2;30.0;5.1;77
22.2;30.0;5.1;77
22.2;30.0;5.1;77
22.2;30.0;5.1;77
22.2;30.0;5.1;77
22.2;30.0;5.1;77
22.2;30.0;5.1;77
22.2;30.0;5.1;77
22.3;30.0;5.1;77
22.2;30.0;5.1;77
22.3;30.0;5.1;77
22.2;30.0;5.2;77
22.3;30.0;5.2;77
22.2;30.0;5.1;77
22.3;30.0;5.2;77
22.2;30.0;5.2;77
22.3;30.0;5.2;77
22.3;30.0;5.2;77
22.3;30.0;5.2;77
22.3;30.0;5.2;77
22.3;30.0;5.2;77
22.3;30.0;5.2;77
22.4;30.0;5.2;77
22.4;30.0;5.2;77
22.2;30.0;5.2;77
22.3;30.0;5.2;77
22.3;30.0;5.2;77
22.3;30.0;5.2;77
22.4;30.0;5.2;77
22.3;30.0;5.2;77
22.3;30.0;5.2;77
22.3;30.0;5.2;77
22.3;30.0;5.2;77
22.2;30.0;5.2;77
22.3;30.0;5.2;77
22.3;30.0;5.2;77
22.2;30.0;5.2;77
22.4;30.0;5.2;77
22.3;30.0;5.2;77
22.3;30.0;5.2;77
22.3;30.0;5.2;77
22.3;30.0;5.2;77
22.3;30.0;5.2;77
22.5;30.0;5.2;77
22.3;30.0;5.2;77
22.3;30.0;5.2;77
22.3;30.0;5.2;77
22.3;30.0;5.3;77
22.4;30.0;5.3;77
22.3;30.0;5.3;77
22.3;30.0;5.3;77
22.4;30.0;5.3;77
22.3;30.0;5.3;77
22.4;30.0;5.3;77
22.3;30.0;5.3;77
22.4;30.0;5.3;77
22.4;30.0;5.3;77
22.3;30.0;5.3;77
22.3;30.0;5.3;77
22.4;30.0;5.3;77
22.3;30.0;5.3;77
22.4;30.0;5.3;77
22.4;30.0;5.3;77
22.5;30.0;5.3;77
22.4;30.0;5.3;77
22.4;30.0;5.3;77
22.4;30.0;5.3;77
22.4;30.0;5.3;77
22.4;30.0;5.3;77
22.5;30.0;5.3;77
22.3;30.0;5.3;77
22.4;30.0;5.3;77
22.5;30.0;5.3;77
22.2;30.0;5.3;77
22.2;30.0;5.3;77
22.1;30.0;5.2;77
22.2;30.0;5.2;77
22.2;30.0;5.2;77
22.3;30.0;5.2;77
22.0;30.0;5.2;77
22.1;30.0;5.2;77
22.2;30.0;5.2;77
22.3;30.0;5.2;77
22.9;26.0;5.5;77
22.4;27.0;5.5;77
21.9;27.0;5.5;77
21.6;28.0;5.5;77
21.0;29.0;5.5;77
20.8;29.0;5.5;77
20.8;29.0;5.5;77
20.7;29.0;5.5;77
20.7;30.0;5.5;77
20.7;30.0;5.5;77
20.7;30.0;5.5;77
20.6;30.0;5.5;77
20.6;30.0;5.5;77
20.6;30.0;5.5;77
20.6;31.0;5.5;77
20.6;31.0;5.5;77
20.6;31.0;5.5;77
20.6;31.0;5.5;77
20.6;31.0;5.5;77
20.6;31.0;5.5;77
20.6;31.0;5.5;77
20.6;31.0;5.6;77
20.6;31.0;5.6;77
20.6;31.0;5.6;77
20.7;31.0;5.6;77
20.7;31.0;5.6;77
20.7;31.0;5.6;77
20.6;31.0;5.6;77
20.7;31.0;5.6;77
20.7;31.0;5.6;77
20.7;31.0;5.6;77
20.8;32.0;5.7;77
20.3;32.0;5.2;78
20.3;32.0;5.2;78
20.5;32.0;5.4;78
23.1;32.0;5.3;78
23.1;25.0;5.4;78
21.2;28.0;5.4;78
20.9;28.0;5.4;78
20.8;28.0;5.4;78
20.7;28.0;5.4;78
20.7;29.0;5.4;78
20.6;29.0;5.4;78
20.6;29.0;5.4;78
20.5;29.0;5.4;78
20.5;30.0;5.4;78
20.5;30.0;5.4;78
20.5;30.0;5.4;78
20.4;31.0;5.3;78
20.4;31.0;5.3;78
20.4;31.0;5.3;78
20.5;31.0;5.3;78
20.4;31.0;5.3;78
20.4;31.0;5.3;78
20.4;31.0;5.3;78
20.4;31.0;5.3;78
20.4;31.0;5.3;78
20.4;31.0;5.3;78
20.4;31.0;5.3;78
20.4;31.0;5.3;78
20.4;31.0;5.3;78
20.4;32.0;5.3;78
20.4;32.0;5.3;78
20.4;32.0;5.3;78
20.4;32.0;5.3;78
20.4;32.0;5.3;78
20.4;32.0;5.3;78
20.4;32.0;5.3;78
20.4;32.0;5.3;78
20.4;32.0;5.3;78
20.4;32.0;5.3;78
20.5;32.0;5.4;78
20.5;32.0;5.4;78
20.5;32.0;5.4;78
20.5;32.0;5.4;78
20.5;32.0;5.4;78
20.5;32.0;5.4;78
20.5;32.0;5.4;78
20.5;32.0;5.4;78
20.5;32.0;5.4;78
20.6;32.0;5.5;78
20.6;32.0;5.5;78
20.6;32.0;5.6;78
20.6;32.0;5.6;78
20.7;32.0;5.6;78
20.7;32.0;5.6;78
20.8;32.0;5.7;78
20.8;32.0;5.7;78
20.8;32.0;5.7;78
20.9;32.0;5.8;78
20.9;32.0;5.8;78
20.9;32.0;5.8;78
21.0;32.0;5.8;78
20.9;32.0;5.8;78
20.9;32.0;5.8;78
21.0;32.0;5.8;78
21.0;32.0;5.8;78
22.4;31.0;5.8;77
22.7;30.0;5.7;77
22.6;30.0;5.6;77
22.2;31.0;5.6;77
21.9;31.0;5.6;78
21.6;31.0;5.6;78
21.4;31.0;5.6;78
21.2;31.0;5.6;78
21.1;31.0;5.6;78
21.0;31.0;5.6;78
20.9;31.0;5.7;78
20.9;32.0;5.7;78
20.8;32.0;5.7;78
20.8;32.0;5.7;78
20.6;32.0;5.5;78
20.6;32.0;5.5;78
20.6;32.0;5.5;78
20.5;32.0;5.4;78
20.5;32.0;5.4;78
20.5;32.0;5.4;78
20.6;32.0;5.4;78
20.6;32.0;5.5;78
20.6;32.0;5.5;78
20.6;32.0;5.5;78
20.6;32.0;5.5;78
20.6;32.0;5.5;78
20.6;32.0;5.5;78
20.6;32.0;5.5;78
20.1;32.0;5.1;78
20.1;32.0;5.1;78
20.3;32.0;5.2;78
20.3;32.0;5.2;78
20.3;32.0;5.2;78
20.3;32.0;5.2;78
20.4;32.0;5.3;78
20.4;32.0;5.3;78
20.4;32.0;5.3;78
20.5;32.0;5.3;78
20.5;32.0;5.4;78
20.6;32.0;5.4;78
20.5;32.0;5.4;78
20.5;32.0;5.4;78
20.6;32.0;5.5;78
20.6;32.0;5.5;78
20.6;32.0;5.5;78
20.6;32.0;5.5;78
20.6;32.0;5.5;78
20.6;32.0;5.5;78
20.6;32.0;5.5;78
20.6;32.0;5.5;78
20.6;32.0;5.5;78
20.6;32.0;5.5;78
20.6;32.0;5.5;78
20.6;32.0;5.5;78
20.6;33.0;5.5;79
20.6;33.0;5.5;79
20.6;33.0;5.5;79
20.6;33.0;5.5;79
20.7;33.0;5.5;79
20.6;33.0;5.5;79
20.6;33.0;5.5;79
20.7;33.0;5.5;79
20.6;33.0;5.5;79
20.6;33.0;5.5;79
20.7;33.0;5.5;79
20.6;33.0;5.5;79
20.6;33.0;5.5;79
20.6;33.0;5.5;79
20.6;33.0;5.5;79
20.6;33.0;5.5;79
20.6;33.0;5.6;79
20.6;33.0;5.6;79
20.6;33.0;5.6;79
20.6;33.0;5.6;79
20.6;33.0;5.6;79
20.6;33.0;5.6;79
20.6;33.0;5.6;79
20.7;33.0;5.6;79
20.7;33.0;5.6;79
20.6;33.0;5.6;79
20.6;33.0;5.6;79
20.7;33.0;5.6;79
20.7;33.0;5.6;79
20.6;33.0;5.6;79
20.6;33.0;5.6;79
20.6;33.0;5.6;79
20.6;33.0;5.6;79
20.7;33.0;5.6;79
20.6;33.0;5.6;79
20.7;33.0;5.6;79
20.6;33.0;5.6;79
20.7;33.0;5.6;79
20.6;33.0;5.6;79
20.7;33.0;5.6;79
20.6;33.0;5.6;79
20.7;33.0;5.6;79
20.7;33.0;5.6;79
20.7;33.0;5.6;79
20.7;33.0;5.6;79
20.6;33.0;5.6;79
20.7;33.0;5.6;79
20.7;33.0;5.6;79
20.6;33.0;5.6;79
20.7;33.0;5.6;79
20.7;33.0;5.6;79
20.7;33.0;5.6;79
20.6;33.0;5.6;79
20.8;33.0;5.7;79
20.8;33.0;5.7;79
20.6;33.0;5.5;79
20.6;33.0;5.6;79
20.6;33.0;5.6;79
20.6;33.0;5.6;79
20.7;33.0;5.6;79
20.7;33.0;5.6;79
20.7;33.0;5.6;79
20.7;33.0;5.6;79
20.7;33.0;5.6;79
20.8;33.0;5.7;79
20.8;33.0;5.7;79
20.8;33.0;5.7;79
20.8;33.0;5.7;79
20.8;33.0;5.7;79
20.9;33.0;5.8;79
20.9;33.0;5.8;79
21.0;33.0;5.8;79
21.0;33.0;5.9;79
21.0;33.0;5.9;79
20.9;33.0;5.8;79
20.9;33.0;5.8;79
20.9;33.0;5.8;79
20.8;33.0;5.7;78
20.8;33.0;5.7;79
20.8;33.0;5.7;79
20.8;33.0;5.7;79
20.9;33.0;5.7;79
20.8;33.0;5.7;79
20.9;33.0;5.8;79
20.9;32.0;5.8;79
20.9;33.0;5.8;79
20.9;33.0;5.8;79
20.9;33.0;5.8;79
20.9;33.0;5.8;79
21.0;32.0;5.8;79
20.9;33.0;5.8;79
20.9;33.0;5.8;79
21.2;32.0;5.8;79
21.2;32.0;5.8;79
21.1;32.0;5.8;79
20.9;32.0;5.8;79
20.9;33.0;5.8;79
20.9;32.0;5.7;79
21.2;32.0;5.7;79
21.0;32.0;5.7;79
20.9;32.0;5.7;79
20.9;32.0;5.7;79
20.9;32.0;5.7;79
21.0;32.0;5.7;79
21.0;32.0;5.7;79
20.8;32.0;5.7;79
21.0;32.0;5.7;79
20.8;32.0;5.7;79
21.0;32.0;5.7;79
20.9;32.0;5.7;79
20.8;32.0;5.7;79
20.8;32.0;5.7;79
20.8;32.0;5.7;79
20.8;32.0;5.7;79
20.8;32.0;5.7;79
20.8;32.0;5.7;79
20.8;32.0;5.7;79
20.8;32.0;5.7;79
20.8;32.0;5.7;79
20.8;32.0;5.7;79
20.8;32.0;5.7;79
20.8;32.0;5.7;79
20.8;32.0;5.7;79
20.8;32.0;5.7;79
20.8;32.0;5.7;79
20.8;32.0;5.6;79
20.8;32.0;5.6;79
20.8;32.0;5.6;79
20.7;32.0;5.6;79
20.7;32.0;5.6;79
20.7;32.0;5.6;79
20.7;32.0;5.6;79
20.7;32.0;5.6;79
20.7;32.0;5.6;79
20.7;32.0;5.6;79
20.7;32.0;5.6;79
20.7;32.0;5.6;79
20.6;32.0;5.6;79
20.7;32.0;5.6;79
20.7;32.0;5.6;79
20.8;32.0;5.6;79
20.6;32.0;5.6;79
20.6;32.0;5.6;79
20.6;32.0;5.6;79
20.6;32.0;5.6;79
20.6;32.0;5.6;79
20.6;32.0;5.5;79
20.7;32.0;5.5;79
20.6;33.0;5.5;79
20.6;32.0;5.5;79
20.6;32.0;5.5;79
20.6;32.0;5.5;79
20.6;32.0;5.5;79
20.6;32.0;5.5;79
20.7;32.0;5.5;79
20.6;32.0;5.5;79
20.6;32.0;5.5;79
20.6;32.0;5.5;79
20.6;32.0;5.5;79
20.6;32.0;5.5;79
20.6;32.0;5.5;79
20.6;32.0;5.5;79
20.6;32.0;5.5;79
20.7;32.0;5.5;79
20.6;32.0;5.5;79
20.7;32.0;5.5;79
20.7;32.0;5.5;79
20.6;32.0;5.5;79
20.6;32.0;5.5;79
20.6;32.0;5.5;79
20.7;32.0;5.5;79
20.6;32.0;5.5;79
20.6;32.0;5.5;79
20.6;32.0;5.6;79
20.7;32.0;5.5;79
20.6;32.0;5.5;79
20.6;32.0;5.5;79
20.6;32.0;5.6;79
20.6;32.0;5.6;79
20.6;32.0;5.5;79
20.6;33.0;5.6;79
20.6;32.0;5.6;79
20.7;32.0;5.5;79
20.7;32.0;5.6;79
20.7;32.0;5.5;79
20.6;32.0;5.5;79
20.6;32.0;5.5;79
20.6;32.0;5.5;79
20.6;32.0;5.5;79
20.6;32.0;5.5;79
20.6;32.0;5.5;79
20.6;32.0;5.5;79
20.6;32.0;5.5;79
20.6;32.0;5.5;79
20.6;32.0;5.5;79
20.7;32.0;5.5;79
20.6;32.0;5.5;79
20.6;32.0;5.5;79
20.6;32.0;5.5;79
20.6;32.0;5.5;79
20.6;32.0;5.5;79
20.6;32.0;5.5;79
20.6;32.0;5.5;79
20.6;32.0;5.5;79
20.6;32.0;5.5;79
20.6;32.0;5.5;79
20.6;32.0;5.5;79
20.6;32.0;5.5;79
20.6;32.0;5.5;79
20.6;32.0;5.5;79
20.6;32.0;5.5;79
20.4;32.0;5.3;79
20.5;32.0;5.4;79
20.5;32.0;5.4;79
20.5;32.0;5.4;79
20.6;32.0;5.5;79
20.6;32.0;5.5;79
20.6;32.0;5.6;79
20.7;32.0;5.6;78
21.0;32.0;5.7;79
21.0;32.0;5.8;79
21.2;32.0;5.8;79
21.0;32.0;5.9;78
21.3;32.0;5.9;78
21.6;32.0;6.1;78
21.7;32.0;6.1;78
21.7;32.0;6.2;78
21.6;32.0;6.3;78
21.6;32.0;6.4;78
21.5;32.0;6.4;78
21.6;32.0;6.4;78
21.1;32.0;6.1;78
21.2;32.0;6.1;78
21.2;32.0;6.1;78
21.1;32.0;6.1;78
21.1;32.0;6.1;78
21.1;32.0;6.1;78
21.1;32.0;6.1;78
21.1;32.0;6.1;78
21.1;32.0;6.1;78
23.5;26.0;5.8;78
22.9;27.0;5.8;78
22.3;27.0;5.8;78
21.7;28.0;5.8;78
21.5;28.0;5.8;78
21.3;29.0;5.8;78
21.2;29.0;5.8;78
21.1;29.0;5.8;78
21.0;30.0;5.8;78
20.9;30.0;5.8;78
20.9;30.0;5.8;78
20.9;30.0;5.8;78
20.8;30.0;5.7;78
20.8;30.0;5.7;78
20.8;31.0;5.7;78
20.8;31.0;5.7;78
20.8;31.0;5.7;78
20.8;31.0;5.7;78
20.8;31.0;5.7;78
20.8;31.0;5.7;78
20.7;32.0;5.6;78
20.6;32.0;5.6;78
20.7;32.0;5.6;78
20.7;32.0;5.6;78
20.7;32.0;5.6;78
20.7;32.0;5.6;78
20.7;32.0;5.6;78
20.6;31.0;5.6;78
20.6;32.0;5.6;78
20.6;32.0;5.6;78
20.7;32.0;5.6;78
20.6;32.0;5.6;78
20.6;32.0;5.5;78
20.6;32.0;5.5;78
20.6;32.0;5.5;78
20.6;32.0;5.5;78
20.7;32.0;5.5;78
20.6;32.0;5.5;78
20.6;32.0;5.5;78
20.6;32.0;5.5;78
20.6;32.0;5.5;78
20.6;32.0;5.5;78
20.6;32.0;5.5;78
20.6;32.0;5.5;78
20.6;32.0;5.5;78
20.6;32.0;5.5;78
20.6;32.0;5.5;78
20.6;32.0;5.5;78
20.6;32.0;5.5;78
20.6;32.0;5.5;78
20.6;32.0;5.5;78
20.6;32.0;5.5;78
20.6;32.0;5.5;78
20.6;32.0;5.5;78
20.6;32.0;5.5;78
20.6;32.0;5.5;78
20.6;32.0;5.5;78
20.6;32.0;5.5;78
20.6;32.0;5.5;78
20.6;32.0;5.5;78
20.6;32.0;5.5;78
20.6;32.0;5.5;78
20.6;32.0;5.5;78
20.6;32.0;5.5;78
20.6;32.0;5.5;78
20.6;32.0;5.5;78
20.6;32.0;5.5;78
20.6;32.0;5.4;78
20.5;32.0;5.4;78
20.5;32.0;5.4;78
20.5;32.0;5.4;78
20.5;32.0;5.4;78
20.5;32.0;5.4;78
20.5;32.0;5.4;78
20.5;32.0;5.4;78
20.0;31.0;4.9;77
20.0;31.0;4.9;77
19.9;31.0;4.8;77
19.9;31.0;4.8;77
20.1;31.0;4.9;77
20.0;31.0;4.9;77
20.1;31.0;4.9;77
20.1;31.0;4.9;77
20.1;31.0;5;77
20.1;31.0;5;77
20.1;31.0;5;77
20.1;31.0;5;77
20.2;31.0;5;78
20.1;31.0;5.1;78
20.2;31.0;5.1;78
20.1;31.0;5.1;78
20.2;31.0;5.1;78
20.1;31.0;5.1;78
20.3;31.0;5.1;78
20.3;32.0;5.1;78
20.1;31.0;5.1;77
20.1;31.0;5.1;77
20.1;31.0;5.1;77
20.1;31.0;5.1;77
20.2;31.0;5.1;77
20.2;31.0;5.1;77
20.4;32.0;5.2;78
20.3;32.0;5.2;78
20.3;32.0;5.2;78
20.3;32.0;5.2;78
20.5;32.0;5.3;78
20.9;31.0;5.3;78
20.7;31.0;5.3;78
20.5;31.0;5.3;78
20.5;32.0;5.4;78
20.5;32.0;5.4;78
20.5;32.0;5.4;78
20.5;32.0;5.4;78
20.5;32.0;5.4;78
20.5;32.0;5.4;78
20.5;32.0;5.4;78
20.5;32.0;5.4;78
20.5;32.0;5.4;78
20.5;32.0;5.4;78
20.5;32.0;5.4;78
20.5;32.0;5.4;78
20.1;31.0;5;77
20.1;31.0;5;77
20.1;31.0;5;77
20.1;32.0;5;77
20.2;32.0;5.1;77
20.1;32.0;5.1;77
20.2;32.0;5.1;77
20.1;32.0;5.1;77
20.2;32.0;5.1;78
20.1;32.0;5.1;78
20.1;32.0;5.1;78
20.2;32.0;5.1;78
20.2;32.0;5.1;78
20.2;32.0;5.1;78
20.3;32.0;5.1;78
20.2;32.0;5.1;78
20.2;32.0;5.1;78
20.3;32.0;5.2;78
22.4;31.0;5.2;78
22.8;27.0;5.3;78
21.7;28.0;5.3;78
22.5;28.0;5.3;78
22.1;28.0;5.3;78
21.5;29.0;5.3;78
21.4;29.0;5.3;78
20.9;29.0;5.3;78
20.8;30.0;5.3;78
20.7;30.0;5.3;78
20.6;30.0;5.3;78
20.5;30.0;5.3;78
20.4;30.0;5.3;78
20.5;30.0;5.3;78
20.4;30.0;5.3;78
20.4;30.0;5.3;78
20.4;30.0;5.3;78
20.4;31.0;5.3;78
20.4;31.0;5.3;78
20.4;31.0;5.3;78
20.4;31.0;5.3;78
20.4;31.0;5.3;78
20.4;31.0;5.3;78
20.4;31.0;5.3;78
20.4;31.0;5.3;78
20.5;31.0;5.3;78
20.5;31.0;5.3;78
20.4;31.0;5.3;78
20.4;31.0;5.3;78
20.4;31.0;5.3;78
20.4;31.0;5.3;78
20.4;31.0;5.3;78
20.4;31.0;5.3;78
20.4;31.0;5.3;78
20.4;31.0;5.3;78
20.4;31.0;5.3;78
20.4;31.0;5.3;78
20.4;31.0;5.3;78
20.4;31.0;5.3;78
20.4;31.0;5.3;78
20.4;31.0;5.3;78
20.4;31.0;5.3;78
20.4;31.0;5.3;78
20.4;32.0;5.3;78
22.7;31.0;5.2;77
22.8;28.0;5.3;77
23.2;26.0;5.3;77
22.4;27.0;5.3;77
22.0;27.0;5.3;77
21.4;28.0;5.3;77
20.9;28.0;5.3;77
20.9;29.0;5.3;77
20.8;29.0;5.3;77
20.7;29.0;5.3;77
20.7;29.0;5.3;77
20.3;29.0;5.2;77
20.3;29.0;5.2;77
20.3;30.0;5.2;77
20.3;30.0;5.2;77
20.4;30.0;5.3;77
20.4;30.0;5.3;77
20.4;30.0;5.3;77
20.4;30.0;5.3;77
20.5;30.0;5.3;77
20.5;31.0;5.4;77
20.5;31.0;5.4;77
20.5;31.0;5.4;77
20.5;31.0;5.4;77
20.5;31.0;5.4;77
20.6;31.0;5.4;77
20.6;31.0;5.5;77
20.6;31.0;5.5;77
20.6;31.0;5.5;77
20.6;31.0;5.5;77
20.7;31.0;5.5;77
20.6;31.0;5.5;77
20.6;31.0;5.5;77
20.4;31.0;5.3;77
20.4;31.0;5.3;77
20.4;31.0;5.3;77
20.4;31.0;5.3;77
20.4;31.0;5.3;77
20.5;31.0;5.3;77
20.5;31.0;5.3;77
20.4;31.0;5.3;77
20.4;31.0;5.3;77
20.4;31.0;5.3;77
21.2;31.0;5.4;77
23.1;28.0;5.4;77
22.6;29.0;5.4;78
22.0;29.0;5.4;78
21.4;30.0;5.4;78
21.2;30.0;5.4;78
21.0;30.0;5.4;78
20.9;30.0;5.5;78
20.8;30.0;5.5;78
20.6;31.0;5.5;78
20.6;31.0;5.5;78
20.6;31.0;5.5;78
20.6;31.0;5.5;78
20.6;31.0;5.5;78
20.6;31.0;5.5;78
20.6;31.0;5.5;78
20.6;31.0;5.5;78
20.6;31.0;5.5;78
20.7;31.0;5.6;78
20.6;31.0;5.6;78
20.6;31.0;5.6;78
20.6;31.0;5.6;78
20.6;31.0;5.6;78
20.6;31.0;5.6;78
20.7;31.0;5.6;78
20.6;32.0;5.6;78
20.7;32.0;5.6;78
20.7;32.0;5.6;78
20.7;32.0;5.6;78
20.7;32.0;5.6;78
20.7;32.0;5.6;78
20.8;32.0;5.6;78
20.8;32.0;5.7;78
20.8;32.0;5.7;78
20.8;32.0;5.7;78
20.8;32.0;5.7;78
20.8;32.0;5.7;78
20.8;32.0;5.7;78
20.8;32.0;5.7;78
20.9;32.0;5.7;78
20.8;32.0;5.7;78
20.9;32.0;5.7;78
20.8;32.0;5.7;78
20.9;32.0;5.8;78
20.9;32.0;5.8;78
20.9;32.0;5.8;78
20.9;32.0;5.8;78
20.9;32.0;5.8;78
20.9;32.0;5.8;78
20.9;32.0;5.8;78
21.0;32.0;5.8;78
21.0;32.0;5.8;78
20.9;32.0;5.8;78
21.0;32.0;5.8;78
21.1;32.0;5.9;78
21.0;32.0;5.9;78
21.0;32.0;5.9;78
21.0;32.0;5.9;78
21.0;32.0;5.9;78
21.1;32.0;5.9;78
21.1;32.0;5.9;78
21.0;32.0;5.9;78
21.1;32.0;5.9;78
21.1;32.0;6;78
21.2;32.0;6;79
21.1;32.0;6;79
21.1;32.0;6;79
21.1;32.0;6;79
21.2;32.0;6;79
21.2;32.0;6;79
21.2;32.0;6;79
21.2;32.0;6;79
21.1;32.0;6.1;79
21.2;32.0;6.1;79
21.3;32.0;6.1;79
21.2;32.0;6.1;79
21.2;32.0;6.1;79
21.3;32.0;6.1;79
21.3;32.0;6.2;79
21.4;32.0;6.2;79
21.3;32.0;6.2;79
21.3;32.0;6.2;79
21.3;32.0;6.2;79
21.3;32.0;6.2;79
21.4;32.0;6.2;79
21.4;32.0;6.2;79
21.4;32.0;6.3;79
21.5;32.0;6.3;79
21.4;32.0;6.3;79
21.5;33.0;6.3;79
21.4;32.0;6.3;79
21.5;33.0;6.3;79
21.5;33.0;6.4;79
21.5;32.0;6.4;79
21.6;33.0;6.4;79
21.5;33.0;6.4;79
21.6;33.0;6.4;79
21.5;33.0;6.4;79
21.5;33.0;6.4;79
21.6;33.0;6.4;79
21.7;33.0;6.5;79
21.7;33.0;6.5;79
21.7;33.0;6.5;79
21.7;33.0;6.5;79
21.8;33.0;6.5;79
21.7;33.0;6.6;79
21.7;33.0;6.6;79
21.8;33.0;6.6;79
21.7;33.0;6.6;79
21.8;33.0;6.6;79
21.9;33.0;6.6;79
21.8;33.0;6.7;79
21.8;33.0;6.7;79
21.8;33.0;6.7;79
21.8;33.0;6.7;79
21.8;33.0;6.7;79
21.9;33.0;6.7;79
21.9;33.0;6.7;79
22.0;33.0;6.7;79
21.9;33.0;6.8;79
24.2;32.0;6.8;79
24.3;29.0;6.9;79
23.8;30.0;6.9;79
23.3;30.0;6.9;79
23.0;30.0;6.9;79
22.7;31.0;7;79
22.4;31.0;6.9;79
22.4;31.0;7;79
22.4;31.0;7;79
22.1;32.0;7;79
22.2;32.0;7;79
22.2;32.0;7;79
22.1;32.0;7;79
22.2;32.0;7;79
22.1;32.0;7;79
22.1;32.0;7;79
22.2;32.0;7;79
22.2;32.0;7;79
22.2;32.0;7;79
22.2;33.0;7;79
22.1;33.0;7;79
22.2;33.0;7.1;79
22.3;33.0;7.1;79
22.2;33.0;7.1;79
22.2;33.0;7.1;79
22.3;33.0;7.1;79
22.3;33.0;7.1;79
22.3;33.0;7.1;79
22.4;33.0;7.1;79
22.3;33.0;7.2;79
22.3;33.0;7.2;79
22.3;33.0;7.2;79
22.3;33.0;7.2;79
22.4;33.0;7.2;79
22.4;33.0;7.2;79
22.5;33.0;7.2;79
22.4;33.0;7.3;79
22.5;33.0;7.3;79
22.4;33.0;7.3;79
22.4;33.0;7.3;79
22.5;33.0;7.3;79
22.4;33.0;7.3;79
22.5;33.0;7.3;79
22.5;33.0;7.3;79
22.5;33.0;7.3;79
22.5;33.0;7.4;79
22.6;33.0;7.4;79
22.5;33.0;7.4;79
22.6;33.0;7.4;79
22.5;33.0;7.4;79
22.5;33.0;7.4;79
22.6;33.0;7.4;79
22.6;33.0;7.4;79
22.6;33.0;7.4;79
22.6;33.0;7.4;79
22.6;33.0;7.4;79
22.6;33.0;7.4;79
22.6;33.0;7.4;79
22.6;33.0;7.5;79
22.6;33.0;7.5;79
22.6;33.0;7.5;79
22.6;33.0;7.5;79
22.6;33.0;7.5;79
22.7;33.0;7.5;79
22.7;34.0;7.5;79
22.7;34.0;7.5;79
22.7;33.0;7.6;79
22.7;34.0;7.6;79
22.7;34.0;7.6;79
22.8;34.0;7.6;79
22.7;34.0;7.6;79
22.7;34.0;7.6;79
22.8;34.0;7.6;79
22.7;34.0;7.6;79
22.8;34.0;7.6;79
31.2;33.0;13.3;53
24.4;28.0;6.5;75
24.2;29.0;6.5;75
24.1;29.0;6.5;75
24.0;29.0;6.5;75
23.8;29.0;6.4;75
23.8;30.0;6.4;75
23.8;30.0;6.4;75
23.8;30.0;6.4;75
23.8;30.0;6.4;75
23.8;30.0;6.4;75
23.8;30.0;6.4;75
23.7;30.0;6.4;75
23.8;30.0;6.4;75
23.7;30.0;6.4;75
23.7;30.0;6.4;75
23.7;30.0;6.4;75
23.7;30.0;6.4;75
23.8;30.0;6.4;75
23.7;30.0;6.4;76
23.7;30.0;6.4;76
23.7;30.0;6.4;76
23.7;30.0;6.4;76
23.7;30.0;6.4;76
23.6;30.0;6.4;76
23.7;30.0;6.4;76
23.7;30.0;6.4;76
23.7;30.0;6.4;76
23.6;30.0;6.4;76
23.7;31.0;6.4;76
23.7;31.0;6.4;76
23.6;31.0;6.4;76
23.6;31.0;6.4;76
23.7;31.0;6.4;76
23.6;31.0;6.4;76
23.7;31.0;6.4;76
23.6;31.0;6.4;76
23.7;31.0;6.4;76
23.7;31.0;6.4;76
23.7;31.0;6.4;76
23.7;31.0;6.4;76
23.6;31.0;6.4;76
23.7;31.0;6.4;76
23.7;31.0;6.4;76
23.7;31.0;6.4;76
23.6;31.0;6.4;76
23.7;31.0;6.4;76
23.6;31.0;6.4;76
23.7;31.0;6.4;76
23.6;31.0;6.4;76
23.7;31.0;6.4;76
23.6;31.0;6.4;76
23.6;31.0;6.4;76
23.6;31.0;6.4;76
23.6;31.0;6.4;76
23.6;31.0;6.3;76
23.7;31.0;6.3;76
23.7;31.0;6.3;76
23.7;31.0;6.3;76
23.6;31.0;6.3;76
23.7;31.0;6.3;76
23.6;31.0;6.3;76
23.6;31.0;6.3;76
23.6;31.0;6.3;76
23.6;31.0;6.3;76
23.6;31.0;6.3;76
23.6;31.0;6.3;76
23.5;31.0;6.3;76
23.6;31.0;6.3;76
23.6;31.0;6.3;76
23.5;31.0;6.3;76
23.5;31.0;6.3;76
23.6;31.0;6.3;76
23.5;31.0;6.3;76
23.5;31.0;6.3;76
23.6;31.0;6.3;76
23.6;31.0;6.3;76
23.6;31.0;6.3;76
23.5;31.0;6.3;76
23.6;31.0;6.3;76
23.5;31.0;6.3;76
23.6;31.0;6.3;76
23.4;30.0;6.3;76
23.3;30.0;6.2;76
23.3;30.0;6.2;76
23.3;30.0;6.2;76
23.4;30.0;6.2;76
23.5;30.0;6.2;76
23.4;31.0;6.2;76
23.5;31.0;6.2;76
23.4;31.0;6.2;76
23.5;31.0;6.2;76
23.2;30.0;6.2;75
23.8;30.0;6.1;75
24.0;28.0;6.2;76
23.8;28.0;6.2;76
23.8;28.0;6.2;76
23.7;28.0;6.2;76
23.7;28.0;6.2;76
23.6;29.0;6.2;76
23.6;29.0;6.2;76
23.3;28.0;6.2;75
23.5;29.0;6.2;75
23.4;29.0;6.2;76
23.4;29.0;6.2;76
23.5;29.0;6.2;76
23.5;29.0;6.2;76
23.4;29.0;6.2;76
23.4;29.0;6.2;76
23.5;29.0;6.2;76
23.6;29.0;6.2;76
23.5;29.0;6.2;76
23.5;29.0;6.2;76
23.5;29.0;6.2;76
23.5;29.0;6.2;76
23.5;29.0;6.2;76
23.5;30.0;6.2;76
23.5;30.0;6.2;76
23.5;30.0;6.2;76
23.5;30.0;6.2;76
23.6;30.0;6.2;76
23.6;30.0;6.2;76
23.6;30.0;6.2;76
23.6;30.0;6.2;76
23.5;30.0;6.2;76
23.0;29.0;6.1;74
23.0;29.0;6;74
23.1;29.0;6;75
23.2;29.0;6;75
23.2;29.0;6;75
23.3;29.0;6;75
23.0;29.0;5.9;75
23.1;29.0;5.9;75
23.2;29.0;5.9;75
23.2;29.0;5.9;75
23.2;29.0;5.9;75
23.2;29.0;5.9;75
23.2;29.0;6;76
23.1;29.0;5.9;75
23.1;29.0;5.9;75
23.2;29.0;5.9;75
23.1;29.0;5.9;75
23.3;29.0;5.9;75
23.2;29.0;5.9;75
23.3;29.0;5.9;75
23.3;29.0;5.9;75
23.2;29.0;5.9;75
23.3;29.0;6;76
23.2;29.0;6;76
23.3;30.0;6;76
23.3;30.0;6;76
23.2;30.0;6;76
23.2;30.0;6;76
23.3;30.0;6;76
23.2;30.0;6;76
23.3;30.0;6;76
23.3;30.0;6;76
23.2;30.0;6;76
23.2;30.0;6;76
23.2;30.0;6;76
23.3;30.0;6;76
23.3;30.0;6;76
23.2;30.0;6;76
23.3;30.0;6;76
23.2;30.0;6;76
23.3;30.0;6;76
23.3;30.0;6;76
23.3;30.0;6;76
23.3;30.0;6;76
23.3;30.0;6;76
23.3;30.0;6;76
23.3;30.0;6;76
23.2;30.0;6;76
23.0;29.0;6;76
23.1;29.0;5.9;75
23.1;29.0;5.9;75
23.1;29.0;5.9;75
23.1;30.0;5.9;75
23.1;30.0;5.9;76
23.2;30.0;5.9;76
23.2;30.0;5.9;76
23.2;30.0;5.9;76
23.2;30.0;5.9;76
23.1;30.0;5.9;76
23.3;30.0;5.9;76
23.2;30.0;6;76
23.3;30.0;6;76
23.2;30.0;6;76
23.2;30.0;6;76
23.3;30.0;6;76
23.2;30.0;6;76
23.2;30.0;6;76
23.2;30.0;6;76
23.2;30.0;6;76
23.2;30.0;6;76
23.1;30.0;6;76
23.2;30.0;6;76
23.2;30.0;6;76
23.2;30.0;6;76
23.2;30.0;6;76
23.2;30.0;6;76
23.2;30.0;6;76
23.2;30.0;6;76
23.1;30.0;5.9;76
23.1;30.0;6;76
23.2;30.0;5.9;76
23.2;30.0;5.9;76
23.1;30.0;5.9;76
23.2;30.0;5.9;76
23.1;30.0;5.9;76
23.1;30.0;5.9;76
23.2;30.0;5.9;76
23.1;30.0;5.9;76
23.1;30.0;5.9;76
23.1;30.0;5.9;76
23.2;30.0;5.9;76
23.2;30.0;5.9;76
23.1;30.0;5.9;76
23.2;30.0;5.9;76
23.2;30.0;5.9;76
23.1;30.0;5.9;76
23.1;30.0;5.9;76
23.2;30.0;5.9;76
23.2;30.0;5.9;76
23.2;30.0;5.9;76
23.1;30.0;5.9;76
23.2;30.0;5.9;76
23.2;30.0;5.9;76
23.2;30.0;5.9;76
23.2;30.0;5.9;76
23.2;30.0;5.9;76
23.2;30.0;5.9;76
23.2;30.0;5.9;76
23.2;30.0;5.8;76
23.2;30.0;5.8;76
23.2;30.0;5.8;76
23.2;30.0;5.8;76
23.1;30.0;5.8;76
23.2;30.0;5.8;76
23.1;30.0;5.8;76
23.2;30.0;5.8;76
23.1;30.0;5.8;76
23.1;30.0;5.8;76
23.1;30.0;5.8;76
23.1;30.0;5.8;76
23.1;30.0;5.8;76
23.1;30.0;5.8;76
23.1;30.0;5.8;76
23.1;30.0;5.8;76
23.2;30.0;5.8;76
23.1;30.0;5.8;76
23.1;30.0;5.8;76
23.2;30.0;5.8;76
23.2;30.0;5.8;76
23.1;30.0;5.8;76
23.1;30.0;5.8;76
23.0;30.0;5.8;76
23.1;30.0;5.8;76
23.1;30.0;5.8;76
23.1;30.0;5.8;76
23.1;30.0;5.8;76
23.2;30.0;5.8;76
23.1;30.0;5.8;76
23.1;30.0;5.8;76
22.9;30.0;5.8;76
23.1;30.0;5.8;76
23.1;30.0;5.8;76
23.1;30.0;5.8;76
23.1;30.0;5.8;76
23.1;30.0;5.8;76
23.1;30.0;5.8;76
23.0;30.0;5.8;76
23.0;30.0;5.8;76
23.1;30.0;5.8;76
23.0;30.0;5.8;76
23.1;30.0;5.8;76
23.0;30.0;5.7;76
23.0;30.0;5.7;76
23.1;30.0;5.7;76
23.0;30.0;5.7;76
23.0;30.0;5.7;76
22.9;30.0;5.7;76
23.1;30.0;5.7;76
23.1;30.0;5.7;76
22.9;30.0;5.7;76
23.0;30.0;5.7;76
22.9;30.0;5.7;76
23.0;30.0;5.7;76
22.9;30.0;5.7;76
22.9;30.0;5.7;76
23.0;30.0;5.7;76
22.9;30.0;5.7;76
22.9;30.0;5.7;76
23.0;30.0;5.7;76
22.9;30.0;5.7;76
22.9;30.0;5.7;76
22.8;30.0;5.7;76
22.9;30.0;5.7;76
22.9;30.0;5.6;76
22.8;30.0;5.6;76
22.9;30.0;5.6;76
22.9;30.0;5.6;76
22.9;30.0;5.6;76
22.9;30.0;5.6;76
22.9;30.0;5.6;76
22.9;30.0;5.6;76
22.9;30.0;5.6;76
22.9;30.0;5.6;76
22.9;30.0;5.6;76
22.9;30.0;5.6;76
22.9;30.0;5.6;76
22.8;30.0;5.6;76
22.9;30.0;5.6;76
22.8;30.0;5.6;76
22.8;30.0;5.6;76
22.9;30.0;5.6;76
22.8;30.0;5.6;76
22.8;30.0;5.6;76
22.8;30.0;5.6;76
22.9;30.0;5.6;76
22.8;30.0;5.6;76
22.8;30.0;5.6;76
22.9;30.0;5.6;76
22.9;30.0;5.6;76
22.8;30.0;5.6;76
22.9;30.0;5.6;76
22.9;30.0;5.6;76
22.9;30.0;5.6;76
22.9;30.0;5.6;76
22.8;30.0;5.6;76
22.8;30.0;5.6;76
22.8;30.0;5.6;76
22.8;30.0;5.6;76
22.9;30.0;5.6;76
22.9;30.0;5.6;76
22.8;30.0;5.6;76
22.9;30.0;5.6;76
22.9;30.0;5.6;76
22.8;30.0;5.6;76
22.9;30.0;5.6;76
22.9;30.0;5.6;76
23.0;30.0;5.6;76
22.9;30.0;5.6;76
22.9;30.0;5.6;76
22.8;30.0;5.6;76
22.8;30.0;5.6;76
22.9;30.0;5.6;76
22.9;30.0;5.6;76
22.9;30.0;5.6;76
22.9;30.0;5.6;76
22.8;30.0;5.6;76
22.8;30.0;5.6;76
22.9;30.0;5.6;76
23.0;30.0;5.6;76
22.8;29.0;5.6;75
22.7;29.0;5.6;75
22.8;29.0;5.6;76
22.8;29.0;5.6;76
22.9;29.0;5.6;76
22.9;29.0;5.6;76
22.9;29.0;5.6;76
22.9;29.0;5.6;76
22.9;29.0;5.6;76
22.8;29.0;5.6;76
22.6;29.0;5.6;75
22.6;29.0;5.5;75
22.6;29.0;5.5;75
22.7;29.0;5.5;75
22.7;29.0;5.5;75
22.7;29.0;5.5;75
22.7;29.0;5.5;75
22.8;29.0;5.5;75
22.7;29.0;5.5;76
22.8;29.0;5.5;75
22.8;29.0;5.5;76
22.7;29.0;5.5;76
22.7;29.0;5.5;76
22.8;29.0;5.5;76
22.7;29.0;5.5;76
22.7;29.0;5.5;76
22.4;28.0;5.5;74
22.3;28.0;5.4;74
22.4;29.0;5.4;74
22.6;29.0;5.4;75
22.6;29.0;5.4;75
22.6;29.0;5.4;75
22.5;29.0;5.4;75
22.6;29.0;5.4;75
22.6;29.0;5.4;75
22.6;29.0;5.4;75
22.7;29.0;5.4;75
22.6;29.0;5.4;75
22.6;29.0;5.4;75
22.7;29.0;5.4;75
22.7;29.0;5.4;75
22.6;29.0;5.4;75
22.6;29.0;5.4;75
22.7;29.0;5.4;75
22.6;29.0;5.4;75
22.6;29.0;5.4;75
22.6;29.0;5.4;75
22.6;29.0;5.3;75
22.6;29.0;5.3;75
22.6;29.0;5.3;75
22.6;29.0;5.3;75
22.6;29.0;5.3;75
22.6;29.0;5.3;75
22.5;29.0;5.3;75
22.6;29.0;5.3;75
22.6;29.0;5.3;75
22.6;29.0;5.3;75
22.5;29.0;5.3;75
22.5;29.0;5.3;75
22.6;29.0;5.3;75
22.6;29.0;5.3;75
22.6;29.0;5.3;75
22.6;29.0;5.3;75
22.6;29.0;5.3;75
22.6;29.0;5.3;75
22.5;29.0;5.3;75
22.7;29.0;5.3;75
22.6;29.0;5.3;75
22.6;29.0;5.3;75
22.5;29.0;5.3;75
22.5;29.0;5.3;75
22.5;29.0;5.3;75
22.6;29.0;5.3;75
22.6;29.0;5.2;75
22.5;29.0;5.2;75
22.5;29.0;5.2;75
22.6;29.0;5.2;75
22.5;29.0;5.2;75
22.5;29.0;5.2;75
22.5;29.0;5.2;75
22.5;29.0;5.2;75
22.5;29.0;5.2;75
22.5;29.0;5.2;75
22.5;29.0;5.2;75
22.5;29.0;5.2;75
22.6;29.0;5.2;76
22.4;29.0;5.2;75
22.5;29.0;5.2;75
22.5;29.0;5.2;75
22.4;29.0;5.2;75
22.4;29.0;5.2;76
22.5;29.0;5.2;75
22.4;29.0;5.2;75
22.5;29.0;5.2;76
22.4;29.0;5.2;75
22.4;29.0;5.2;76
22.5;29.0;5.2;76
22.5;29.0;5.2;76
22.4;29.0;5.2;76
22.4;29.0;5.2;76
22.5;29.0;5.2;75
22.4;29.0;5.2;75
22.5;29.0;5.2;75
22.4;29.0;5.2;76
22.4;29.0;5.2;76
22.4;29.0;5.2;75
22.4;29.0;5.2;75
22.5;29.0;5.2;76
22.5;29.0;5.2;76
22.5;29.0;5.2;75
22.4;29.0;5.2;75
22.5;29.0;5.2;75
22.4;29.0;5.2;75
22.4;29.0;5.2;75
22.4;29.0;5.2;75
22.5;29.0;5.2;75
22.4;29.0;5.2;75
22.5;29.0;5.2;75
22.4;29.0;5.2;75
22.4;29.0;5.2;75
22.4;29.0;5.2;75
22.4;29.0;5.2;75
22.3;29.0;5.2;75
22.5;29.0;5.2;75
22.4;29.0;5.2;75
22.4;29.0;5.2;75
22.4;29.0;5.2;75
22.4;29.0;5.2;75
22.3;29.0;5.2;75
22.3;29.0;5.1;75
22.4;29.0;5.1;75
22.3;29.0;5.1;76
22.4;29.0;5.1;75
22.4;29.0;5.1;75
22.4;29.0;5.1;75
22.4;29.0;5.1;75
22.4;29.0;5.1;75
22.5;29.0;5.1;75
22.4;29.0;5.1;75
22.3;29.0;5.1;75
22.3;29.0;5.1;75
22.3;29.0;5.1;75
22.3;29.0;5.1;75
22.3;29.0;5.1;75
22.4;29.0;5.1;75
22.4;29.0;5.1;75
22.3;29.0;5.1;75
22.3;29.0;5.1;75
22.3;29.0;5.1;75
22.3;29.0;5.1;75
22.3;29.0;5.1;75
22.3;29.0;5.1;75
22.4;29.0;5.1;75
22.3;29.0;5.1;75
22.3;29.0;5.1;76
22.3;29.0;5.1;75
22.3;29.0;5.1;75
22.3;29.0;5.1;75
22.2;29.0;5.1;75
22.4;29.0;5.1;75
22.4;29.0;5.1;75
22.3;29.0;5.1;75
22.4;29.0;5.1;75
22.3;29.0;5.1;75
22.2;29.0;5.1;75
22.3;29.0;5.1;75
22.3;29.0;5.1;75
22.3;29.0;5.1;75
22.3;29.0;5.1;75
22.2;29.0;5.1;75
22.3;29.0;5.1;75
22.3;29.0;5.1;75
22.3;29.0;5.1;75
22.3;29.0;5.1;75
22.3;29.0;5.1;75
22.2;29.0;5.1;75
22.2;29.0;5.1;75
22.3;29.0;5.1;75
22.2;29.0;5.1;75
22.3;29.0;5;75
22.2;29.0;5.1;75
22.2;29.0;5;75
22.2;29.0;5;75
22.3;29.0;5;75
22.2;29.0;5;75
22.3;29.0;5;75
22.2;29.0;5;75
22.2;29.0;5;75
22.2;29.0;5;75
22.2;29.0;5;75
22.3;29.0;5;75
21.6;28.0;5;75
21.7;28.0;4.9;73
21.9;28.0;4.8;74
21.9;28.0;4.8;74
22.0;28.0;4.8;74
22.1;28.0;4.8;74
22.0;29.0;4.8;75
22.1;29.0;4.8;75
22.1;29.0;4.8;75
22.2;29.0;4.9;75
22.2;29.0;4.9;75
22.2;29.0;4.9;75
22.2;29.0;4.9;75
22.3;29.0;4.9;75
22.2;29.0;4.9;75
22.3;29.0;4.9;75
22.3;29.0;4.9;75
22.3;29.0;4.9;75
22.2;29.0;4.9;75
22.7;26.0;4.9;74
22.5;27.0;4.9;74
22.4;27.0;4.9;74
22.3;27.0;4.9;74
21.9;27.0;4.8;73
22.0;27.0;4.8;73
22.0;27.0;4.8;73
22.0;27.0;4.8;74
22.1;27.0;4.8;74
22.0;27.0;4.8;74
22.0;27.0;4.8;74
22.0;28.0;4.8;74
22.0;28.0;4.8;74
22.1;28.0;4.8;74
22.1;28.0;4.8;74
22.0;28.0;4.8;74
22.0;28.0;4.8;74
22.1;28.0;4.8;74
22.1;28.0;4.8;74
22.1;28.0;4.8;74
22.1;28.0;4.8;74
22.1;28.0;4.8;74
22.0;28.0;4.8;74
22.0;28.0;4.8;74
22.1;28.0;4.8;74
22.1;28.0;4.8;74
22.0;28.0;4.8;74
22.0;28.0;4.8;74
22.0;28.0;4.8;74
22.0;28.0;4.8;74
22.0;28.0;4.7;74
22.0;28.0;4.7;74
22.0;28.0;4.7;74
21.9;28.0;4.7;74
22.1;28.0;4.7;74
21.9;28.0;4.7;74
22.0;28.0;4.7;74
21.9;28.0;4.7;74
21.9;28.0;4.7;75
21.8;28.0;4.7;75
22.0;28.0;4.7;75
21.8;28.0;4.7;75
21.9;28.0;4.7;75
21.9;28.0;4.7;75
21.8;28.0;4.7;75
21.9;28.0;4.7;75
21.8;28.0;4.7;74
21.8;28.0;4.7;74
21.8;28.0;4.7;74
21.8;28.0;4.7;74
21.8;28.0;4.6;74
22.0;28.0;4.6;74
21.9;28.0;4.6;75
21.9;28.0;4.6;74
21.8;28.0;4.6;75
21.9;28.0;4.6;75
21.8;28.0;4.6;75
21.8;28.0;4.6;75
21.9;28.0;4.6;74
22.0;28.0;4.6;75
21.9;28.0;4.6;75
22.0;28.0;4.6;75
21.8;28.0;4.6;75
21.8;28.0;4.6;75
21.7;28.0;4.5;75
21.7;28.0;4.5;75
21.7;28.0;4.5;75
21.7;28.0;4.5;75
21.8;28.0;4.5;75
21.7;28.0;4.5;75
21.7;28.0;4.5;75
22.1;28.0;4.5;75
22.2;26.0;4.5;74
22.0;27.0;4.5;74
22.0;27.0;4.5;74
21.8;27.0;4.4;74
21.6;27.0;4.4;74
21.8;27.0;4.4;74
21.7;27.0;4.4;75
21.6;27.0;4.4;75
21.7;27.0;4.4;75
21.7;27.0;4.4;75
21.6;27.0;4.4;74
21.6;28.0;4.4;75
21.6;28.0;4.4;75
21.6;28.0;4.4;75
21.6;28.0;4.4;75
21.6;28.0;4.4;75
21.6;28.0;4.4;75
21.6;28.0;4.4;75
21.6;28.0;4.4;75
21.6;28.0;4.4;75
21.6;28.0;4.4;75
21.6;28.0;4.4;75
21.6;28.0;4.4;75
21.6;28.0;4.4;75
21.6;28.0;4.4;75
21.5;28.0;4.4;75
21.6;28.0;4.4;75
21.6;28.0;4.4;75
21.6;28.0;4.4;75
21.6;28.0;4.4;75
21.5;28.0;4.4;75
21.6;28.0;4.4;75
21.6;28.0;4.4;75
21.5;28.0;4.4;75
21.5;28.0;4.4;75
21.6;28.0;4.4;75
21.6;28.0;4.4;75
21.7;28.0;4.4;75
21.6;28.0;4.4;75
21.6;28.0;4.4;75
21.6;28.0;4.4;75
21.6;28.0;4.4;75
21.6;28.0;4.4;75
21.6;28.0;4.4;75
21.6;28.0;4.4;75
21.6;28.0;4.4;75
21.6;28.0;4.4;75
21.6;28.0;4.4;75
21.5;28.0;4.4;75
21.7;28.0;4.4;75
21.5;28.0;4.4;75
21.6;28.0;4.4;75
21.6;28.0;4.4;75
21.6;28.0;4.4;75
21.6;28.0;4.4;75
21.6;28.0;4.4;75
21.6;28.0;4.4;75
21.6;28.0;4.4;75
21.6;28.0;4.4;75
21.6;28.0;4.4;75
21.6;28.0;4.4;75
21.6;28.0;4.4;75
21.5;28.0;4.4;75
21.6;28.0;4.4;75
21.6;28.0;4.4;75
21.6;28.0;4.4;75
21.6;28.0;4.4;75
21.7;28.0;4.4;75
21.7;28.0;4.4;75
21.6;28.0;4.4;75
21.6;28.0;4.4;75
21.6;28.0;4.4;75
21.7;28.0;4.4;75
21.6;28.0;4.4;75
21.6;28.0;4.4;75
21.6;28.0;4.4;75
21.7;28.0;4.4;75
21.6;28.0;4.4;75
21.6;28.0;4.4;75
21.7;28.0;4.4;75
21.6;28.0;4.4;75
21.6;28.0;4.4;75
21.4;28.0;4.4;73
21.2;27.0;4.3;74
21.2;27.0;4.2;73
21.3;28.0;4.2;73
21.1;27.0;4.1;73
21.1;27.0;4.1;73
21.2;27.0;4;73
21.3;28.0;4;73
21.3;28.0;4.1;74
21.5;28.0;4.1;74
21.4;28.0;4.1;74
21.4;28.0;4.1;74
21.5;28.0;4.1;74
21.4;28.0;4.1;74
21.5;28.0;4.2;74
21.5;28.0;4.2;74
21.5;28.0;4.2;74
21.5;28.0;4.2;74
21.5;28.0;4.2;74
21.5;28.0;4.2;74
21.5;28.0;4.3;74
21.6;28.0;4.3;74
21.6;28.0;4.3;74
21.7;28.0;4.3;74
21.6;28.0;4.3;74
21.7;28.0;4.3;74
21.6;28.0;4.3;74
21.6;28.0;4.3;74
21.6;28.0;4.3;74
21.6;28.0;4.4;74
21.7;28.0;4.4;74
21.8;28.0;4.4;74
21.9;28.0;4.4;74
21.9;28.0;4.4;74
21.7;28.0;4.4;74
21.8;28.0;4.4;74
21.8;28.0;4.4;74
21.8;28.0;4.4;74
21.8;28.0;4.5;74
21.8;28.0;4.5;74
21.8;28.0;4.5;74
21.8;28.0;4.5;74
21.7;28.0;4.5;74
21.8;28.0;4.5;74
22.5;26.0;4.7;74
22.4;26.0;4.7;74
22.2;26.0;4.7;74
22.2;26.0;4.7;74
22.1;27.0;4.7;74
22.0;27.0;4.7;74
22.1;27.0;4.6;74
22.1;27.0;4.7;74
22.1;27.0;4.7;74
22.1;27.0;4.7;74
21.6;27.0;4.6;74
21.7;27.0;4.6;74
21.8;27.0;4.6;74
21.6;27.0;4.5;74
21.7;27.0;4.5;74
21.8;27.0;4.5;74
21.9;27.0;4.5;74
21.8;27.0;4.5;74
22.4;26.0;4.7;74
22.3;26.0;4.7;74
22.3;26.0;4.7;74
22.2;27.0;4.7;74
22.1;27.0;4.7;74
22.1;27.0;4.7;74
22.1;27.0;4.7;74
22.1;27.0;4.7;74
22.1;27.0;4.7;74
22.1;27.0;4.7;74
22.1;27.0;4.7;74
22.1;27.0;4.8;74
22.1;27.0;4.8;74
22.1;27.0;4.8;74
22.2;28.0;4.8;74
22.1;28.0;4.8;75
22.1;28.0;4.8;75
22.2;28.0;4.8;75
22.2;28.0;4.8;75
22.1;28.0;4.8;75
22.1;28.0;4.8;75
22.2;28.0;4.8;75
22.1;28.0;4.8;75
22.2;28.0;4.8;75
22.2;28.0;4.8;75
22.2;28.0;4.8;75
22.1;28.0;4.8;75
22.2;28.0;4.8;75
22.2;28.0;4.8;75
22.2;28.0;4.8;75
22.2;28.0;4.8;75
22.1;28.0;4.8;75
22.1;28.0;4.8;75
22.2;28.0;4.8;75
22.2;28.0;4.8;75
22.2;28.0;4.8;75
22.1;28.0;4.8;75
22.2;28.0;4.8;75
22.2;28.0;4.8;75
22.2;28.0;4.8;75
22.2;28.0;4.8;75
22.2;28.0;4.8;75
22.2;28.0;4.8;75
22.2;28.0;4.8;75
22.2;28.0;4.8;75
22.2;28.0;4.8;75
22.2;28.0;4.8;75
22.2;28.0;4.8;75
22.2;28.0;4.8;75
22.2;28.0;4.8;75
22.3;28.0;4.8;75
22.2;28.0;4.8;75
22.2;28.0;4.8;75
22.2;28.0;4.8;75
22.2;28.0;4.8;75
22.2;28.0;4.8;75
22.2;28.0;4.8;75
22.2;28.0;4.8;75
22.3;28.0;4.8;75
22.3;28.0;4.8;75
22.2;28.0;4.8;75
22.2;28.0;4.8;75
22.2;28.0;4.8;75
22.2;28.0;4.8;75
22.2;28.0;4.8;75
22.2;28.0;4.8;75
22.2;28.0;4.8;75
22.1;28.0;4.8;75
22.1;28.0;4.8;75
22.2;28.0;4.8;75
22.2;28.0;4.8;75
22.2;28.0;4.8;75
22.1;28.0;4.8;75
22.2;28.0;4.8;75
22.2;28.0;4.8;75
22.2;28.0;4.8;75
22.2;28.0;4.8;75
22.2;28.0;4.8;75
22.2;28.0;4.8;75
22.2;28.0;4.8;75
22.2;28.0;4.8;75
22.3;28.0;4.8;75
22.2;29.0;4.8;75
22.2;28.0;4.8;75
22.2;28.0;4.8;75
22.2;28.0;4.8;75
22.3;29.0;4.8;75
22.2;29.0;4.8;75
22.2;29.0;4.8;75
22.2;28.0;4.8;75
22.2;29.0;4.8;75
22.2;29.0;4.8;75
22.3;29.0;4.8;75
22.2;29.0;4.8;75
22.2;29.0;4.8;75
22.2;29.0;4.8;75
22.2;29.0;4.8;75
22.3;29.0;4.8;76
22.3;29.0;4.9;76
22.3;29.0;4.9;76
22.3;29.0;4.9;76
22.3;29.0;4.9;76
22.3;29.0;4.9;76
22.4;29.0;4.9;76
22.3;29.0;4.9;76
22.4;29.0;4.9;76
22.3;29.0;4.9;76
22.5;29.0;5;76
22.4;29.0;5;76
22.4;29.0;5;76
22.4;29.0;5;76
22.4;29.0;5;76
22.4;29.0;5;76
22.5;29.0;5;76
22.5;29.0;5.1;76
22.5;29.0;5.1;76
22.6;29.0;5.1;76
22.5;29.0;5.1;76
22.5;29.0;5.1;76
22.4;29.0;5.1;76
22.5;29.0;5.1;76
22.5;29.0;5.1;76
22.5;29.0;5.1;76
22.5;29.0;5.1;76
22.6;29.0;5.1;76
22.5;29.0;5.2;76
22.6;29.0;5.2;76
22.6;29.0;5.2;76
22.7;29.0;5.2;76
22.7;29.0;5.2;76
22.7;29.0;5.2;76
22.7;29.0;5.2;76
22.7;29.0;5.2;76
22.7;29.0;5.3;76
22.7;29.0;5.3;76
22.8;29.0;5.3;76
22.8;29.0;5.3;76
22.8;29.0;5.3;76
22.8;29.0;5.3;76
22.7;29.0;5.4;76
22.8;29.0;5.4;76
22.8;29.0;5.4;76
22.8;29.0;5.4;76
22.9;29.0;5.4;76
23.3;29.0;5.5;76
23.8;28.0;5.9;76
23.7;28.0;5.9;76
23.6;29.0;5.9;76
23.5;29.0;5.9;76
23.5;29.0;5.9;76
23.4;29.0;6;76
23.4;29.0;6;76
23.4;29.0;6;76
23.3;29.0;6;76
23.4;29.0;6;76
23.3;29.0;6;76
23.3;29.0;5.9;76
23.3;29.0;5.9;76
23.3;29.0;5.9;76
23.3;29.0;5.9;76
23.3;29.0;5.9;76
23.3;29.0;5.9;76
23.4;29.0;5.9;76
23.4;29.0;5.9;76
23.3;29.0;5.9;76
23.4;29.0;5.9;76
23.4;29.0;5.9;76
23.3;29.0;5.9;76
23.4;29.0;5.9;76
23.4;29.0;5.9;76
23.4;29.0;5.9;76
23.3;29.0;5.9;76
23.3;29.0;6;76
23.5;29.0;6;76
23.4;29.0;6;76
23.4;29.0;6;76
23.3;29.0;6;76
23.4;29.0;6;76
23.4;29.0;6;76
23.4;29.0;6;76
23.4;29.0;6;76
23.0;29.0;5.9;76
23.1;29.0;5.9;77
23.2;29.0;5.9;77
23.2;29.0;5.8;77
23.3;29.0;5.8;77
23.3;29.0;5.8;77
23.6;29.0;5.8;77
23.6;27.0;5.8;77
23.5;27.0;5.8;77
23.4;28.0;5.8;77
23.3;28.0;5.8;77
23.1;28.0;5.8;77
23.2;28.0;5.8;77
23.2;28.0;5.8;77
23.2;28.0;5.8;77
23.1;28.0;5.8;77
23.1;28.0;5.8;77
23.2;28.0;5.8;77
23.2;28.0;5.8;77
23.2;29.0;5.8;77
23.2;29.0;5.8;77
23.5;29.0;5.8;77
23.6;28.0;5.8;77
23.5;28.0;5.8;77
23.3;29.0;5.8;77
23.2;29.0;5.8;77
23.3;29.0;5.8;77
23.3;29.0;5.8;77
23.2;29.0;5.8;77
23.3;29.0;5.8;77
23.2;29.0;5.8;77
23.2;29.0;5.8;77
23.3;29.0;5.8;77
23.2;29.0;5.8;77
23.2;29.0;5.8;77
23.2;29.0;5.8;77
23.2;29.0;5.8;77
23.2;29.0;5.8;77
23.2;29.0;5.8;77
23.2;29.0;5.8;77
23.1;29.0;5.8;77
23.2;29.0;5.8;77
23.2;29.0;5.8;77
23.2;29.0;5.8;77
23.2;29.0;5.8;77
23.1;29.0;5.8;77
23.1;29.0;5.8;77
23.1;29.0;5.7;77
23.1;29.0;5.7;77
23.2;29.0;5.7;77
23.1;29.0;5.7;77
23.1;29.0;5.7;77
23.1;29.0;5.7;77
23.1;29.0;5.7;77
23.1;29.0;5.7;77
23.1;29.0;5.6;77
23.0;29.0;5.6;77
22.9;29.0;5.6;77
23.0;29.0;5.6;77
23.0;29.0;5.6;77
22.9;29.0;5.5;77
22.9;29.0;5.5;77
22.8;29.0;5.5;77
22.8;29.0;5.5;77
22.8;29.0;5.5;77
22.8;29.0;5.5;77
22.8;29.0;5.4;77
22.8;29.0;5.4;77
22.8;29.0;5.4;77
22.8;29.0;5.4;77
22.8;29.0;5.4;77
22.8;29.0;5.4;77
22.7;29.0;5.3;77
22.7;29.0;5.3;77
22.7;29.0;5.3;77
22.7;29.0;5.3;77
22.7;29.0;5.3;77
22.6;29.0;5.3;77
22.7;29.0;5.2;77
22.6;29.0;5.2;77
22.6;29.0;5.2;77
22.6;29.0;5.2;77
22.6;29.0;5.2;77
22.6;29.0;5.2;77
22.6;29.0;5.2;77
22.5;29.0;5.2;77
22.7;29.0;5.2;77
22.6;29.0;5.2;77
22.6;29.0;5.2;77
22.6;29.0;5.2;77
22.6;29.0;5.2;77
22.6;29.0;5.2;77
22.6;29.0;5.2;77
22.6;29.0;5.2;77
22.7;29.0;5.2;77
22.6;29.0;5.2;77
22.7;29.0;5.2;77
22.7;29.0;5.2;77
22.7;29.0;5.2;77
22.7;29.0;5.2;77
22.7;29.0;5.2;77
22.7;29.0;5.2;77
22.6;29.0;5.2;77
22.7;29.0;5.3;77
22.7;29.0;5.3;77
22.7;29.0;5.3;77
22.7;29.0;5.3;77
22.7;29.0;5.3;77
22.7;29.0;5.3;77
22.7;29.0;5.3;77
22.8;29.0;5.3;77
22.7;29.0;5.3;77
22.8;29.0;5.3;77
22.7;29.0;5.3;77
22.8;29.0;5.3;77
22.7;29.0;5.3;77
22.8;29.0;5.3;77
22.8;29.0;5.3;77
22.7;29.0;5.3;77
22.7;29.0;5.3;77
22.7;29.0;5.3;77
22.8;29.0;5.3;77
22.7;29.0;5.3;77
22.8;29.0;5.3;77
22.7;29.0;5.3;77
22.7;29.0;5.3;77
22.7;29.0;5.3;77
22.8;29.0;5.4;77
22.8;29.0;5.4;77
22.8;29.0;5.4;77
22.8;29.0;5.4;77
22.7;29.0;5.4;77
22.6;29.0;5.3;77
22.6;29.0;5.3;77
22.4;29.0;5.3;77
22.5;29.0;5.2;77
22.5;29.0;5.2;77
22.6;29.0;5.2;77
22.6;29.0;5.2;77
22.5;29.0;5.2;77
22.5;29.0;5.2;77
22.6;29.0;5.2;77
22.6;29.0;5.2;77
22.7;29.0;5.2;77
22.6;29.0;5.2;77
22.7;29.0;5.2;77
22.7;29.0;5.2;77
22.7;29.0;5.2;77
22.7;29.0;5.3;77
22.7;29.0;5.3;77
22.6;29.0;5.3;77
22.5;29.0;5.2;77
22.6;29.0;5.2;77
22.6;29.0;5.2;77
22.6;29.0;5.3;77
22.7;29.0;5.3;77
22.7;29.0;5.3;77
22.7;29.0;5.3;77
22.8;29.0;5.3;77
22.8;29.0;5.4;77
22.8;29.0;5.4;77
22.9;29.0;5.4;77
22.9;29.0;5.4;77
22.8;29.0;5.4;77
22.9;29.0;5.5;77
23.0;29.0;5.5;77
22.9;29.0;5.5;77
22.9;29.0;5.5;77
23.0;29.0;5.5;77
23.1;29.0;5.5;77
23.0;29.0;5.6;77
23.1;29.0;5.6;77
22.7;29.0;5.6;77
22.7;29.0;5.5;77
22.8;29.0;5.5;77
22.8;29.0;5.5;77
23.0;29.0;5.5;77
22.8;29.0;5.5;77
22.9;29.0;5.5;77
22.8;29.0;5.5;77
22.9;29.0;5.5;77
22.9;29.0;5.6;77
23.1;29.0;5.6;77
23.0;29.0;5.6;77
23.0;29.0;5.6;77
23.1;29.0;5.6;77
23.0;29.0;5.6;77
23.1;29.0;5.6;77
23.1;29.0;5.6;77
23.0;29.0;5.6;77
23.1;29.0;5.6;77
23.0;29.0;5.7;77
23.1;29.0;5.7;77
23.2;29.0;5.7;77
23.1;29.0;5.7;77
23.1;29.0;5.7;77
23.1;29.0;5.7;77
23.2;29.0;5.7;77
23.2;29.0;5.7;77
23.1;29.0;5.7;77
23.2;29.0;5.7;77
23.0;29.0;5.7;77
23.0;29.0;5.7;77
23.0;29.0;5.7;77
23.1;29.0;5.7;77
23.1;29.0;5.7;77
23.1;29.0;5.7;77
23.1;29.0;5.7;77
23.1;29.0;5.7;77
23.0;29.0;5.7;77
23.0;29.0;5.7;77
23.1;29.0;5.7;77
23.1;29.0;5.7;77
23.0;29.0;5.7;77
23.0;29.0;5.7;77
23.0;29.0;5.7;77
23.0;29.0;5.7;77
23.1;29.0;5.7;77
23.1;29.0;5.7;77
23.0;29.0;5.7;77
22.9;29.0;5.7;77
23.2;29.0;5.6;76
22.9;26.0;5;76
22.7;26.0;5;76
22.6;27.0;5;77
22.6;27.0;5;77
22.5;27.0;5;77
22.5;27.0;5;77
22.6;27.0;5;77
22.4;27.0;5;77
22.4;27.0;5;77
22.5;27.0;5;77
22.4;28.0;5;77
22.4;28.0;5;77
22.5;28.0;5;77
22.5;28.0;5;77
22.4;28.0;5;77
22.4;28.0;5.1;77
22.6;28.0;5.1;77
22.5;28.0;5.1;77
22.6;28.0;5.1;77
22.5;28.0;5.1;77
22.5;28.0;5.1;77
22.6;28.0;5.1;77
22.5;28.0;5.1;77
22.6;28.0;5.1;77
22.7;28.0;5.1;77
22.6;28.0;5.2;77
22.6;28.0;5.1;77
22.5;28.0;5.1;77
22.5;28.0;5.1;77
22.5;28.0;5.1;77
22.5;28.0;5.1;77
22.6;28.0;5.1;77
22.5;28.0;5.1;77
22.5;28.0;5.1;77
22.6;28.0;5.1;77
22.6;28.0;5.1;77
22.5;28.0;5.1;77
22.5;28.0;5.1;77
22.6;28.0;5.1;77
22.6;28.0;5.1;77
22.7;28.0;5.1;77
22.5;29.0;5.1;77
22.6;29.0;5.2;77
22.5;29.0;5.2;77
22.6;29.0;5.2;77
22.5;29.0;5.1;77
22.6;29.0;5.2;77
22.6;28.0;5.2;77
22.6;29.0;5.2;77
22.6;29.0;5.2;77
22.6;29.0;5.2;77
22.6;29.0;5.2;77
22.7;29.0;5.2;77
22.6;29.0;5.2;77
22.6;29.0;5.2;77
22.6;29.0;5.2;77
22.6;29.0;5.2;77
22.6;29.0;5.2;77
22.6;29.0;5.2;77
22.6;29.0;5.2;77
22.6;29.0;5.2;77
22.6;29.0;5.2;77
22.7;29.0;5.2;77
22.6;29.0;5.2;77
22.7;29.0;5.2;77
22.6;29.0;5.2;77
22.7;29.0;5.2;77
22.6;29.0;5.2;77
22.6;29.0;5.2;77
22.7;29.0;5.2;77
22.6;29.0;5.2;77
22.7;29.0;5.2;77
22.6;29.0;5.2;77
22.7;29.0;5.2;77
22.7;29.0;5.2;77
22.6;29.0;5.2;77
22.6;29.0;5.2;77
22.6;29.0;5.2;77
22.7;29.0;5.2;77
22.7;29.0;5.2;77
22.7;29.0;5.3;77
22.7;29.0;5.3;77
22.6;29.0;5.3;77
22.7;29.0;5.3;77
22.7;29.0;5.3;77
22.6;29.0;5.3;77
22.6;29.0;5.3;77
22.6;29.0;5.3;77
22.7;29.0;5.3;77
22.7;29.0;5.3;77
22.7;29.0;5.3;77
22.7;29.0;5.3;77
22.7;29.0;5.3;77
22.7;29.0;5.3;77
22.7;29.0;5.3;77
22.7;29.0;5.3;77
22.7;29.0;5.3;77
22.7;29.0;5.3;77
22.7;29.0;5.3;77
22.7;29.0;5.3;77
22.6;29.0;5.3;77
22.7;29.0;5.3;77
22.7;29.0;5.3;77
22.7;29.0;5.3;77
22.7;29.0;5.3;77
22.7;29.0;5.3;77
22.7;29.0;5.3;77
22.3;29.0;5.3;77
22.5;29.0;5.3;77
22.6;29.0;5.3;77
22.3;29.0;5.2;77
22.6;29.0;5.2;77
22.6;29.0;5.2;77
22.6;29.0;5.2;77
22.4;29.0;5.2;77
22.4;29.0;5.2;77
22.5;29.0;5.2;77
23.4;27.0;5.5;77
23.3;27.0;5.5;77
23.1;27.0;5.5;77
23.1;27.0;5.5;77
23.1;28.0;5.5;77
23.1;28.0;5.5;77
23.0;28.0;5.5;77
23.0;28.0;5.5;77
23.0;28.0;5.5;77
22.9;28.0;5.5;77
23.0;28.0;5.5;77
22.9;28.0;5.5;77
23.0;28.0;5.5;77
22.9;28.0;5.5;77
23.0;28.0;5.5;77
23.0;28.0;5.5;77
22.9;28.0;5.5;77
22.9;28.0;5.5;77
22.9;28.0;5.5;77
22.9;28.0;5.5;77
22.9;28.0;5.5;77
23.0;28.0;5.5;77
23.0;28.0;5.5;77
22.9;28.0;5.5;77
22.9;29.0;5.5;77
23.0;29.0;5.5;77
22.9;29.0;5.5;77
23.0;29.0;5.6;77
22.9;29.0;5.6;77
23.0;29.0;5.6;77
23.2;29.0;5.6;77
23.0;29.0;5.6;77
23.0;29.0;5.6;77
23.0;29.0;5.6;77
23.0;29.0;5.6;77
23.0;29.0;5.6;77
23.1;29.0;5.6;77
23.1;29.0;5.7;77
23.0;29.0;5.7;77
23.1;29.0;5.7;77
23.1;29.0;5.7;77
23.0;29.0;5.7;77
