0.246;0.32;0.111999996;0.73
0.278;0.3;0.132;0.65
0.27;0.31;0.132;0.65
0.291;0.29;0.147;0.61
0.306;0.28;0.16;0.57
0.314;0.28;0.171;0.54
0.32299998;0.27;0.18;0.52
0.32799998;0.27;0.188;0.5
0.333;0.26;0.19299999;0.48
0.33200002;0.26;0.19299999;0.48
0.33900002;0.26;0.204;0.45
0.338;0.26;0.204;0.45
0.341;0.25;0.20799999;0.44
0.343;0.25;0.21200001;0.43
0.345;0.25;0.215;0.43
0.345;0.25;0.21700001;0.42
0.347;0.24;0.219;0.41
0.347;0.24;0.219;0.41
0.348;0.24;0.221;0.41
0.348;0.24;0.22299999;0.41
0.349;0.24;0.22399999;0.4
0.346;0.24;0.22700001;0.4
0.357;0.24;0.22799999;0.4
0.354;0.24;0.22799999;0.4
0.36200002;0.24;0.229;0.4
0.366;0.23;0.229;0.39
0.365;0.23;0.229;0.39
0.368;0.23;0.23;0.39
0.37;0.23;0.231;0.39
0.37;0.23;0.231;0.39
0.372;0.23;0.23200001;0.39
0.372;0.23;0.23200001;0.39
0.374;0.23;0.233;0.39
0.375;0.23;0.233;0.39
0.375;0.23;0.233;0.39
0.376;0.23;0.234;0.39
0.375;0.23;0.235;0.39
0.377;0.23;0.235;0.38
0.379;0.22;0.236;0.38
0.378;0.22;0.237;0.38
0.379;0.22;0.237;0.38
0.378;0.22;0.23799999;0.38
0.379;0.22;0.23799999;0.38
0.38;0.22;0.239;0.38
0.38;0.22;0.24;0.38
0.38;0.22;0.24;0.38
0.38;0.22;0.24;0.38
0.38;0.22;0.241;0.38
0.38;0.22;0.241;0.38
0.38;0.22;0.241;0.37
0.38099998;0.22;0.241;0.37
0.38099998;0.22;0.24200001;0.37
0.38099998;0.22;0.24200001;0.37
0.38;0.22;0.24200001;0.37
0.38099998;0.22;0.24200001;0.37
0.38099998;0.22;0.24200001;0.37
0.382;0.22;0.24299999;0.37
0.382;0.22;0.24299999;0.37
0.382;0.22;0.24299999;0.37
0.383;0.22;0.24299999;0.37
0.382;0.22;0.24299999;0.37
0.382;0.22;0.24299999;0.37
0.384;0.22;0.244;0.37
0.384;0.22;0.244;0.37
0.383;0.22;0.244;0.37
0.384;0.22;0.244;0.37
0.384;0.22;0.245;0.37
0.385;0.22;0.245;0.37
0.385;0.22;0.245;0.37
0.384;0.22;0.245;0.37
0.384;0.22;0.245;0.37
0.385;0.22;0.245;0.37
0.384;0.22;0.246;0.37
0.385;0.22;0.246;0.37
0.385;0.22;0.246;0.37
0.385;0.22;0.246;0.37
0.38599998;0.22;0.246;0.37
0.385;0.22;0.246;0.37
0.38599998;0.22;0.24700001;0.37
0.38599998;0.22;0.24700001;0.37
0.38599998;0.22;0.24700001;0.37
0.38599998;0.22;0.24700001;0.37
0.385;0.22;0.248;0.37
0.38599998;0.22;0.248;0.37
0.38599998;0.22;0.248;0.37
0.38599998;0.22;0.248;0.37
0.387;0.22;0.248;0.37
0.387;0.22;0.248;0.37
0.387;0.22;0.249;0.37
0.387;0.22;0.249;0.37
0.387;0.22;0.249;0.37
0.387;0.22;0.249;0.37
0.38799998;0.22;0.249;0.37
0.387;0.22;0.249;0.37
0.38799998;0.21;0.249;0.36
0.38799998;0.21;0.249;0.36
0.38799998;0.22;0.249;0.36
0.387;0.21;0.25;0.36
0.38900003;0.21;0.25;0.36
0.38900003;0.21;0.25;0.36
0.39;0.21;0.25;0.36
0.38799998;0.21;0.25;0.36
0.38900003;0.21;0.25;0.36
0.38900003;0.21;0.25;0.36
0.39;0.21;0.25;0.36
0.38900003;0.21;0.25100002;0.36
0.39;0.21;0.25100002;0.36
0.39;0.21;0.25100002;0.36
0.38900003;0.21;0.25100002;0.36
0.39;0.21;0.25100002;0.36
0.39099997;0.21;0.25100002;0.36
0.39;0.21;0.25100002;0.36
0.39;0.21;0.25100002;0.36
0.39;0.21;0.252;0.36
0.39;0.21;0.252;0.36
0.38900003;0.21;0.252;0.36
0.39;0.21;0.252;0.36
0.39;0.21;0.252;0.36
0.39099997;0.21;0.252;0.36
0.39;0.21;0.252;0.36
0.39;0.21;0.252;0.36
0.39;0.21;0.253;0.36
0.39;0.21;0.253;0.36
0.39;0.21;0.253;0.36
0.39099997;0.21;0.253;0.36
0.39099997;0.21;0.253;0.36
0.39200002;0.21;0.253;0.36
0.39200002;0.21;0.253;0.36
0.39099997;0.21;0.254;0.35
0.39200002;0.21;0.254;0.35
0.39200002;0.21;0.254;0.35
0.393;0.21;0.254;0.35
0.393;0.21;0.254;0.35
0.39200002;0.21;0.254;0.35
0.393;0.21;0.255;0.35
0.39200002;0.21;0.255;0.35
0.393;0.21;0.255;0.35
0.39200002;0.21;0.255;0.35
0.393;0.21;0.255;0.35
0.393;0.21;0.255;0.35
0.393;0.21;0.255;0.35
0.39400002;0.21;0.255;0.35
0.393;0.21;0.255;0.35
0.39400002;0.21;0.255;0.35
0.39400002;0.21;0.256;0.35
0.39400002;0.21;0.256;0.35
0.395;0.21;0.256;0.35
0.395;0.21;0.256;0.35
0.395;0.21;0.256;0.35
0.395;0.21;0.256;0.35
0.395;0.21;0.256;0.35
0.395;0.21;0.256;0.35
0.39400002;0.21;0.257;0.35
0.395;0.21;0.257;0.35
0.395;0.21;0.257;0.35
0.395;0.21;0.257;0.35
0.39400002;0.21;0.257;0.35
0.395;0.21;0.257;0.35
0.395;0.21;0.257;0.35
0.396;0.21;0.257;0.35
0.395;0.21;0.257;0.35
0.395;0.21;0.257;0.35
0.395;0.21;0.257;0.35
0.395;0.21;0.257;0.35
0.395;0.21;0.257;0.35
0.395;0.21;0.257;0.35
0.395;0.21;0.257;0.35
0.395;0.21;0.257;0.35
0.395;0.21;0.257;0.35
0.395;0.21;0.257;0.35
0.395;0.21;0.257;0.35
0.395;0.21;0.257;0.35
0.396;0.21;0.257;0.35
0.396;0.21;0.257;0.35
0.396;0.21;0.257;0.35
0.395;0.21;0.257;0.35
0.395;0.21;0.257;0.35
0.395;0.21;0.257;0.35
0.395;0.21;0.258;0.35
0.396;0.21;0.258;0.35
0.396;0.21;0.258;0.35
0.396;0.21;0.258;0.35
0.397;0.21;0.258;0.35
0.397;0.21;0.258;0.35
0.396;0.21;0.258;0.35
0.398;0.2;0.249;0.34
0.39400002;0.2;0.249;0.34
0.39200002;0.2;0.249;0.34
0.393;0.2;0.249;0.34
0.39099997;0.2;0.249;0.34
0.39099997;0.2;0.249;0.34
0.39;0.2;0.249;0.34
0.39;0.2;0.249;0.34
0.39;0.2;0.249;0.34
0.38900003;0.2;0.249;0.34
0.39;0.2;0.249;0.34
0.39;0.2;0.249;0.34
0.38900003;0.2;0.249;0.34
0.38900003;0.2;0.249;0.34
0.38799998;0.2;0.249;0.34
0.38900003;0.2;0.249;0.34
0.38799998;0.2;0.249;0.34
0.38900003;0.2;0.249;0.34
0.38900003;0.2;0.249;0.34
0.38900003;0.2;0.248;0.34
0.38799998;0.2;0.248;0.34
0.38900003;0.2;0.248;0.34
0.38900003;0.2;0.248;0.34
0.38900003;0.2;0.248;0.34
0.38799998;0.2;0.248;0.34
0.38799998;0.2;0.248;0.34
0.39;0.2;0.248;0.34
0.39;0.2;0.248;0.34
0.39;0.2;0.249;0.34
0.39099997;0.2;0.249;0.33
0.39099997;0.2;0.249;0.33
0.39200002;0.2;0.249;0.33
0.393;0.2;0.25;0.33
0.393;0.2;0.25;0.33
0.39400002;0.2;0.25100002;0.33
0.396;0.2;0.252;0.33
0.397;0.2;0.253;0.33
0.398;0.19;0.254;0.33
0.39900002;0.19;0.255;0.33
0.4;0.2;0.255;0.33
0.4;0.19;0.256;0.33
0.401;0.19;0.256;0.33
0.404;0.19;0.257;0.33
0.405;0.19;0.259;0.33
0.405;0.19;0.259;0.33
0.407;0.19;0.26;0.32
0.406;0.19;0.26;0.32
0.408;0.19;0.261;0.32
0.41;0.19;0.261;0.32
0.409;0.19;0.261;0.32
0.41;0.19;0.262;0.32
0.412;0.19;0.26299998;0.32
0.413;0.19;0.264;0.32
0.414;0.19;0.265;0.32
0.413;0.19;0.265;0.32
0.414;0.19;0.266;0.32
0.41599998;0.19;0.26700002;0.32
0.415;0.19;0.26700002;0.32
0.41599998;0.19;0.26700002;0.32
0.41900003;0.19;0.268;0.32
0.41900003;0.19;0.269;0.32
0.41900003;0.19;0.27;0.32
0.42200002;0.19;0.27;0.32
0.42099997;0.19;0.271;0.32
0.42099997;0.19;0.271;0.32
0.42099997;0.19;0.272;0.32
0.42099997;0.19;0.272;0.32
0.42200002;0.19;0.273;0.32
0.42299998;0.19;0.273;0.32
0.42200002;0.19;0.273;0.32
0.42299998;0.19;0.274;0.32
0.42299998;0.19;0.274;0.32
0.42400002;0.19;0.275;0.32
0.42400002;0.19;0.275;0.32
0.42400002;0.19;0.276;0.32
0.42400002;0.19;0.276;0.32
0.42400002;0.19;0.277;0.32
0.42400002;0.19;0.277;0.32
0.42400002;0.19;0.277;0.32
0.425;0.19;0.278;0.32
0.425;0.19;0.278;0.32
0.42400002;0.19;0.27899998;0.31
0.42299998;0.19;0.27899998;0.31
0.42400002;0.19;0.27899998;0.31
0.42400002;0.19;0.28;0.31
0.42400002;0.19;0.28;0.31
0.42400002;0.19;0.28;0.31
0.42299998;0.19;0.28100002;0.31
0.42400002;0.19;0.28100002;0.31
0.42400002;0.19;0.28100002;0.31
0.42299998;0.19;0.282;0.31
0.42299998;0.19;0.282;0.31
0.42299998;0.19;0.282;0.31
0.42299998;0.19;0.282;0.31
0.42400002;0.19;0.282;0.31
0.42400002;0.19;0.282;0.31
0.42400002;0.19;0.283;0.31
0.42400002;0.19;0.283;0.31
0.425;0.19;0.283;0.31
0.42400002;0.19;0.283;0.31
0.42400002;0.19;0.283;0.31
0.42400002;0.19;0.283;0.31
0.425;0.19;0.283;0.31
0.42400002;0.19;0.284;0.31
0.42400002;0.19;0.284;0.31
0.42400002;0.19;0.284;0.31
0.42400002;0.19;0.284;0.31
0.425;0.19;0.284;0.31
0.42400002;0.19;0.284;0.31
0.42400002;0.19;0.284;0.31
0.42400002;0.19;0.284;0.31
0.42400002;0.19;0.284;0.31
0.42299998;0.19;0.284;0.31
0.42400002;0.19;0.284;0.31
0.42200002;0.19;0.284;0.31
0.42299998;0.19;0.284;0.31
0.42299998;0.19;0.284;0.31
0.42200002;0.19;0.284;0.31
0.42200002;0.19;0.284;0.31
0.42200002;0.19;0.284;0.31
0.42200002;0.19;0.283;0.31
0.42200002;0.19;0.283;0.31
0.42099997;0.19;0.283;0.31
0.42099997;0.19;0.283;0.31
0.42099997;0.19;0.283;0.31
0.42099997;0.19;0.282;0.31
0.42;0.19;0.282;0.31
0.42099997;0.19;0.282;0.31
0.42;0.19;0.282;0.31
0.42;0.19;0.282;0.31
0.42;0.19;0.28100002;0.31
0.42;0.19;0.28100002;0.31
0.41900003;0.19;0.28100002;0.31
0.41900003;0.2;0.28;0.31
0.41799998;0.2;0.28;0.31
0.41900003;0.19;0.28;0.31
0.41799998;0.19;0.28;0.31
0.41799998;0.19;0.27899998;0.31
0.417;0.19;0.27899998;0.32
0.417;0.19;0.27899998;0.32
0.41599998;0.19;0.27899998;0.32
0.417;0.19;0.278;0.32
0.41599998;0.19;0.278;0.32
0.417;0.19;0.278;0.32
0.415;0.19;0.277;0.32
0.415;0.19;0.277;0.32
0.415;0.19;0.277;0.32
0.415;0.19;0.277;0.32
0.414;0.19;0.276;0.32
0.414;0.19;0.276;0.32
0.414;0.19;0.276;0.32
0.413;0.19;0.276;0.32
0.413;0.19;0.275;0.32
0.413;0.19;0.275;0.32
0.412;0.19;0.275;0.32
0.412;0.19;0.275;0.32
0.413;0.19;0.275;0.32
0.413;0.19;0.274;0.31
0.412;0.19;0.274;0.32
0.412;0.19;0.274;0.31
0.412;0.19;0.273;0.31
0.412;0.19;0.273;0.31
0.412;0.19;0.273;0.31
0.41;0.19;0.273;0.31
0.41099998;0.19;0.273;0.31
0.41;0.19;0.272;0.31
0.41;0.19;0.272;0.31
0.409;0.19;0.272;0.31
0.41;0.19;0.272;0.31
0.41;0.19;0.271;0.31
0.41;0.19;0.271;0.31
0.41;0.19;0.271;0.31
0.409;0.19;0.271;0.31
0.409;0.19;0.271;0.31
0.409;0.19;0.271;0.31
0.409;0.19;0.271;0.31
0.408;0.19;0.27;0.31
0.409;0.19;0.27;0.31
0.409;0.19;0.27;0.31
0.41;0.19;0.27;0.31
0.408;0.19;0.27;0.31
0.408;0.19;0.27;0.31
0.408;0.19;0.27;0.31
0.408;0.19;0.269;0.31
0.407;0.19;0.269;0.31
0.407;0.19;0.269;0.31
0.407;0.19;0.269;0.31
0.407;0.19;0.268;0.31
0.405;0.19;0.266;0.31
0.405;0.19;0.266;0.31
0.405;0.19;0.266;0.31
0.405;0.19;0.265;0.31
0.404;0.19;0.265;0.31
0.404;0.19;0.265;0.31
0.404;0.19;0.265;0.31
0.404;0.19;0.265;0.31
0.405;0.19;0.264;0.31
0.403;0.19;0.264;0.31
0.403;0.19;0.264;0.31
0.403;0.19;0.264;0.31
0.404;0.19;0.26299998;0.31
0.403;0.19;0.26299998;0.31
0.403;0.19;0.26299998;0.31
0.403;0.19;0.26299998;0.31
0.402;0.19;0.26299998;0.31
0.402;0.19;0.26299998;0.31
0.402;0.19;0.26299998;0.31
0.402;0.19;0.262;0.31
0.402;0.19;0.262;0.31
0.401;0.19;0.262;0.31
0.402;0.19;0.262;0.31
0.402;0.19;0.262;0.31
0.402;0.19;0.262;0.31
0.401;0.19;0.262;0.31
0.401;0.19;0.262;0.31
0.402;0.19;0.262;0.31
0.402;0.19;0.261;0.31
0.402;0.19;0.261;0.31
0.401;0.19;0.261;0.31
0.366;0.19;0.21200001;0.35
0.363;0.18;0.21100001;0.34
0.365;0.18;0.21100001;0.34
0.36200002;0.18;0.21100001;0.34
0.221;0.18;0.177;0.23
0.23200001;0.18;0.177;0.23
0.201;0.18;0.142;0.27
0.21;0.18;0.142;0.27
0.186;0.18;0.111;0.31
0.168;0.19;0.087;0.35
0.16;0.2;0.068;0.38
0.152;0.2;0.053000003;0.41
0.15;0.21;0.042;0.44
0.15100001;0.21;0.042;0.44
0.148;0.21;0.033;0.46
0.148;0.21;0.029000001;0.48
0.145;0.21;0.023;0.49
0.143;0.22;0.017;0.51
0.143;0.22;0.012999999;0.52
0.143;0.22;0.012999999;0.52
0.144;0.22;0.01;0.53
0.144;0.22;0.005;0.55
0.142;0.22;0.003;0.56
0.143;0.22;0.001;0.56
0.142;0.23;0.0;0.56
0.143;0.22;0.0;0.56
0.144;0.23;0.0;0.57
0.144;0.23;0.0;0.57
0.143;0.23;-0.001;0.57
0.146;0.23;-0.001;0.58
0.144;0.23;-0.001;0.58
0.14899999;0.23;-0.002;0.59
0.145;0.23;-0.002;0.59
0.146;0.23;-0.002;0.59
0.145;0.23;-0.002;0.59
0.145;0.23;-0.002;0.59
0.144;0.23;-0.002;0.59
0.145;0.23;-0.002;0.59
0.147;0.23;-0.002;0.59
0.147;0.23;-0.002;0.59
0.146;0.23;-0.002;0.59
0.15;0.23;-0.001;0.59
0.15;0.23;0.0;0.59
0.15100001;0.23;0.0;0.59
0.153;0.23;0.0;0.59
0.154;0.23;0.0;0.59
0.154;0.23;0.001;0.59
0.154;0.23;0.001;0.59
0.156;0.23;0.001;0.59
0.156;0.23;0.002;0.58
0.156;0.23;0.002;0.58
0.158;0.23;0.002;0.58
0.159;0.23;0.003;0.58
0.158;0.23;0.003;0.58
0.158;0.23;0.004;0.58
0.158;0.23;0.004;0.58
0.159;0.23;0.004;0.57
0.161;0.22;0.005;0.57
0.161;0.23;0.005;0.57
0.162;0.22;0.005;0.57
0.16299999;0.22;0.006;0.57
0.16399999;0.22;0.006;0.56
0.16600001;0.22;0.0069999998;0.56
0.169;0.22;0.008;0.55
0.168;0.22;0.008;0.55
0.172;0.22;0.009;0.55
0.17;0.22;0.009;0.55
0.17;0.22;0.011;0.55
0.16700001;0.22;0.011;0.54
0.165;0.22;0.011;0.54
0.165;0.21;0.011;0.53
0.16399999;0.21;0.011;0.53
0.16399999;0.21;0.011;0.53
0.16299999;0.21;0.011;0.53
0.16399999;0.21;0.011;0.52
0.16299999;0.21;0.011;0.52
0.16299999;0.21;0.011;0.52
0.165;0.21;0.011;0.52
0.16299999;0.21;0.011;0.52
0.16700001;0.21;0.011;0.51
0.16600001;0.21;0.011;0.51
0.168;0.21;0.011;0.52
0.168;0.21;0.011;0.52
0.16700001;0.21;0.011;0.52
0.169;0.21;0.012;0.52
0.169;0.21;0.012;0.52
0.171;0.21;0.012;0.52
0.168;0.21;0.012999999;0.52
0.17;0.21;0.012999999;0.52
0.16700001;0.21;0.012999999;0.51
0.169;0.21;0.012999999;0.51
0.16399999;0.21;0.012999999;0.51
0.16700001;0.21;0.012999999;0.51
0.16600001;0.21;0.012999999;0.51
0.16299999;0.21;0.0139999995;0.5
0.165;0.21;0.0139999995;0.5
0.16600001;0.21;0.012999999;0.5
0.165;0.21;0.012999999;0.5
0.169;0.21;0.0139999995;0.5
0.17;0.2;0.0139999995;0.5
0.16;0.2;0.0139999995;0.5
0.165;0.21;0.012999999;0.49
0.16600001;0.2;0.012999999;0.5
0.169;0.2;0.0139999995;0.5
0.16299999;0.2;0.0139999995;0.49
0.165;0.2;0.0139999995;0.49
0.165;0.2;0.012999999;0.49
0.165;0.2;0.012999999;0.49
0.16299999;0.2;0.012999999;0.5
0.165;0.21;0.0139999995;0.5
0.165;0.2;0.0139999995;0.5
0.16700001;0.21;0.0139999995;0.5
0.165;0.21;0.0139999995;0.5
0.16600001;0.21;0.0139999995;0.5
0.165;0.21;0.012999999;0.51
0.16600001;0.21;0.012999999;0.51
0.16700001;0.21;0.012999999;0.51
0.16700001;0.21;0.012999999;0.51
0.168;0.21;0.012999999;0.51
0.16700001;0.21;0.012999999;0.51
0.16600001;0.21;0.012999999;0.51
0.16700001;0.21;0.012999999;0.51
0.16299999;0.21;0.012999999;0.51
0.16299999;0.21;0.012999999;0.51
0.16600001;0.21;0.012999999;0.51
0.168;0.21;0.012999999;0.51
0.162;0.21;0.012999999;0.51
0.165;0.21;0.012999999;0.51
0.165;0.21;0.012999999;0.51
0.28;0.29;0.111999996;0.73
0.26299998;0.3;0.111999996;0.73
0.301;0.28;0.132;0.65
0.32099998;0.27;0.147;0.61
0.315;0.27;0.147;0.61
0.33;0.26;0.16;0.57
0.341;0.25;0.171;0.54
0.346;0.25;0.18;0.52
0.352;0.25;0.188;0.5
0.35599998;0.24;0.19299999;0.48
0.35900003;0.24;0.199;0.47
0.35799998;0.24;0.199;0.47
0.36099997;0.24;0.204;0.45
0.363;0.23;0.20799999;0.44
0.36400002;0.23;0.21200001;0.43
0.366;0.23;0.215;0.43
0.367;0.23;0.21700001;0.42
0.366;0.23;0.21700001;0.42
0.367;0.23;0.219;0.41
0.368;0.23;0.221;0.41
0.368;0.23;0.221;0.41
0.36900002;0.23;0.22299999;0.41
0.371;0.23;0.22399999;0.4
0.37;0.22;0.22600001;0.4
0.371;0.22;0.22700001;0.4
0.371;0.22;0.22799999;0.4
0.373;0.22;0.229;0.4
0.372;0.22;0.229;0.4
0.372;0.22;0.229;0.39
0.375;0.22;0.23;0.39
0.374;0.22;0.231;0.39
0.376;0.22;0.231;0.39
0.374;0.22;0.23200001;0.39
0.376;0.22;0.233;0.39
0.375;0.22;0.233;0.39
0.376;0.22;0.233;0.39
0.377;0.22;0.235;0.39
0.378;0.22;0.235;0.38
0.379;0.22;0.236;0.38
0.379;0.22;0.237;0.38
0.38;0.22;0.23799999;0.38
0.38;0.22;0.23799999;0.38
0.38099998;0.22;0.239;0.38
0.38099998;0.22;0.239;0.38
0.38099998;0.22;0.24;0.38
0.382;0.22;0.24;0.38
0.382;0.22;0.24;0.38
0.382;0.22;0.24;0.38
0.382;0.22;0.241;0.38
0.384;0.22;0.241;0.37
0.382;0.22;0.241;0.37
0.383;0.22;0.24200001;0.37
0.384;0.22;0.24200001;0.37
0.384;0.22;0.24200001;0.37
0.384;0.22;0.24200001;0.37
0.384;0.22;0.24200001;0.37
0.384;0.22;0.24299999;0.37
0.38599998;0.22;0.24299999;0.37
0.385;0.22;0.24299999;0.37
0.385;0.22;0.24299999;0.37
0.384;0.22;0.24299999;0.37
0.384;0.22;0.24299999;0.37
0.384;0.22;0.24299999;0.37
0.383;0.22;0.24299999;0.37
0.384;0.22;0.24299999;0.37
0.384;0.22;0.24299999;0.37
0.385;0.22;0.244;0.37
0.385;0.22;0.244;0.37
0.385;0.22;0.244;0.37
0.38599998;0.22;0.244;0.37
0.38599998;0.21;0.245;0.37
0.385;0.22;0.245;0.37
0.38599998;0.22;0.245;0.37
0.387;0.22;0.245;0.37
0.38599998;0.22;0.245;0.37
0.38599998;0.22;0.245;0.37
0.385;0.21;0.245;0.37
0.387;0.21;0.246;0.37
0.38599998;0.22;0.246;0.37
0.387;0.22;0.246;0.37
0.38799998;0.22;0.246;0.37
0.38799998;0.22;0.246;0.37
0.387;0.22;0.246;0.37
0.387;0.22;0.24700001;0.37
0.38799998;0.22;0.24700001;0.37
0.38900003;0.22;0.24700001;0.37
0.39099997;0.21;0.248;0.37
0.39200002;0.22;0.248;0.37
0.38900003;0.22;0.248;0.37
0.38900003;0.21;0.248;0.37
0.39;0.22;0.248;0.37
0.39;0.21;0.249;0.37
0.38900003;0.21;0.249;0.37
0.38799998;0.21;0.249;0.37
0.39;0.21;0.249;0.37
0.39;0.21;0.249;0.37
0.38900003;0.21;0.249;0.37
0.38799998;0.21;0.249;0.36
0.38799998;0.21;0.249;0.36
0.38900003;0.21;0.25;0.36
0.39;0.21;0.25;0.36
0.39099997;0.21;0.25;0.36
0.39200002;0.21;0.25;0.36
0.39099997;0.21;0.25;0.36
0.39099997;0.21;0.25;0.36
0.39;0.21;0.25;0.36
0.38900003;0.21;0.25;0.36
0.39099997;0.21;0.25100002;0.36
0.39099997;0.21;0.25100002;0.36
0.39099997;0.21;0.25100002;0.36
0.39099997;0.21;0.25100002;0.36
0.39099997;0.21;0.25100002;0.36
0.39099997;0.21;0.25100002;0.36
0.39099997;0.21;0.252;0.36
0.39200002;0.21;0.252;0.36
0.39200002;0.21;0.252;0.36
0.39200002;0.21;0.252;0.36
0.39200002;0.21;0.252;0.36
0.39200002;0.21;0.252;0.36
0.39099997;0.21;0.252;0.36
0.39200002;0.21;0.252;0.36
0.39200002;0.21;0.252;0.36
0.39200002;0.21;0.253;0.36
0.393;0.21;0.253;0.36
0.393;0.21;0.253;0.36
0.393;0.21;0.253;0.36
0.39400002;0.21;0.253;0.36
0.39200002;0.21;0.253;0.36
0.39400002;0.21;0.253;0.36
0.393;0.21;0.254;0.35
0.393;0.21;0.254;0.35
0.393;0.21;0.254;0.35
0.393;0.21;0.254;0.35
0.39400002;0.21;0.254;0.35
0.393;0.21;0.254;0.35
0.39400002;0.21;0.255;0.35
0.39400002;0.21;0.255;0.35
0.39400002;0.21;0.255;0.35
0.39900002;0.21;0.255;0.35
0.398;0.21;0.255;0.35
0.396;0.21;0.255;0.35
0.397;0.21;0.256;0.35
0.396;0.21;0.256;0.35
0.397;0.21;0.256;0.35
0.396;0.21;0.256;0.35
0.396;0.21;0.256;0.35
0.396;0.21;0.256;0.35
0.396;0.21;0.256;0.35
0.396;0.21;0.256;0.35
0.396;0.21;0.256;0.35
0.396;0.21;0.257;0.35
0.395;0.21;0.257;0.35
0.396;0.21;0.257;0.35
0.397;0.21;0.257;0.35
0.396;0.21;0.257;0.35
0.396;0.21;0.257;0.35
0.396;0.21;0.257;0.35
0.397;0.21;0.257;0.35
0.396;0.21;0.257;0.35
0.396;0.21;0.257;0.35
0.397;0.21;0.257;0.35
0.396;0.21;0.257;0.35
0.396;0.21;0.257;0.35
0.396;0.21;0.257;0.35
0.395;0.21;0.257;0.35
0.397;0.21;0.257;0.35
0.397;0.21;0.257;0.35
0.397;0.21;0.257;0.35
0.396;0.21;0.257;0.35
0.396;0.21;0.257;0.35
0.397;0.21;0.257;0.35
0.397;0.21;0.257;0.35
0.397;0.21;0.257;0.35
0.397;0.21;0.257;0.35
0.397;0.21;0.257;0.35
0.397;0.21;0.257;0.35
0.397;0.21;0.257;0.35
0.397;0.21;0.257;0.35
0.397;0.21;0.258;0.35
0.398;0.21;0.258;0.35
0.397;0.21;0.258;0.35
0.397;0.21;0.258;0.35
0.397;0.21;0.258;0.35
0.397;0.21;0.258;0.35
0.397;0.21;0.258;0.35
0.397;0.21;0.258;0.34
0.397;0.21;0.258;0.34
0.397;0.21;0.258;0.34
0.397;0.21;0.258;0.34
0.397;0.21;0.258;0.34
0.397;0.21;0.258;0.34
0.397;0.21;0.258;0.34
0.396;0.21;0.257;0.34
0.397;0.21;0.257;0.34
0.396;0.21;0.257;0.34
0.397;0.21;0.257;0.34
0.396;0.21;0.256;0.34
0.397;0.21;0.256;0.34
0.396;0.21;0.256;0.34
0.396;0.21;0.256;0.34
0.396;0.21;0.256;0.34
0.395;0.21;0.256;0.35
0.395;0.2;0.255;0.35
0.395;0.21;0.255;0.35
0.396;0.21;0.255;0.35
0.395;0.21;0.255;0.35
0.396;0.21;0.255;0.35
0.395;0.21;0.255;0.35
0.395;0.2;0.255;0.35
0.39400002;0.21;0.255;0.34
0.39400002;0.2;0.255;0.35
0.395;0.21;0.255;0.34
0.395;0.2;0.255;0.34
0.395;0.2;0.254;0.34
0.395;0.2;0.254;0.34
0.395;0.2;0.254;0.34
0.395;0.2;0.254;0.34
0.393;0.2;0.254;0.34
0.395;0.2;0.254;0.34
0.393;0.2;0.254;0.34
0.39400002;0.2;0.254;0.34
0.39400002;0.2;0.254;0.34
0.39400002;0.2;0.254;0.34
0.39400002;0.2;0.254;0.34
0.39400002;0.2;0.254;0.34
0.39400002;0.2;0.253;0.34
0.393;0.2;0.253;0.34
0.39400002;0.2;0.253;0.34
0.39400002;0.2;0.253;0.34
0.39400002;0.2;0.253;0.34
0.39400002;0.2;0.253;0.34
0.39400002;0.2;0.253;0.34
0.39400002;0.2;0.253;0.34
0.39400002;0.2;0.253;0.34
0.393;0.2;0.253;0.34
0.393;0.2;0.253;0.34
0.39400002;0.2;0.253;0.34
0.39200002;0.2;0.252;0.34
0.39200002;0.2;0.252;0.34
0.39400002;0.2;0.252;0.34
0.393;0.2;0.252;0.34
0.393;0.2;0.252;0.34
0.393;0.2;0.252;0.34
0.39200002;0.2;0.252;0.34
0.39200002;0.2;0.252;0.34
0.393;0.2;0.252;0.34
0.39200002;0.2;0.252;0.34
0.39099997;0.2;0.252;0.34
0.39200002;0.2;0.252;0.34
0.39200002;0.2;0.25100002;0.34
0.39200002;0.2;0.25100002;0.34
0.39099997;0.2;0.25100002;0.34
0.39200002;0.2;0.25100002;0.34
0.39099997;0.2;0.25100002;0.34
0.39200002;0.2;0.25100002;0.34
0.39099997;0.2;0.25100002;0.34
0.39200002;0.2;0.25100002;0.34
0.39200002;0.2;0.25100002;0.34
0.39200002;0.2;0.25100002;0.34
0.39099997;0.2;0.25100002;0.34
0.39200002;0.2;0.25100002;0.34
0.39099997;0.2;0.25100002;0.34
0.39099997;0.2;0.25100002;0.34
0.39200002;0.2;0.25100002;0.34
0.39099997;0.2;0.25100002;0.34
0.39099997;0.2;0.25;0.34
0.39;0.2;0.25;0.34
0.39099997;0.2;0.25;0.34
0.39099997;0.2;0.25;0.34
0.39;0.2;0.25;0.34
0.39;0.2;0.25;0.34
0.39099997;0.2;0.25;0.34
0.39099997;0.2;0.25;0.34
0.39200002;0.2;0.25;0.34
0.39;0.2;0.25;0.34
0.39099997;0.2;0.25;0.34
0.39;0.2;0.25;0.34
0.39099997;0.2;0.25;0.34
0.39;0.2;0.25;0.34
0.39099997;0.2;0.25;0.34
0.38900003;0.2;0.249;0.34
0.39;0.2;0.249;0.34
0.39;0.2;0.249;0.34
0.39;0.2;0.249;0.34
0.393;0.2;0.249;0.34
0.395;0.2;0.249;0.34
0.39099997;0.2;0.249;0.34
0.39;0.2;0.249;0.34
0.39099997;0.2;0.249;0.34
0.39;0.2;0.249;0.34
0.39;0.2;0.249;0.34
0.393;0.2;0.249;0.34
0.39200002;0.2;0.249;0.34
0.39099997;0.2;0.249;0.34
0.39;0.2;0.249;0.34
0.38900003;0.2;0.249;0.34
0.39;0.2;0.249;0.34
0.39099997;0.2;0.249;0.34
0.39;0.2;0.249;0.34
0.38900003;0.2;0.249;0.34
0.39200002;0.2;0.249;0.34
0.407;0.19;0.266;0.31
0.407;0.19;0.266;0.31
0.407;0.19;0.266;0.31
0.406;0.19;0.266;0.31
0.405;0.19;0.265;0.31
0.405;0.19;0.265;0.31
0.404;0.19;0.265;0.31
0.403;0.19;0.265;0.31
0.405;0.19;0.265;0.31
0.404;0.19;0.264;0.31
0.404;0.19;0.264;0.31
0.404;0.19;0.264;0.31
0.404;0.19;0.264;0.31
0.403;0.19;0.26299998;0.31
0.402;0.19;0.26299998;0.31
0.402;0.19;0.26299998;0.31
0.403;0.19;0.26299998;0.31
0.403;0.19;0.26299998;0.31
0.403;0.19;0.26299998;0.31
0.403;0.19;0.26299998;0.31
0.402;0.19;0.262;0.31
0.403;0.19;0.262;0.31
0.402;0.19;0.262;0.31
0.402;0.19;0.262;0.31
0.401;0.19;0.262;0.31
0.402;0.19;0.262;0.31
0.401;0.19;0.262;0.31
0.402;0.19;0.262;0.31
0.402;0.19;0.261;0.31
0.402;0.19;0.261;0.31
0.402;0.19;0.261;0.31
0.4;0.19;0.261;0.31
0.39900002;0.19;0.256;0.31
0.39400002;0.19;0.25100002;0.31
0.39200002;0.19;0.248;0.32
0.38799998;0.19;0.245;0.32
0.39;0.19;0.245;0.32
0.38799998;0.19;0.24200001;0.32
0.376;0.19;0.213;0.34
0.373;0.19;0.21200001;0.35
0.37;0.19;0.21200001;0.35
0.372;0.19;0.213;0.35
0.37;0.19;0.213;0.35
0.37;0.19;0.21100001;0.34
0.36400002;0.19;0.21;0.34
0.365;0.19;0.20899999;0.34
0.36200002;0.19;0.20899999;0.34
0.363;0.19;0.20899999;0.34
0.36200002;0.19;0.20899999;0.34
0.36200002;0.19;0.20899999;0.34
0.363;0.19;0.21;0.34
0.363;0.19;0.21;0.34
0.36400002;0.19;0.21;0.34
0.363;0.19;0.21100001;0.34
0.363;0.19;0.21100001;0.34
0.363;0.19;0.21100001;0.34
0.363;0.19;0.21100001;0.34
0.363;0.19;0.21100001;0.34
0.363;0.19;0.21100001;0.34
0.36200002;0.19;0.21100001;0.34
0.363;0.19;0.21100001;0.34
0.363;0.19;0.21100001;0.34
0.36200002;0.19;0.21100001;0.34
0.36200002;0.19;0.21100001;0.34
0.36400002;0.19;0.21100001;0.34
0.363;0.19;0.21100001;0.34
0.221;0.17;0.177;0.23
0.231;0.17;0.177;0.23
0.21200001;0.17;0.142;0.27
0.184;0.18;0.111;0.31
0.168;0.19;0.087;0.35
0.162;0.19;0.068;0.38
0.156;0.2;0.053000003;0.41
0.156;0.2;0.042;0.44
0.15;0.2;0.033;0.46
0.15;0.2;0.029000001;0.48
0.145;0.21;0.023;0.49
0.143;0.21;0.017;0.51
0.143;0.21;0.012999999;0.52
0.143;0.21;0.012999999;0.52
0.142;0.22;0.01;0.53
0.141;0.22;0.0069999998;0.54
0.143;0.22;0.005;0.55
0.141;0.22;0.001;0.56
0.14;0.22;0.0;0.56
0.14;0.22;0.0;0.56
0.145;0.22;0.0;0.57
0.142;0.22;0.0;0.57
0.145;0.22;0.0;0.57
0.14;0.23;-0.001;0.57
0.145;0.23;-0.001;0.58
0.143;0.23;-0.001;0.58
0.14899999;0.23;-0.002;0.59
0.145;0.23;-0.002;0.59
0.145;0.23;-0.002;0.59
0.144;0.23;-0.002;0.59
0.143;0.23;-0.002;0.59
0.145;0.23;-0.002;0.59
0.147;0.23;-0.002;0.59
0.146;0.23;-0.002;0.59
0.148;0.23;-0.001;0.59
0.14899999;0.23;0.0;0.59
0.14899999;0.23;0.0;0.59
0.15;0.23;0.0;0.59
0.15;0.23;0.0;0.59
0.153;0.23;0.0;0.59
0.153;0.23;0.001;0.59
0.154;0.23;0.001;0.59
0.157;0.23;0.002;0.58
0.156;0.23;0.002;0.58
0.158;0.23;0.002;0.58
0.158;0.23;0.003;0.58
0.158;0.23;0.003;0.58
0.156;0.23;0.004;0.58
0.159;0.22;0.004;0.57
0.161;0.22;0.005;0.57
0.16;0.22;0.005;0.57
0.161;0.22;0.005;0.57
0.16399999;0.22;0.006;0.57
0.16399999;0.22;0.006;0.57
0.165;0.22;0.006;0.56
0.16600001;0.22;0.0069999998;0.56
0.17;0.22;0.008;0.55
0.173;0.21;0.009;0.55
0.174;0.21;0.009;0.55
0.171;0.21;0.011;0.55
0.16700001;0.21;0.011;0.54
0.168;0.21;0.011;0.54
0.16600001;0.21;0.011;0.54
0.165;0.21;0.011;0.53
0.162;0.21;0.011;0.53
0.16299999;0.21;0.011;0.53
0.16299999;0.21;0.011;0.52
0.16299999;0.21;0.011;0.52
0.162;0.21;0.011;0.52
0.16;0.21;0.011;0.52
0.162;0.21;0.011;0.52
0.159;0.21;0.011;0.52
0.162;0.21;0.011;0.51
0.162;0.21;0.011;0.52
0.161;0.21;0.011;0.52
0.16299999;0.21;0.012;0.52
0.16299999;0.21;0.012;0.52
0.16399999;0.21;0.012;0.52
0.165;0.21;0.012;0.52
0.165;0.21;0.012999999;0.52
0.16399999;0.21;0.012999999;0.52
0.16399999;0.21;0.012999999;0.51
0.162;0.21;0.012999999;0.51
0.165;0.21;0.012999999;0.51
0.16399999;0.21;0.012999999;0.51
0.16299999;0.21;0.012999999;0.51
0.161;0.2;0.0139999995;0.5
0.161;0.2;0.0139999995;0.5
0.162;0.2;0.0139999995;0.5
0.165;0.2;0.012999999;0.5
0.16399999;0.2;0.0139999995;0.5
0.16299999;0.2;0.0139999995;0.5
0.16299999;0.2;0.0139999995;0.5
0.155;0.2;0.0139999995;0.5
0.162;0.2;0.012999999;0.49
0.159;0.2;0.012999999;0.49
0.16;0.2;0.012999999;0.5
0.162;0.2;0.0139999995;0.5
0.161;0.2;0.0139999995;0.49
0.161;0.2;0.012999999;0.49
0.16;0.2;0.012999999;0.49
0.159;0.2;0.012999999;0.5
0.161;0.2;0.0139999995;0.5
0.16;0.2;0.0139999995;0.5
0.16;0.2;0.0139999995;0.5
0.162;0.2;0.0139999995;0.5
0.161;0.21;0.0139999995;0.5
0.162;0.21;0.012999999;0.51
0.162;0.21;0.012999999;0.51
0.162;0.21;0.012999999;0.51
0.162;0.21;0.012999999;0.51
0.162;0.21;0.012999999;0.51
0.162;0.21;0.012999999;0.51
0.162;0.21;0.012999999;0.51
0.158;0.21;0.012999999;0.51
0.161;0.21;0.012999999;0.51
0.16;0.21;0.012999999;0.51
0.162;0.21;0.012999999;0.51
0.16;0.21;0.012999999;0.51
0.161;0.21;0.012999999;0.51
0.36900002;0.17;0.214;0.49
0.36900002;0.17;0.215;0.49
0.368;0.17;0.215;0.49
0.36900002;0.17;0.215;0.49
0.37;0.17;0.215;0.49
0.37;0.17;0.215;0.49
0.36900002;0.17;0.215;0.49
0.372;0.17;0.216;0.48
0.371;0.17;0.216;0.48
0.37;0.17;0.216;0.48
0.37;0.17;0.216;0.48
0.37;0.17;0.216;0.48
0.36900002;0.17;0.21700001;0.48
0.372;0.17;0.21700001;0.48
0.371;0.17;0.21700001;0.48
0.37;0.17;0.21700001;0.48
0.371;0.17;0.21700001;0.48
0.37;0.17;0.21700001;0.48
0.372;0.17;0.218;0.48
0.372;0.17;0.218;0.48
0.372;0.17;0.218;0.48
0.372;0.17;0.218;0.48
0.372;0.17;0.219;0.48
0.371;0.17;0.219;0.48
0.373;0.17;0.219;0.48
0.373;0.17;0.219;0.48
0.371;0.17;0.22;0.48
0.372;0.17;0.22;0.48
0.372;0.17;0.22;0.48
0.373;0.17;0.22;0.48
0.372;0.17;0.221;0.48
0.373;0.17;0.221;0.48
0.371;0.17;0.221;0.48
0.372;0.17;0.221;0.48
0.373;0.17;0.221;0.47
0.374;0.17;0.221;0.48
0.373;0.17;0.222;0.47
0.373;0.17;0.222;0.47
0.373;0.17;0.222;0.47
0.373;0.17;0.222;0.47
0.374;0.17;0.222;0.47
0.374;0.17;0.222;0.47
0.374;0.17;0.222;0.47
0.374;0.17;0.222;0.47
0.374;0.17;0.222;0.47
0.375;0.17;0.222;0.47
0.375;0.17;0.222;0.47
0.375;0.17;0.222;0.47
0.375;0.16;0.22299999;0.47
0.375;0.17;0.22299999;0.47
0.374;0.17;0.22299999;0.47
0.375;0.16;0.22299999;0.47
0.374;0.17;0.22299999;0.47
0.375;0.17;0.22299999;0.47
0.375;0.17;0.22299999;0.47
0.375;0.16;0.22299999;0.47
0.374;0.16;0.22399999;0.47
0.375;0.16;0.22299999;0.47
0.374;0.16;0.22399999;0.47
0.375;0.16;0.22399999;0.47
0.375;0.16;0.22399999;0.47
0.375;0.16;0.22399999;0.47
0.375;0.16;0.22399999;0.47
0.377;0.16;0.22399999;0.47
0.375;0.16;0.22399999;0.47
0.376;0.16;0.22399999;0.47
0.375;0.16;0.22399999;0.47
0.377;0.16;0.22399999;0.47
0.376;0.16;0.22399999;0.47
0.375;0.16;0.22399999;0.47
0.376;0.16;0.22399999;0.47
0.376;0.16;0.22399999;0.47
0.376;0.16;0.22399999;0.47
0.376;0.16;0.22399999;0.47
0.375;0.16;0.22399999;0.47
0.376;0.16;0.225;0.47
0.377;0.16;0.225;0.47
0.377;0.16;0.225;0.47
0.376;0.16;0.225;0.47
0.375;0.16;0.225;0.47
0.376;0.16;0.225;0.47
0.376;0.16;0.225;0.47
0.377;0.16;0.225;0.47
0.376;0.16;0.225;0.47
0.375;0.16;0.225;0.47
0.376;0.16;0.22399999;0.47
0.375;0.16;0.225;0.47
0.376;0.16;0.22399999;0.47
0.377;0.16;0.225;0.47
0.377;0.16;0.225;0.47
0.376;0.16;0.225;0.47
0.376;0.16;0.225;0.47
0.376;0.16;0.225;0.47
0.376;0.16;0.225;0.47
0.376;0.16;0.225;0.47
0.377;0.16;0.225;0.47
0.377;0.16;0.225;0.47
0.377;0.16;0.225;0.47
0.377;0.16;0.225;0.47
0.377;0.16;0.225;0.47
0.377;0.16;0.225;0.47
0.376;0.16;0.225;0.47
0.377;0.16;0.225;0.47
0.377;0.16;0.225;0.47
0.377;0.16;0.225;0.47
0.377;0.16;0.225;0.47
0.378;0.16;0.225;0.47
0.378;0.16;0.225;0.47
0.377;0.16;0.225;0.47
0.377;0.16;0.225;0.47
0.377;0.16;0.225;0.47
0.378;0.16;0.225;0.47
0.379;0.16;0.225;0.47
0.378;0.16;0.225;0.47
0.377;0.16;0.225;0.47
0.377;0.16;0.225;0.47
0.377;0.16;0.225;0.47
0.377;0.16;0.225;0.47
0.378;0.16;0.225;0.47
0.377;0.16;0.225;0.47
0.377;0.16;0.225;0.47
0.378;0.16;0.225;0.47
0.378;0.16;0.225;0.47
0.377;0.16;0.225;0.47
0.377;0.16;0.225;0.47
0.377;0.16;0.225;0.47
0.377;0.16;0.225;0.47
0.378;0.16;0.225;0.47
0.379;0.16;0.22799999;0.47
0.379;0.16;0.234;0.47
0.382;0.16;0.239;0.46
0.382;0.16;0.24200001;0.46
0.382;0.16;0.24200001;0.46
0.382;0.16;0.245;0.45
0.382;0.16;0.24700001;0.45
0.382;0.16;0.24700001;0.45
0.384;0.16;0.249;0.44
0.383;0.16;0.25;0.44
0.383;0.16;0.25;0.44
0.383;0.16;0.25;0.44
0.382;0.18;0.25;0.45
0.385;0.2;0.25;0.47
0.38599998;0.2;0.25100002;0.48
0.38599998;0.19;0.25100002;0.48
0.387;0.22;0.252;0.52
0.385;0.21;0.252;0.51
0.38599998;0.22;0.252;0.51
0.38599998;0.22;0.252;0.51
0.385;0.22;0.25100002;0.55
0.384;0.24;0.25100002;0.53
0.384;0.21;0.25;0.53
0.384;0.24;0.25;0.55
0.38599998;0.24;0.25;0.57
0.385;0.25;0.25;0.57
0.385;0.24;0.25;0.57
0.38799998;0.24;0.25100002;0.57
0.387;0.23;0.25100002;0.56
0.38599998;0.22;0.25100002;0.56
0.38599998;0.22;0.25100002;0.56
0.38599998;0.23;0.25100002;0.56
0.385;0.22;0.25;0.56
0.384;0.22;0.25;0.56
0.385;0.22;0.25;0.56
0.384;0.22;0.25;0.56
0.385;0.22;0.249;0.56
0.384;0.22;0.249;0.55
0.383;0.21;0.249;0.55
0.384;0.21;0.248;0.55
0.384;0.21;0.248;0.55
0.383;0.21;0.248;0.55
0.384;0.21;0.248;0.55
0.384;0.21;0.248;0.55
0.383;0.21;0.248;0.54
0.384;0.21;0.24700001;0.54
0.384;0.21;0.248;0.54
0.383;0.21;0.248;0.54
0.383;0.21;0.24700001;0.54
0.383;0.21;0.24700001;0.54
0.384;0.23;0.248;0.55
0.384;0.24;0.249;0.56
0.384;0.24;0.25;0.57
0.384;0.25;0.252;0.58
0.387;0.25;0.252;0.58
0.385;0.25;0.252;0.58
0.385;0.26;0.253;0.58
0.385;0.26;0.253;0.59
0.385;0.26;0.253;0.59
0.38599998;0.26;0.254;0.59
0.38599998;0.26;0.254;0.59
0.38599998;0.26;0.254;0.59
0.38599998;0.26;0.254;0.6
0.387;0.26;0.254;0.6
0.384;0.26;0.254;0.6
0.385;0.26;0.254;0.6
0.385;0.26;0.254;0.6
0.384;0.26;0.254;0.6
0.385;0.26;0.255;0.6
0.38599998;0.26;0.255;0.61
0.385;0.27;0.255;0.61
0.385;0.27;0.255;0.61
0.385;0.27;0.255;0.61
0.385;0.27;0.255;0.61
0.385;0.27;0.255;0.61
0.385;0.27;0.255;0.61
0.385;0.27;0.255;0.61
0.385;0.27;0.255;0.61
0.38599998;0.26;0.255;0.61
0.387;0.26;0.255;0.61
0.385;0.26;0.255;0.61
0.38599998;0.26;0.255;0.61
0.38599998;0.26;0.255;0.61
0.387;0.26;0.255;0.61
0.38599998;0.26;0.255;0.61
0.38599998;0.26;0.255;0.61
0.38599998;0.26;0.255;0.61
0.385;0.26;0.255;0.61
0.38599998;0.26;0.255;0.61
0.38599998;0.26;0.255;0.61
0.38599998;0.26;0.254;0.61
0.38599998;0.26;0.254;0.61
0.385;0.26;0.254;0.61
0.384;0.26;0.254;0.61
0.38599998;0.26;0.254;0.61
0.38599998;0.26;0.254;0.61
0.385;0.26;0.254;0.61
0.38599998;0.26;0.254;0.61
0.385;0.26;0.254;0.61
0.385;0.26;0.254;0.61
0.385;0.26;0.254;0.61
0.385;0.26;0.254;0.61
0.385;0.26;0.254;0.61
0.38599998;0.26;0.254;0.61
0.387;0.26;0.254;0.6
0.387;0.26;0.254;0.6
0.38599998;0.26;0.254;0.6
0.387;0.25;0.254;0.6
0.38599998;0.26;0.254;0.6
0.38599998;0.26;0.254;0.6
0.385;0.26;0.254;0.6
0.38599998;0.26;0.254;0.61
0.385;0.26;0.254;0.61
0.38599998;0.26;0.254;0.61
0.385;0.26;0.254;0.61
0.38599998;0.26;0.254;0.61
0.385;0.26;0.254;0.61
0.385;0.26;0.254;0.61
0.385;0.26;0.254;0.61
0.38599998;0.25;0.254;0.59
0.38599998;0.25;0.254;0.6
0.385;0.26;0.254;0.6
0.385;0.26;0.254;0.61
0.385;0.26;0.254;0.61
0.385;0.26;0.254;0.61
0.38599998;0.26;0.254;0.61
0.38599998;0.26;0.254;0.61
0.385;0.26;0.254;0.61
0.385;0.26;0.254;0.61
0.38599998;0.26;0.254;0.61
0.385;0.26;0.254;0.61
0.38599998;0.26;0.254;0.61
0.385;0.26;0.254;0.61
0.38599998;0.26;0.254;0.61
0.384;0.26;0.254;0.61
0.385;0.26;0.254;0.61
0.385;0.26;0.254;0.61
0.38599998;0.26;0.254;0.61
0.385;0.26;0.254;0.61
0.385;0.26;0.254;0.61
0.385;0.26;0.254;0.6
0.383;0.26;0.254;0.6
0.38599998;0.26;0.254;0.6
0.384;0.26;0.254;0.6
0.384;0.25;0.254;0.6
0.385;0.25;0.254;0.6
0.383;0.25;0.254;0.6
0.384;0.25;0.254;0.6
0.385;0.25;0.254;0.6
0.385;0.25;0.254;0.6
0.385;0.25;0.254;0.6
0.384;0.25;0.255;0.6
0.384;0.25;0.254;0.6
0.384;0.25;0.254;0.6
0.384;0.25;0.255;0.6
0.38599998;0.25;0.255;0.6
0.384;0.25;0.255;0.6
0.38599998;0.25;0.255;0.59
0.38599998;0.25;0.255;0.59
0.385;0.25;0.255;0.59
0.385;0.25;0.255;0.59
0.385;0.25;0.255;0.59
0.38599998;0.25;0.255;0.59
0.387;0.25;0.255;0.59
0.38599998;0.25;0.256;0.59
0.387;0.25;0.256;0.59
0.38599998;0.25;0.256;0.59
0.385;0.25;0.256;0.59
0.38599998;0.25;0.256;0.59
0.38599998;0.25;0.256;0.59
0.387;0.25;0.256;0.59
0.38599998;0.25;0.256;0.59
0.38599998;0.25;0.257;0.59
0.387;0.25;0.257;0.59
0.387;0.25;0.256;0.59
0.387;0.25;0.257;0.58
0.387;0.25;0.257;0.58
0.38599998;0.24;0.257;0.58
0.387;0.24;0.257;0.58
0.387;0.24;0.257;0.58
0.387;0.24;0.257;0.58
0.387;0.24;0.257;0.58
0.38599998;0.24;0.257;0.58
0.38799998;0.24;0.257;0.58
0.387;0.24;0.257;0.58
0.38599998;0.24;0.257;0.58
0.38799998;0.24;0.257;0.58
0.387;0.24;0.258;0.58
0.38799998;0.24;0.258;0.58
0.387;0.24;0.258;0.58
0.387;0.24;0.258;0.57
0.387;0.24;0.257;0.57
0.387;0.24;0.257;0.57
0.38799998;0.24;0.258;0.57
0.387;0.24;0.258;0.57
0.38799998;0.24;0.258;0.57
0.38799998;0.24;0.258;0.57
0.38799998;0.23;0.258;0.56
0.38799998;0.23;0.258;0.56
0.38799998;0.23;0.258;0.56
0.38799998;0.23;0.258;0.56
0.38799998;0.23;0.258;0.56
0.387;0.23;0.258;0.56
0.387;0.23;0.258;0.56
0.387;0.23;0.258;0.56
0.387;0.23;0.258;0.56
0.38799998;0.23;0.258;0.56
0.38799998;0.23;0.258;0.56
0.38799998;0.23;0.258;0.56
0.38799998;0.23;0.258;0.56
0.38799998;0.23;0.258;0.56
0.38799998;0.23;0.258;0.56
0.38799998;0.23;0.258;0.56
0.38799998;0.23;0.258;0.56
0.38799998;0.23;0.258;0.56
0.38799998;0.23;0.258;0.55
0.38799998;0.23;0.258;0.55
0.38799998;0.23;0.259;0.55
0.38900003;0.23;0.258;0.55
0.38799998;0.23;0.259;0.55
0.38900003;0.22;0.259;0.55
0.39;0.22;0.258;0.55
0.38900003;0.22;0.258;0.54
0.38900003;0.22;0.259;0.54
0.38900003;0.22;0.259;0.54
0.38900003;0.22;0.259;0.54
0.38900003;0.22;0.259;0.54
0.38900003;0.22;0.259;0.54
0.38900003;0.22;0.259;0.54
0.39;0.22;0.259;0.54
0.38799998;0.22;0.259;0.54
0.38900003;0.22;0.259;0.54
0.38900003;0.22;0.259;0.54
0.38900003;0.22;0.259;0.54
0.38900003;0.22;0.259;0.53
0.39;0.22;0.258;0.53
0.38799998;0.22;0.259;0.53
0.38900003;0.22;0.258;0.53
0.39;0.22;0.259;0.53
0.38900003;0.22;0.258;0.53
0.39;0.21;0.258;0.53
0.38900003;0.21;0.258;0.53
0.38900003;0.21;0.258;0.53
0.39;0.21;0.258;0.53
0.38900003;0.21;0.258;0.53
0.38900003;0.21;0.257;0.53
0.38799998;0.21;0.257;0.52
0.38900003;0.21;0.257;0.52
0.38799998;0.21;0.257;0.52
0.38799998;0.21;0.257;0.52
0.38799998;0.21;0.257;0.52
0.38799998;0.21;0.257;0.52
0.387;0.21;0.257;0.52
0.387;0.21;0.257;0.52
0.38799998;0.21;0.257;0.52
0.38799998;0.21;0.257;0.52
0.38799998;0.21;0.257;0.52
0.38799998;0.21;0.257;0.52
0.387;0.21;0.256;0.52
0.38900003;0.21;0.256;0.52
0.38799998;0.21;0.256;0.52
0.387;0.21;0.256;0.52
0.387;0.21;0.256;0.52
0.387;0.21;0.256;0.52
0.387;0.21;0.256;0.52
0.387;0.21;0.255;0.52
0.387;0.21;0.255;0.52
0.387;0.21;0.255;0.51
0.387;0.21;0.255;0.51
0.387;0.21;0.254;0.51
0.38599998;0.21;0.254;0.51
0.385;0.21;0.254;0.51
0.38599998;0.21;0.254;0.51
0.385;0.21;0.254;0.51
0.385;0.21;0.254;0.51
0.38599998;0.2;0.253;0.51
0.385;0.2;0.253;0.51
0.385;0.2;0.253;0.51
0.385;0.2;0.253;0.51
0.384;0.2;0.253;0.51
0.384;0.2;0.253;0.51
0.384;0.2;0.252;0.51
0.384;0.2;0.252;0.51
0.384;0.2;0.252;0.51
0.384;0.2;0.252;0.51
0.384;0.2;0.252;0.51
0.385;0.2;0.252;0.51
0.385;0.2;0.25100002;0.51
0.384;0.2;0.25100002;0.51
0.384;0.2;0.25100002;0.51
0.383;0.2;0.25;0.51
0.384;0.2;0.25;0.51
0.382;0.2;0.25;0.51
0.383;0.2;0.25;0.51
0.383;0.2;0.25;0.5
0.38099998;0.2;0.249;0.5
0.38099998;0.2;0.249;0.5
0.382;0.2;0.249;0.5
0.38;0.2;0.248;0.5
0.38099998;0.2;0.248;0.5
0.38099998;0.2;0.248;0.5
0.38099998;0.2;0.248;0.5
0.38099998;0.2;0.248;0.5
0.38099998;0.2;0.24700001;0.5
0.38099998;0.2;0.24700001;0.5
0.38099998;0.2;0.24700001;0.5
0.38099998;0.2;0.24700001;0.5
0.38;0.2;0.24700001;0.5
0.38;0.2;0.246;0.5
0.38099998;0.2;0.246;0.5
0.38;0.19;0.246;0.5
0.38099998;0.19;0.246;0.5
0.38;0.19;0.246;0.5
0.38;0.19;0.245;0.5
0.379;0.19;0.245;0.5
0.378;0.19;0.245;0.5
0.38;0.19;0.245;0.5
0.378;0.19;0.244;0.5
0.379;0.19;0.244;0.5
0.379;0.19;0.244;0.5
0.378;0.19;0.244;0.5
0.378;0.19;0.24299999;0.5
0.379;0.19;0.24299999;0.49
0.378;0.19;0.24299999;0.49
0.377;0.19;0.24299999;0.5
0.378;0.19;0.24299999;0.49
0.378;0.19;0.24299999;0.49
0.377;0.19;0.24299999;0.49
0.377;0.19;0.24200001;0.49
0.377;0.19;0.24200001;0.49
0.377;0.19;0.24200001;0.49
0.377;0.19;0.24200001;0.49
0.377;0.19;0.24200001;0.49
0.376;0.19;0.24200001;0.49
0.377;0.19;0.24200001;0.49
0.377;0.19;0.24200001;0.49
0.377;0.19;0.24200001;0.49
0.376;0.19;0.241;0.49
0.376;0.19;0.241;0.49
0.375;0.19;0.241;0.49
0.375;0.19;0.241;0.49
0.375;0.19;0.24;0.49
0.375;0.19;0.24;0.49
0.376;0.19;0.24;0.49
0.375;0.19;0.239;0.49
0.373;0.19;0.239;0.49
0.375;0.19;0.23799999;0.49
0.373;0.19;0.23799999;0.49
0.372;0.19;0.237;0.49
0.373;0.19;0.237;0.49
0.373;0.19;0.237;0.49
0.372;0.19;0.237;0.49
0.372;0.19;0.236;0.49
0.372;0.19;0.236;0.49
0.372;0.19;0.236;0.48
0.372;0.19;0.236;0.49
0.371;0.19;0.236;0.49
0.372;0.19;0.235;0.49
0.372;0.19;0.235;0.49
0.372;0.18;0.235;0.49
0.371;0.19;0.235;0.49
0.371;0.19;0.235;0.49
0.372;0.19;0.235;0.49
0.371;0.19;0.235;0.48
0.372;0.18;0.234;0.49
0.372;0.18;0.234;0.49
0.372;0.18;0.234;0.48
0.372;0.18;0.234;0.48
0.371;0.18;0.234;0.48
0.371;0.18;0.234;0.48
0.371;0.18;0.234;0.48
0.371;0.18;0.233;0.48
0.37;0.18;0.233;0.48
0.372;0.18;0.233;0.48
0.371;0.18;0.233;0.48
0.37;0.18;0.233;0.48
0.37;0.18;0.233;0.48
0.371;0.18;0.23200001;0.48
0.371;0.18;0.23200001;0.48
0.36900002;0.18;0.23200001;0.48
0.36900002;0.18;0.23200001;0.48
0.37;0.18;0.23200001;0.48
0.368;0.18;0.23200001;0.48
0.368;0.18;0.23200001;0.48
0.36900002;0.18;0.23200001;0.48
0.36900002;0.18;0.231;0.48
0.36900002;0.18;0.231;0.48
0.36900002;0.18;0.231;0.48
0.36900002;0.18;0.231;0.48
0.36900002;0.18;0.231;0.48
0.37;0.18;0.231;0.48
0.36900002;0.18;0.231;0.48
0.368;0.18;0.231;0.48
0.36900002;0.18;0.231;0.48
0.36900002;0.18;0.231;0.48
0.36900002;0.18;0.231;0.48
0.368;0.18;0.231;0.48
0.368;0.18;0.23;0.48
0.368;0.18;0.23;0.48
0.368;0.18;0.23;0.48
0.367;0.18;0.23;0.48
0.368;0.18;0.23;0.48
0.36900002;0.18;0.23;0.48
0.367;0.18;0.229;0.48
0.368;0.18;0.229;0.48
0.366;0.18;0.229;0.48
0.367;0.18;0.229;0.48
0.367;0.18;0.229;0.48
0.367;0.18;0.229;0.48
0.367;0.18;0.229;0.48
0.367;0.18;0.22799999;0.48
0.366;0.18;0.22799999;0.48
0.366;0.18;0.22799999;0.48
0.367;0.18;0.22799999;0.48
0.366;0.18;0.22799999;0.48
0.366;0.18;0.22799999;0.48
0.366;0.18;0.22799999;0.48
0.366;0.18;0.22799999;0.48
0.366;0.18;0.22799999;0.48
0.366;0.18;0.22799999;0.48
0.366;0.18;0.22700001;0.48
0.365;0.18;0.22700001;0.48
0.367;0.18;0.22700001;0.48
0.365;0.18;0.22700001;0.48
0.366;0.18;0.22700001;0.48
0.366;0.18;0.22700001;0.48
0.365;0.18;0.22700001;0.48
0.366;0.18;0.22700001;0.48
0.365;0.18;0.22700001;0.48
0.36400002;0.18;0.22600001;0.48
0.365;0.18;0.22600001;0.48
0.36400002;0.18;0.22600001;0.48
0.365;0.18;0.22600001;0.48
0.365;0.18;0.22600001;0.48
0.365;0.18;0.22600001;0.48
0.365;0.18;0.22600001;0.48
0.365;0.18;0.22600001;0.48
0.365;0.18;0.225;0.48
0.36400002;0.18;0.225;0.48
0.36400002;0.18;0.225;0.48
0.365;0.18;0.225;0.48
0.365;0.18;0.225;0.48
0.36400002;0.18;0.225;0.48
0.36400002;0.18;0.225;0.48
0.36400002;0.18;0.22399999;0.48
0.36400002;0.18;0.22399999;0.48
0.36400002;0.18;0.22399999;0.48
0.36400002;0.18;0.22399999;0.48
0.365;0.18;0.22399999;0.48
0.36400002;0.18;0.22399999;0.48
0.36400002;0.18;0.22399999;0.48
0.36400002;0.18;0.22399999;0.48
0.36400002;0.18;0.22399999;0.48
0.363;0.18;0.22399999;0.48
0.363;0.18;0.22299999;0.48
0.36200002;0.18;0.22299999;0.48
0.363;0.18;0.22299999;0.48
0.36200002;0.18;0.22299999;0.48
0.36200002;0.18;0.22299999;0.48
0.363;0.18;0.22299999;0.48
0.36200002;0.18;0.22299999;0.48
0.36200002;0.18;0.222;0.48
0.36200002;0.17;0.222;0.48
0.36099997;0.17;0.222;0.48
0.36200002;0.17;0.222;0.47
0.36099997;0.17;0.221;0.47
0.36099997;0.17;0.221;0.47
0.36099997;0.17;0.221;0.47
0.36099997;0.17;0.221;0.47
0.36099997;0.17;0.221;0.47
0.36;0.17;0.22;0.47
0.36099997;0.17;0.22;0.47
0.35900003;0.17;0.22;0.47
0.36;0.17;0.22;0.47
0.36;0.17;0.22;0.47
0.36;0.17;0.219;0.47
0.35900003;0.17;0.219;0.47
0.35900003;0.17;0.219;0.47
0.35900003;0.17;0.219;0.47
0.36;0.17;0.219;0.47
0.35900003;0.17;0.219;0.47
0.35900003;0.17;0.219;0.47
0.35900003;0.17;0.219;0.47
0.35900003;0.17;0.219;0.47
0.35900003;0.17;0.218;0.47
0.36;0.17;0.218;0.47
0.35900003;0.17;0.218;0.47
0.35799998;0.17;0.218;0.47
0.35900003;0.17;0.218;0.47
0.35900003;0.17;0.218;0.47
0.36;0.17;0.218;0.46
0.35900003;0.17;0.218;0.46
0.35799998;0.17;0.218;0.46
0.35799998;0.17;0.218;0.46
0.35900003;0.17;0.218;0.46
0.35799998;0.17;0.218;0.46
0.35799998;0.17;0.21700001;0.46
0.35900003;0.17;0.218;0.46
0.35799998;0.17;0.21700001;0.46
0.35900003;0.17;0.21700001;0.46
0.35799998;0.16;0.21700001;0.46
0.357;0.16;0.21700001;0.46
0.35799998;0.17;0.21700001;0.46
0.35799998;0.17;0.21700001;0.46
0.35799998;0.17;0.21700001;0.46
0.35799998;0.17;0.21700001;0.46
0.357;0.17;0.216;0.46
0.35799998;0.17;0.216;0.46
0.35799998;0.16;0.216;0.46
0.35799998;0.16;0.216;0.46
0.357;0.16;0.216;0.46
0.357;0.16;0.216;0.46
0.357;0.16;0.216;0.46
0.357;0.16;0.216;0.46
0.357;0.16;0.216;0.46
0.357;0.16;0.216;0.46
0.35799998;0.16;0.215;0.46
0.357;0.16;0.215;0.46
0.357;0.16;0.215;0.46
0.357;0.16;0.215;0.46
0.357;0.16;0.215;0.46
0.35799998;0.16;0.215;0.46
0.357;0.16;0.215;0.45
0.357;0.16;0.215;0.46
0.357;0.17;0.215;0.46
0.35599998;0.17;0.215;0.46
0.357;0.17;0.215;0.46
0.357;0.17;0.214;0.46
0.357;0.17;0.214;0.46
0.35799998;0.17;0.214;0.46
0.36099997;0.17;0.215;0.47
0.36200002;0.17;0.216;0.47
0.36200002;0.17;0.216;0.47
0.36200002;0.17;0.218;0.47
0.36099997;0.17;0.218;0.47
0.35799998;0.17;0.21700001;0.47
0.357;0.17;0.215;0.47
0.35900003;0.17;0.215;0.47
0.357;0.17;0.214;0.47
0.35599998;0.17;0.213;0.47
0.357;0.17;0.213;0.47
0.355;0.17;0.21200001;0.47
0.355;0.17;0.21200001;0.47
0.355;0.17;0.21200001;0.47
0.355;0.17;0.21100001;0.47
0.354;0.17;0.21100001;0.47
0.355;0.17;0.21100001;0.47
0.355;0.17;0.21;0.47
0.354;0.17;0.21;0.47
0.354;0.17;0.21;0.47
0.353;0.17;0.21;0.47
0.353;0.17;0.20899999;0.47
0.354;0.17;0.20899999;0.47
0.353;0.17;0.20899999;0.47
0.353;0.17;0.20899999;0.47
0.354;0.17;0.20899999;0.47
0.352;0.17;0.20899999;0.48
0.353;0.17;0.20899999;0.47
0.352;0.17;0.20799999;0.48
0.352;0.17;0.20799999;0.47
0.352;0.17;0.20799999;0.48
0.352;0.17;0.20799999;0.47
0.352;0.17;0.20799999;0.47
0.352;0.17;0.20899999;0.47
0.35099998;0.17;0.20799999;0.47
0.352;0.17;0.20899999;0.47
0.352;0.17;0.20899999;0.47
0.352;0.17;0.20899999;0.47
0.352;0.17;0.20899999;0.47
0.352;0.17;0.21;0.47
0.353;0.17;0.21;0.47
0.352;0.17;0.21100001;0.47
0.353;0.17;0.21100001;0.47
0.352;0.17;0.21100001;0.47
0.353;0.17;0.21100001;0.47
0.353;0.17;0.21200001;0.47
0.354;0.17;0.21200001;0.47
0.354;0.17;0.21200001;0.47
0.354;0.17;0.21200001;0.47
0.353;0.17;0.21200001;0.47
0.355;0.17;0.213;0.47
0.355;0.17;0.213;0.47
0.355;0.17;0.213;0.47
0.354;0.17;0.214;0.47
0.355;0.17;0.214;0.47
0.354;0.17;0.214;0.47
0.355;0.17;0.214;0.47
0.355;0.17;0.214;0.47
0.35599998;0.17;0.214;0.47
0.35599998;0.17;0.215;0.47
0.35599998;0.17;0.215;0.47
0.35599998;0.17;0.215;0.47
0.35599998;0.17;0.215;0.47
0.355;0.17;0.215;0.47
0.357;0.17;0.215;0.47
0.35599998;0.17;0.216;0.46
0.357;0.17;0.216;0.46
0.35599998;0.17;0.216;0.46
0.357;0.17;0.216;0.46
0.357;0.17;0.21700001;0.46
0.357;0.17;0.21700001;0.46
0.35799998;0.17;0.21700001;0.46
0.35799998;0.17;0.21700001;0.46
0.35799998;0.17;0.218;0.46
0.35799998;0.17;0.218;0.46
0.35799998;0.17;0.218;0.46
0.35799998;0.17;0.218;0.46
0.35900003;0.17;0.218;0.46
0.35900003;0.17;0.218;0.46
0.35799998;0.17;0.218;0.46
0.35799998;0.17;0.218;0.46
0.35799998;0.17;0.218;0.46
0.35900003;0.17;0.218;0.46
0.35900003;0.17;0.218;0.46
0.35799998;0.16;0.218;0.46
0.35900003;0.16;0.218;0.46
0.35799998;0.16;0.218;0.46
0.35799998;0.16;0.218;0.46
0.35799998;0.16;0.218;0.46
0.35799998;0.16;0.218;0.45
0.35799998;0.16;0.218;0.46
0.35900003;0.16;0.218;0.46
0.35900003;0.16;0.219;0.45
0.35900003;0.16;0.218;0.45
0.35900003;0.16;0.218;0.45
0.35900003;0.16;0.219;0.45
0.35799998;0.16;0.218;0.45
0.35900003;0.16;0.219;0.45
0.35799998;0.16;0.218;0.45
0.35900003;0.16;0.219;0.45
0.35799998;0.16;0.218;0.45
0.35900003;0.16;0.218;0.45
0.35799998;0.16;0.218;0.45
0.35799998;0.16;0.218;0.45
0.35799998;0.16;0.218;0.45
0.35900003;0.16;0.218;0.45
0.357;0.16;0.218;0.45
0.35799998;0.16;0.218;0.45
0.35799998;0.16;0.218;0.45
0.35799998;0.16;0.218;0.45
0.35799998;0.16;0.218;0.45
0.35900003;0.16;0.218;0.45
0.357;0.16;0.218;0.45
0.357;0.16;0.218;0.45
0.35799998;0.16;0.218;0.45
0.357;0.16;0.218;0.45
0.35799998;0.16;0.218;0.45
0.35799998;0.16;0.21700001;0.45
0.357;0.16;0.21700001;0.45
0.357;0.16;0.21700001;0.45
0.35799998;0.16;0.21700001;0.45
0.357;0.16;0.21700001;0.45
0.357;0.16;0.21700001;0.45
0.357;0.16;0.21700001;0.45
0.357;0.16;0.21700001;0.45
0.35799998;0.16;0.21700001;0.45
0.357;0.16;0.216;0.45
0.357;0.16;0.216;0.45
0.357;0.16;0.216;0.45
0.357;0.16;0.216;0.45
0.357;0.16;0.216;0.45
0.35799998;0.16;0.216;0.45
0.32700002;0.18;0.218;0.46
0.336;0.17;0.216;0.45
0.335;0.18;0.207;0.46
0.335;0.18;0.206;0.46
0.335;0.18;0.206;0.46
0.33400002;0.18;0.199;0.47
0.33;0.18;0.19399999;0.47
0.333;0.18;0.19399999;0.47
0.33200002;0.18;0.191;0.48
0.33099997;0.18;0.189;0.48
0.33099997;0.18;0.189;0.48
0.33099997;0.18;0.188;0.49
0.33099997;0.19;0.188;0.5
0.33099997;0.19;0.189;0.5
0.33099997;0.19;0.189;0.5
0.33200002;0.19;0.19;0.5
0.333;0.19;0.191;0.5
0.333;0.19;0.191;0.5
0.333;0.19;0.19299999;0.5
0.33200002;0.19;0.19399999;0.5
0.33400002;0.19;0.19399999;0.5
0.33099997;0.19;0.19399999;0.5
0.333;0.19;0.19399999;0.5
0.333;0.19;0.19399999;0.5
0.33200002;0.19;0.19399999;0.5
0.33200002;0.19;0.19299999;0.5
0.33200002;0.19;0.19299999;0.5
0.33200002;0.19;0.19299999;0.5
0.333;0.19;0.192;0.5
0.33400002;0.19;0.192;0.5
0.333;0.19;0.192;0.5
0.33200002;0.19;0.192;0.5
0.33400002;0.19;0.192;0.5
0.333;0.19;0.192;0.5
0.333;0.19;0.192;0.5
0.336;0.18;0.192;0.5
0.336;0.19;0.192;0.5
0.337;0.18;0.19299999;0.5
0.337;0.18;0.19299999;0.5
0.336;0.18;0.19299999;0.5
0.337;0.18;0.19399999;0.5
0.34;0.18;0.19399999;0.5
0.33900002;0.18;0.195;0.5
0.342;0.18;0.195;0.5
0.343;0.18;0.195;0.5
0.344;0.18;0.19700001;0.5
0.345;0.18;0.19700001;0.5
0.349;0.18;0.198;0.5
0.354;0.17;0.199;0.49
0.35799998;0.17;0.202;0.49
0.367;0.17;0.204;0.49
0.372;0.16;0.205;0.49
0.377;0.16;0.206;0.49
0.367;0.16;0.20799999;0.48
0.37;0.16;0.20799999;0.48
0.36200002;0.17;0.20799999;0.48
0.36900002;0.16;0.20899999;0.48
0.36400002;0.17;0.20899999;0.48
0.385;0.16;0.21100001;0.48
0.36900002;0.16;0.213;0.48
0.377;0.15;0.213;0.48
0.36099997;0.16;0.213;0.48
0.35900003;0.17;0.215;0.47
0.35900003;0.17;0.215;0.47
0.357;0.17;0.215;0.47
0.35900003;0.17;0.214;0.47
0.35799998;0.17;0.214;0.47
0.35799998;0.17;0.214;0.47
0.355;0.17;0.214;0.47
0.35599998;0.17;0.214;0.47
0.354;0.17;0.213;0.47
0.35099998;0.17;0.21200001;0.47
0.35;0.17;0.21100001;0.48
0.35;0.17;0.21;0.48
0.35;0.17;0.21;0.48
0.352;0.17;0.20899999;0.48
0.37;0.16;0.20899999;0.48
0.372;0.16;0.21100001;0.48
0.366;0.16;0.213;0.47
0.36099997;0.17;0.214;0.47
0.35799998;0.17;0.215;0.47
0.35799998;0.17;0.214;0.47
0.357;0.17;0.214;0.47
0.35900003;0.17;0.214;0.47
0.36200002;0.17;0.214;0.47
0.367;0.17;0.214;0.47
0.372;0.16;0.215;0.47
0.374;0.16;0.215;0.47
0.372;0.16;0.215;0.47
0.376;0.16;0.21700001;0.47
0.371;0.16;0.218;0.47
0.375;0.16;0.218;0.47
0.366;0.16;0.218;0.47
0.36200002;0.16;0.218;0.46
0.36400002;0.16;0.218;0.46
0.36099997;0.16;0.218;0.46
0.36;0.16;0.21700001;0.46
0.36;0.16;0.21700001;0.46
0.35900003;0.16;0.21700001;0.46
0.357;0.17;0.216;0.46
0.357;0.17;0.216;0.46
0.35599998;0.17;0.216;0.46
0.35599998;0.17;0.215;0.46
0.355;0.17;0.215;0.46
0.355;0.17;0.214;0.47
0.354;0.17;0.213;0.47
0.353;0.17;0.213;0.47
0.352;0.17;0.21200001;0.47
0.352;0.17;0.21200001;0.47
0.35099998;0.17;0.21200001;0.47
0.352;0.17;0.21100001;0.47
0.352;0.17;0.21;0.47
0.352;0.17;0.21;0.47
0.35099998;0.17;0.20899999;0.47
0.35099998;0.17;0.20899999;0.47
0.35099998;0.17;0.20899999;0.47
0.35099998;0.17;0.20899999;0.47
0.35;0.17;0.20799999;0.47
0.349;0.17;0.20799999;0.47
0.349;0.17;0.207;0.47
0.348;0.17;0.207;0.47
0.347;0.17;0.206;0.47
0.346;0.17;0.206;0.47
0.347;0.17;0.205;0.47
0.347;0.17;0.205;0.47
0.347;0.17;0.205;0.47
0.368;0.21;0.214;0.49
0.36900002;0.22;0.215;0.49
0.36900002;0.21;0.215;0.49
0.36900002;0.21;0.215;0.49
0.36900002;0.21;0.215;0.49
0.36900002;0.21;0.215;0.49
0.37;0.21;0.215;0.49
0.37;0.21;0.215;0.49
0.37;0.21;0.216;0.49
0.37;0.21;0.216;0.49
0.371;0.21;0.216;0.48
0.37;0.21;0.216;0.48
0.37;0.21;0.216;0.48
0.371;0.21;0.216;0.48
0.371;0.21;0.21700001;0.48
0.37;0.21;0.21700001;0.48
0.371;0.21;0.21700001;0.48
0.37;0.21;0.21700001;0.48
0.371;0.21;0.218;0.48
0.372;0.21;0.218;0.48
0.372;0.21;0.218;0.48
0.372;0.21;0.218;0.48
0.372;0.21;0.219;0.48
0.373;0.21;0.219;0.48
0.373;0.21;0.219;0.48
0.373;0.21;0.22;0.48
0.374;0.21;0.22;0.48
0.374;0.21;0.22;0.48
0.373;0.21;0.22;0.48
0.373;0.21;0.221;0.48
0.373;0.21;0.221;0.48
0.375;0.21;0.221;0.48
0.374;0.21;0.221;0.48
0.375;0.21;0.221;0.47
0.374;0.21;0.221;0.48
0.375;0.21;0.222;0.47
0.375;0.21;0.222;0.47
0.375;0.21;0.222;0.47
0.376;0.21;0.222;0.47
0.375;0.21;0.222;0.47
0.376;0.21;0.222;0.47
0.376;0.21;0.222;0.47
0.375;0.21;0.222;0.47
0.376;0.21;0.222;0.47
0.376;0.21;0.222;0.47
0.376;0.21;0.222;0.47
0.375;0.21;0.222;0.47
0.376;0.21;0.22299999;0.47
0.376;0.21;0.22299999;0.47
0.377;0.21;0.22299999;0.47
0.378;0.21;0.22299999;0.47
0.376;0.21;0.22299999;0.47
0.377;0.21;0.22299999;0.47
0.376;0.21;0.22299999;0.47
0.377;0.21;0.22399999;0.47
0.377;0.21;0.22299999;0.47
0.377;0.21;0.22399999;0.47
0.376;0.21;0.22399999;0.47
0.377;0.21;0.22399999;0.47
0.377;0.21;0.22399999;0.47
0.377;0.21;0.22399999;0.47
0.377;0.21;0.22399999;0.47
0.378;0.21;0.22399999;0.47
0.377;0.21;0.22399999;0.47
0.376;0.21;0.22399999;0.47
0.377;0.21;0.22399999;0.47
0.377;0.21;0.22399999;0.47
0.377;0.21;0.22399999;0.47
0.377;0.21;0.22399999;0.47
0.377;0.21;0.22399999;0.47
0.378;0.21;0.22399999;0.47
0.377;0.21;0.22399999;0.47
0.377;0.21;0.22399999;0.47
0.377;0.21;0.22399999;0.47
0.376;0.21;0.225;0.47
0.378;0.21;0.225;0.47
0.377;0.21;0.225;0.47
0.377;0.21;0.225;0.47
0.378;0.21;0.225;0.47
0.378;0.21;0.225;0.47
0.377;0.21;0.225;0.47
0.378;0.21;0.225;0.47
0.377;0.21;0.225;0.47
0.377;0.21;0.225;0.47
0.377;0.21;0.22399999;0.47
0.377;0.21;0.225;0.47
0.377;0.21;0.225;0.47
0.376;0.21;0.22399999;0.47
0.377;0.21;0.225;0.47
0.377;0.21;0.225;0.47
0.377;0.21;0.225;0.47
0.377;0.21;0.225;0.47
0.377;0.21;0.225;0.47
0.377;0.21;0.225;0.47
0.377;0.21;0.225;0.47
0.377;0.21;0.225;0.47
0.377;0.21;0.225;0.47
0.378;0.21;0.225;0.47
0.377;0.21;0.225;0.47
0.377;0.21;0.225;0.47
0.378;0.21;0.225;0.47
0.377;0.21;0.225;0.47
0.377;0.21;0.225;0.47
0.377;0.21;0.225;0.47
0.377;0.21;0.225;0.47
0.377;0.21;0.225;0.47
0.377;0.21;0.225;0.47
0.377;0.21;0.225;0.47
0.377;0.21;0.225;0.47
0.377;0.21;0.225;0.47
0.377;0.21;0.225;0.47
0.377;0.21;0.225;0.47
0.376;0.21;0.225;0.47
0.377;0.21;0.225;0.47
0.376;0.21;0.225;0.47
0.378;0.21;0.225;0.47
0.376;0.21;0.225;0.47
0.378;0.21;0.225;0.47
0.377;0.21;0.225;0.47
0.377;0.21;0.225;0.47
0.377;0.21;0.225;0.47
0.378;0.21;0.225;0.47
0.377;0.21;0.225;0.47
0.378;0.21;0.225;0.47
0.379;0.21;0.225;0.47
0.378;0.21;0.225;0.47
0.377;0.21;0.225;0.47
0.378;0.21;0.225;0.47
0.377;0.21;0.225;0.47
0.378;0.21;0.22799999;0.47
0.379;0.21;0.234;0.47
0.382;0.21;0.239;0.46
0.383;0.21;0.24200001;0.46
0.382;0.21;0.245;0.45
0.383;0.21;0.24700001;0.45
0.384;0.21;0.249;0.44
0.384;0.21;0.25;0.44
0.382;0.21;0.25;0.44
0.384;0.2;0.25;0.44
0.377;0.22;0.25;0.45
0.38099998;0.24;0.25;0.47
0.38;0.24;0.25;0.47
0.38;0.24;0.25100002;0.48
0.38099998;0.26;0.252;0.52
0.38099998;0.27;0.252;0.52
0.382;0.26;0.252;0.51
0.38099998;0.27;0.252;0.51
0.38099998;0.26;0.252;0.51
0.385;0.28;0.25100002;0.55
0.38;0.28;0.25100002;0.53
0.377;0.27;0.25100002;0.53
0.38099998;0.27;0.25;0.53
0.38099998;0.29;0.25;0.55
0.38099998;0.3;0.25;0.57
0.382;0.3;0.25;0.57
0.38099998;0.29;0.25;0.57
0.385;0.29;0.25100002;0.57
0.383;0.29;0.25100002;0.56
0.382;0.28;0.25100002;0.56
0.382;0.29;0.25100002;0.56
0.38;0.28;0.25;0.56
0.38;0.28;0.25;0.56
0.38099998;0.28;0.25;0.56
0.38;0.28;0.249;0.56
0.38;0.28;0.249;0.56
0.38;0.28;0.249;0.55
0.379;0.28;0.249;0.55
0.379;0.28;0.249;0.55
0.379;0.28;0.248;0.55
0.379;0.27;0.248;0.55
0.379;0.28;0.248;0.55
0.379;0.27;0.248;0.55
0.38;0.27;0.248;0.54
0.379;0.27;0.248;0.54
0.378;0.27;0.248;0.54
0.378;0.27;0.24700001;0.54
0.378;0.27;0.24700001;0.54
0.379;0.27;0.248;0.54
0.377;0.27;0.24700001;0.54
0.379;0.27;0.24700001;0.54
0.378;0.27;0.248;0.54
0.378;0.27;0.24700001;0.54
0.377;0.27;0.24700001;0.54
0.382;0.28;0.249;0.56
0.384;0.28;0.25;0.57
0.384;0.29;0.252;0.58
0.385;0.29;0.252;0.58
0.385;0.29;0.253;0.58
0.385;0.29;0.253;0.59
0.385;0.29;0.254;0.59
0.38599998;0.29;0.254;0.59
0.38599998;0.29;0.254;0.6
0.387;0.29;0.254;0.6
0.387;0.3;0.254;0.6
0.387;0.3;0.254;0.6
0.38799998;0.3;0.254;0.6
0.38799998;0.3;0.255;0.6
0.387;0.3;0.255;0.6
0.387;0.3;0.255;0.61
0.387;0.3;0.255;0.61
0.387;0.3;0.255;0.61
0.387;0.3;0.255;0.61
0.38799998;0.3;0.255;0.61
0.387;0.3;0.255;0.61
0.387;0.3;0.255;0.61
0.387;0.3;0.255;0.61
0.387;0.3;0.255;0.61
0.387;0.3;0.255;0.61
0.387;0.3;0.255;0.61
0.387;0.3;0.255;0.61
0.387;0.3;0.255;0.61
0.387;0.3;0.255;0.61
0.387;0.29;0.255;0.61
0.38900003;0.29;0.255;0.61
0.387;0.29;0.255;0.61
0.38799998;0.29;0.255;0.61
0.38799998;0.29;0.255;0.61
0.387;0.29;0.255;0.61
0.387;0.3;0.255;0.61
0.38799998;0.3;0.255;0.61
0.38799998;0.29;0.255;0.61
0.387;0.3;0.255;0.61
0.387;0.3;0.254;0.61
0.387;0.29;0.254;0.61
0.387;0.3;0.254;0.61
0.38900003;0.29;0.254;0.61
0.387;0.29;0.254;0.61
0.38799998;0.29;0.254;0.61
0.387;0.29;0.254;0.61
0.38599998;0.29;0.254;0.61
0.387;0.29;0.254;0.61
0.387;0.29;0.254;0.61
0.38799998;0.29;0.254;0.61
0.387;0.29;0.254;0.61
0.387;0.29;0.254;0.61
0.387;0.29;0.254;0.61
0.38599998;0.29;0.254;0.61
0.38599998;0.29;0.254;0.6
0.385;0.29;0.254;0.6
0.38599998;0.29;0.254;0.6
0.387;0.29;0.254;0.6
0.387;0.29;0.254;0.6
0.38599998;0.29;0.254;0.6
0.38599998;0.29;0.254;0.61
0.38599998;0.29;0.254;0.61
0.38599998;0.29;0.254;0.61
0.387;0.29;0.254;0.61
0.38599998;0.29;0.254;0.61
0.387;0.29;0.254;0.61
0.38599998;0.29;0.254;0.61
0.387;0.29;0.254;0.61
0.38799998;0.29;0.254;0.61
0.387;0.29;0.254;0.61
0.385;0.29;0.254;0.59
0.387;0.28;0.254;0.59
0.38599998;0.29;0.254;0.6
0.387;0.29;0.254;0.6
0.387;0.29;0.254;0.61
0.387;0.29;0.254;0.61
0.387;0.29;0.254;0.61
0.387;0.29;0.254;0.61
0.38599998;0.29;0.254;0.61
0.387;0.29;0.254;0.61
0.387;0.29;0.254;0.61
0.38599998;0.29;0.254;0.61
0.385;0.29;0.254;0.61
0.38599998;0.29;0.254;0.61
0.387;0.29;0.254;0.61
0.38599998;0.29;0.254;0.61
0.387;0.29;0.254;0.61
0.387;0.29;0.254;0.61
0.38599998;0.29;0.254;0.61
0.38599998;0.29;0.254;0.61
0.387;0.29;0.254;0.61
0.38599998;0.29;0.254;0.61
0.387;0.29;0.254;0.61
0.385;0.29;0.254;0.6
0.387;0.29;0.254;0.6
0.38599998;0.29;0.254;0.6
0.387;0.29;0.254;0.6
0.38599998;0.29;0.254;0.6
0.38599998;0.29;0.254;0.6
0.387;0.29;0.254;0.6
0.38599998;0.29;0.254;0.6
0.38599998;0.29;0.254;0.6
0.38599998;0.29;0.254;0.6
0.38599998;0.29;0.254;0.6
0.38599998;0.29;0.254;0.6
0.387;0.28;0.255;0.6
0.387;0.29;0.254;0.6
0.38599998;0.28;0.255;0.6
0.38599998;0.28;0.255;0.6
0.387;0.28;0.255;0.59
0.38599998;0.28;0.255;0.59
0.38599998;0.28;0.255;0.59
0.387;0.28;0.255;0.59
0.38799998;0.28;0.255;0.59
0.387;0.28;0.255;0.59
0.387;0.28;0.255;0.59
0.387;0.28;0.256;0.59
0.387;0.28;0.256;0.59
0.387;0.28;0.256;0.59
0.387;0.28;0.256;0.59
0.387;0.28;0.256;0.59
0.38900003;0.28;0.256;0.59
0.38900003;0.28;0.256;0.59
0.38900003;0.28;0.256;0.59
0.38799998;0.28;0.256;0.59
0.38799998;0.28;0.256;0.59
0.38799998;0.28;0.256;0.59
0.38799998;0.28;0.257;0.59
0.38900003;0.28;0.256;0.59
0.38799998;0.28;0.257;0.58
0.38799998;0.28;0.257;0.58
0.387;0.28;0.257;0.58
0.38799998;0.28;0.257;0.58
0.38900003;0.28;0.257;0.58
0.38799998;0.28;0.257;0.58
0.387;0.28;0.257;0.58
0.38900003;0.28;0.257;0.58
0.38900003;0.28;0.258;0.58
0.38900003;0.28;0.258;0.58
0.38900003;0.28;0.258;0.57
0.38900003;0.27;0.257;0.57
0.38900003;0.27;0.257;0.57
0.38799998;0.27;0.258;0.57
0.38900003;0.27;0.257;0.57
0.38900003;0.27;0.257;0.57
0.38900003;0.27;0.258;0.57
0.38799998;0.27;0.258;0.57
0.39;0.27;0.258;0.57
0.38900003;0.27;0.258;0.57
0.38900003;0.27;0.258;0.57
0.38900003;0.27;0.258;0.57
0.39;0.27;0.258;0.56
0.39;0.27;0.258;0.56
0.38900003;0.27;0.258;0.56
0.39;0.27;0.258;0.56
0.39;0.27;0.258;0.56
0.39;0.27;0.258;0.56
0.39;0.27;0.258;0.56
0.39;0.27;0.258;0.56
0.38900003;0.27;0.258;0.56
0.38900003;0.27;0.258;0.56
0.39099997;0.27;0.258;0.56
0.39;0.27;0.258;0.56
0.39;0.27;0.258;0.56
0.39099997;0.27;0.258;0.56
0.39;0.27;0.258;0.55
0.39;0.27;0.258;0.55
0.39;0.27;0.258;0.55
0.39;0.26;0.259;0.55
0.39099997;0.26;0.259;0.55
0.39;0.26;0.258;0.55
0.39;0.27;0.259;0.55
0.38900003;0.26;0.259;0.55
0.39;0.26;0.258;0.55
0.38900003;0.26;0.258;0.55
0.39;0.26;0.258;0.54
0.39099997;0.26;0.259;0.54
0.39099997;0.26;0.259;0.54
0.39;0.26;0.259;0.54
0.39099997;0.26;0.259;0.54
0.39099997;0.26;0.259;0.54
0.39099997;0.26;0.259;0.54
0.39200002;0.26;0.259;0.54
0.39099997;0.26;0.259;0.54
0.39099997;0.26;0.259;0.53
0.39200002;0.26;0.258;0.53
0.39099997;0.26;0.259;0.53
0.39;0.26;0.258;0.53
0.39;0.25;0.259;0.53
0.39099997;0.25;0.258;0.53
0.39099997;0.25;0.258;0.53
0.39;0.25;0.258;0.53
0.39;0.25;0.258;0.53
0.39;0.25;0.258;0.53
0.39099997;0.25;0.258;0.53
0.39099997;0.25;0.258;0.53
0.38900003;0.25;0.258;0.53
0.39;0.25;0.257;0.53
0.39099997;0.25;0.257;0.53
0.39;0.25;0.257;0.52
0.38900003;0.25;0.257;0.52
0.39;0.25;0.257;0.52
0.39;0.25;0.257;0.52
0.38799998;0.25;0.257;0.52
0.39;0.25;0.257;0.52
0.38900003;0.25;0.257;0.52
0.39;0.25;0.257;0.52
0.38900003;0.25;0.256;0.52
0.38900003;0.25;0.256;0.52
0.38900003;0.25;0.256;0.52
0.38900003;0.25;0.256;0.52
0.38799998;0.25;0.256;0.52
0.38900003;0.25;0.255;0.52
0.38799998;0.25;0.255;0.52
0.38799998;0.25;0.255;0.52
0.38799998;0.25;0.255;0.51
0.38799998;0.25;0.255;0.51
0.38799998;0.25;0.255;0.51
0.387;0.25;0.254;0.51
0.387;0.25;0.254;0.51
0.38799998;0.25;0.254;0.51
0.38799998;0.25;0.254;0.51
0.387;0.25;0.254;0.51
0.38799998;0.25;0.254;0.51
0.387;0.25;0.254;0.51
0.387;0.24;0.254;0.51
0.387;0.24;0.254;0.51
0.38599998;0.25;0.253;0.51
0.387;0.24;0.253;0.51
0.38599998;0.24;0.253;0.51
0.38599998;0.24;0.253;0.51
0.385;0.24;0.252;0.51
0.38599998;0.24;0.252;0.51
0.384;0.24;0.252;0.51
0.385;0.24;0.25100002;0.51
0.384;0.24;0.25100002;0.51
0.384;0.24;0.25;0.51
0.385;0.24;0.25;0.51
0.384;0.24;0.25;0.51
0.385;0.24;0.25;0.51
0.384;0.24;0.25;0.51
0.384;0.24;0.25;0.5
0.383;0.24;0.249;0.5
0.383;0.24;0.249;0.5
0.384;0.24;0.249;0.5
0.384;0.24;0.249;0.5
0.384;0.24;0.249;0.5
0.383;0.24;0.249;0.5
0.382;0.24;0.248;0.5
0.384;0.24;0.248;0.5
0.383;0.24;0.248;0.5
0.383;0.24;0.248;0.5
0.382;0.24;0.248;0.5
0.382;0.24;0.24700001;0.5
0.382;0.24;0.24700001;0.5
0.38099998;0.24;0.246;0.5
0.382;0.24;0.246;0.5
0.379;0.24;0.246;0.5
0.379;0.24;0.246;0.5
0.379;0.24;0.245;0.5
0.38;0.24;0.245;0.5
0.379;0.24;0.244;0.5
0.38;0.24;0.244;0.5
0.379;0.24;0.244;0.5
0.379;0.24;0.244;0.5
0.379;0.24;0.244;0.5
0.38;0.24;0.244;0.5
0.379;0.23;0.24299999;0.5
0.379;0.23;0.24299999;0.49
0.378;0.23;0.24299999;0.49
0.378;0.24;0.24299999;0.5
0.378;0.23;0.24299999;0.49
0.378;0.24;0.24299999;0.49
0.377;0.23;0.24299999;0.49
0.379;0.23;0.24200001;0.49
0.378;0.23;0.24200001;0.49
0.378;0.23;0.24200001;0.49
0.378;0.23;0.24200001;0.49
0.378;0.23;0.24200001;0.49
0.377;0.23;0.24200001;0.49
0.378;0.23;0.24200001;0.49
0.378;0.23;0.241;0.49
0.376;0.23;0.241;0.49
0.377;0.23;0.241;0.49
0.376;0.23;0.24;0.49
0.376;0.23;0.24;0.49
0.374;0.23;0.24;0.49
0.375;0.23;0.239;0.49
0.375;0.23;0.239;0.49
0.376;0.23;0.239;0.49
0.375;0.23;0.239;0.49
0.375;0.23;0.23799999;0.49
0.375;0.23;0.23799999;0.49
0.375;0.23;0.23799999;0.49
0.374;0.23;0.237;0.49
0.373;0.23;0.237;0.49
0.374;0.23;0.237;0.49
0.374;0.23;0.237;0.49
0.373;0.23;0.237;0.49
0.373;0.23;0.237;0.49
0.373;0.23;0.236;0.49
0.373;0.23;0.236;0.49
0.372;0.23;0.236;0.48
0.372;0.23;0.236;0.49
0.371;0.23;0.236;0.49
0.373;0.23;0.235;0.49
0.372;0.23;0.235;0.49
0.372;0.23;0.235;0.49
0.372;0.23;0.235;0.49
0.373;0.23;0.235;0.49
0.372;0.23;0.235;0.48
0.372;0.23;0.234;0.49
0.372;0.23;0.234;0.48
0.372;0.23;0.234;0.48
0.37;0.23;0.234;0.48
0.37;0.23;0.234;0.48
0.372;0.23;0.234;0.48
0.371;0.23;0.233;0.48
0.372;0.23;0.233;0.48
0.371;0.23;0.233;0.48
0.371;0.23;0.233;0.48
0.371;0.23;0.233;0.48
0.36900002;0.23;0.233;0.48
0.37;0.23;0.233;0.48
0.371;0.23;0.23200001;0.48
0.37;0.23;0.23200001;0.48
0.372;0.23;0.23200001;0.48
0.37;0.23;0.23200001;0.48
0.36900002;0.23;0.23200001;0.48
0.36900002;0.23;0.23200001;0.48
0.368;0.23;0.23200001;0.48
0.37;0.23;0.23200001;0.48
0.36900002;0.23;0.23200001;0.48
0.36900002;0.23;0.231;0.48
0.368;0.23;0.231;0.48
0.36900002;0.23;0.231;0.48
0.36900002;0.23;0.231;0.48
0.36900002;0.23;0.231;0.48
0.368;0.23;0.231;0.48
0.36900002;0.23;0.231;0.48
0.368;0.23;0.231;0.48
0.36900002;0.23;0.231;0.48
0.368;0.23;0.231;0.48
0.368;0.23;0.23;0.48
0.368;0.23;0.23;0.48
0.368;0.23;0.23;0.48
0.368;0.23;0.23;0.48
0.367;0.23;0.23;0.48
0.367;0.23;0.23;0.48
0.367;0.23;0.229;0.48
0.368;0.23;0.229;0.48
0.367;0.23;0.229;0.48
0.367;0.23;0.229;0.48
0.365;0.23;0.229;0.48
0.367;0.23;0.229;0.48
0.367;0.23;0.229;0.48
0.366;0.23;0.229;0.48
0.367;0.23;0.229;0.48
0.366;0.23;0.22799999;0.48
0.366;0.23;0.22799999;0.48
0.365;0.23;0.22799999;0.48
0.366;0.23;0.22799999;0.48
0.366;0.23;0.22799999;0.48
0.365;0.23;0.22799999;0.48
0.366;0.23;0.22799999;0.48
0.367;0.23;0.22799999;0.48
0.366;0.22;0.22799999;0.48
0.366;0.23;0.22799999;0.48
0.366;0.22;0.22799999;0.48
0.366;0.22;0.22799999;0.48
0.365;0.22;0.22700001;0.48
0.365;0.23;0.22700001;0.48
0.366;0.23;0.22700001;0.48
0.365;0.22;0.22700001;0.48
0.365;0.22;0.22700001;0.48
0.36400002;0.22;0.22700001;0.48
0.365;0.22;0.22700001;0.48
0.365;0.22;0.22600001;0.48
0.365;0.22;0.22600001;0.48
0.365;0.22;0.22600001;0.48
0.363;0.22;0.22600001;0.48
0.365;0.22;0.22600001;0.48
0.36400002;0.22;0.22600001;0.48
0.36400002;0.22;0.22600001;0.48
0.36400002;0.22;0.22600001;0.48
0.36400002;0.22;0.225;0.48
0.36400002;0.22;0.225;0.48
0.363;0.22;0.225;0.48
0.36400002;0.22;0.225;0.48
0.363;0.22;0.225;0.48
0.36400002;0.22;0.225;0.48
0.365;0.22;0.225;0.48
0.36200002;0.22;0.225;0.48
0.36200002;0.22;0.225;0.48
0.363;0.22;0.22399999;0.48
0.36400002;0.22;0.22399999;0.48
0.363;0.22;0.22399999;0.48
0.36400002;0.22;0.22399999;0.48
0.36400002;0.22;0.22399999;0.48
0.363;0.22;0.22399999;0.48
0.36400002;0.22;0.22399999;0.48
0.36200002;0.22;0.22399999;0.48
0.36400002;0.22;0.22399999;0.48
0.36200002;0.22;0.22399999;0.48
0.363;0.22;0.22299999;0.48
0.363;0.22;0.22299999;0.48
0.36200002;0.22;0.22299999;0.48
0.36400002;0.22;0.22299999;0.48
0.36200002;0.22;0.22299999;0.48
0.36099997;0.22;0.22299999;0.48
0.36200002;0.22;0.222;0.48
0.36;0.22;0.222;0.48
0.36099997;0.22;0.222;0.48
0.36200002;0.22;0.222;0.47
0.36099997;0.22;0.221;0.47
0.36099997;0.22;0.221;0.47
0.36;0.22;0.221;0.47
0.35900003;0.22;0.221;0.47
0.36;0.22;0.221;0.47
0.36;0.22;0.221;0.47
0.36099997;0.22;0.22;0.47
0.36;0.22;0.22;0.47
0.36;0.22;0.22;0.47
0.35900003;0.22;0.22;0.47
0.36;0.22;0.22;0.47
0.35900003;0.22;0.22;0.47
0.36;0.22;0.219;0.47
0.35900003;0.22;0.219;0.47
0.35900003;0.22;0.219;0.47
0.36;0.22;0.219;0.47
0.35900003;0.22;0.219;0.47
0.35900003;0.22;0.219;0.47
0.35900003;0.22;0.219;0.47
0.35900003;0.22;0.219;0.47
0.35799998;0.22;0.218;0.47
0.35900003;0.22;0.218;0.47
0.35799998;0.22;0.218;0.47
0.357;0.21;0.218;0.47
0.35900003;0.22;0.218;0.47
0.35900003;0.21;0.218;0.46
0.35799998;0.21;0.218;0.46
0.35799998;0.21;0.218;0.46
0.35799998;0.21;0.21700001;0.46
0.35799998;0.21;0.218;0.46
0.35900003;0.21;0.21700001;0.46
0.35799998;0.21;0.21700001;0.46
0.357;0.21;0.21700001;0.46
0.357;0.21;0.21700001;0.46
0.357;0.21;0.21700001;0.46
0.35599998;0.21;0.21700001;0.46
0.35799998;0.21;0.21700001;0.46
0.35599998;0.21;0.21700001;0.46
0.357;0.21;0.21700001;0.46
0.357;0.21;0.216;0.46
0.35599998;0.21;0.216;0.46
0.357;0.21;0.216;0.46
0.357;0.21;0.216;0.46
0.357;0.21;0.216;0.46
0.35799998;0.21;0.216;0.46
0.357;0.21;0.216;0.46
0.35599998;0.21;0.216;0.46
0.35599998;0.21;0.216;0.46
0.357;0.21;0.216;0.46
0.357;0.21;0.215;0.46
0.357;0.21;0.215;0.46
0.357;0.21;0.215;0.46
0.357;0.21;0.215;0.46
0.355;0.21;0.215;0.46
0.35599998;0.21;0.215;0.46
0.357;0.21;0.215;0.46
0.354;0.21;0.215;0.46
0.355;0.21;0.215;0.46
0.353;0.21;0.215;0.46
0.353;0.21;0.214;0.46
0.35799998;0.22;0.215;0.47
0.36;0.22;0.216;0.47
0.36;0.22;0.216;0.47
0.36;0.22;0.216;0.47
0.36099997;0.22;0.218;0.47
0.36;0.22;0.218;0.47
0.36;0.22;0.218;0.47
0.35900003;0.22;0.215;0.47
0.35799998;0.22;0.215;0.47
0.35799998;0.22;0.214;0.47
0.357;0.22;0.213;0.47
0.35599998;0.22;0.21200001;0.47
0.354;0.22;0.21200001;0.47
0.357;0.22;0.21200001;0.47
0.35599998;0.22;0.21100001;0.47
0.355;0.22;0.21100001;0.47
0.35599998;0.22;0.21100001;0.47
0.35599998;0.22;0.21;0.47
0.355;0.22;0.21;0.47
0.35599998;0.22;0.21;0.47
0.355;0.22;0.20899999;0.47
0.354;0.22;0.20899999;0.47
0.355;0.22;0.20899999;0.47
0.355;0.22;0.20899999;0.47
0.353;0.22;0.20899999;0.48
0.354;0.22;0.20899999;0.47
0.352;0.22;0.20799999;0.48
0.353;0.22;0.20799999;0.47
0.354;0.22;0.20799999;0.48
0.353;0.22;0.20799999;0.47
0.353;0.22;0.20799999;0.47
0.354;0.22;0.20899999;0.47
0.353;0.22;0.20799999;0.47
0.353;0.22;0.20899999;0.47
0.353;0.22;0.20899999;0.47
0.354;0.22;0.20899999;0.47
0.354;0.22;0.20899999;0.47
0.353;0.22;0.20899999;0.47
0.355;0.22;0.20899999;0.47
0.355;0.22;0.21;0.47
0.355;0.22;0.21;0.47
0.35599998;0.21;0.21;0.47
0.355;0.22;0.21100001;0.47
0.354;0.22;0.21100001;0.47
0.355;0.22;0.21100001;0.47
0.35599998;0.22;0.21100001;0.47
0.354;0.22;0.21100001;0.47
0.355;0.21;0.21100001;0.47
0.35599998;0.21;0.21200001;0.47
0.35599998;0.21;0.21200001;0.47
0.355;0.21;0.21200001;0.47
0.355;0.21;0.21200001;0.47
0.35599998;0.21;0.21200001;0.47
0.355;0.21;0.21200001;0.47
0.35599998;0.21;0.213;0.47
0.35599998;0.21;0.214;0.47
0.357;0.21;0.214;0.47
0.357;0.21;0.214;0.47
0.35799998;0.21;0.214;0.47
0.357;0.21;0.215;0.47
0.357;0.21;0.215;0.47
0.35799998;0.21;0.215;0.47
0.35799998;0.21;0.215;0.47
0.35799998;0.21;0.216;0.46
0.35799998;0.21;0.216;0.46
0.35900003;0.21;0.216;0.46
0.357;0.21;0.216;0.46
0.36;0.21;0.21700001;0.46
0.35900003;0.21;0.21700001;0.46
0.35900003;0.21;0.21700001;0.46
0.36;0.21;0.21700001;0.46
0.35900003;0.21;0.21700001;0.46
0.36;0.21;0.21700001;0.46
0.35799998;0.21;0.218;0.46
0.35900003;0.21;0.218;0.46
0.35900003;0.21;0.218;0.46
0.35900003;0.21;0.218;0.46
0.36;0.21;0.218;0.46
0.36099997;0.21;0.218;0.46
0.36;0.21;0.218;0.46
0.35900003;0.21;0.218;0.46
0.35900003;0.21;0.218;0.46
0.36;0.21;0.218;0.46
0.36;0.21;0.218;0.46
0.36;0.21;0.218;0.46
0.36;0.21;0.218;0.46
0.35900003;0.21;0.218;0.45
0.35900003;0.21;0.218;0.46
0.36;0.21;0.219;0.45
0.36;0.21;0.218;0.45
0.35900003;0.21;0.219;0.45
0.36;0.21;0.218;0.45
0.36;0.21;0.219;0.45
0.36;0.21;0.218;0.45
0.35900003;0.21;0.219;0.45
0.36;0.21;0.219;0.45
0.35900003;0.21;0.218;0.45
0.35900003;0.21;0.218;0.45
0.36;0.21;0.218;0.45
0.35900003;0.21;0.218;0.45
0.35900003;0.21;0.218;0.45
0.35900003;0.21;0.218;0.45
0.35900003;0.21;0.218;0.45
0.35900003;0.21;0.218;0.45
0.35900003;0.21;0.218;0.45
0.35900003;0.21;0.218;0.45
0.35799998;0.21;0.218;0.45
0.35799998;0.21;0.218;0.45
0.35799998;0.21;0.218;0.45
0.36;0.21;0.218;0.45
0.35900003;0.21;0.218;0.45
0.35900003;0.21;0.218;0.45
0.35900003;0.21;0.218;0.45
0.35799998;0.21;0.218;0.45
0.35799998;0.21;0.21700001;0.45
0.35900003;0.21;0.21700001;0.45
0.35799998;0.21;0.21700001;0.45
0.35900003;0.21;0.21700001;0.45
0.357;0.21;0.21700001;0.45
0.35900003;0.21;0.216;0.45
0.35799998;0.21;0.216;0.45
0.357;0.21;0.216;0.45
0.357;0.21;0.216;0.45
0.35799998;0.21;0.216;0.45
0.35799998;0.21;0.216;0.45
0.33;0.22;0.218;0.46
0.338;0.22;0.216;0.45
0.337;0.22;0.216;0.45
0.337;0.22;0.207;0.46
0.335;0.22;0.206;0.46
0.337;0.22;0.206;0.46
0.337;0.22;0.199;0.47
0.33400002;0.22;0.19399999;0.47
0.333;0.22;0.19399999;0.47
0.33400002;0.22;0.191;0.48
0.33400002;0.22;0.189;0.48
0.333;0.22;0.188;0.49
0.33200002;0.23;0.188;0.49
0.33099997;0.23;0.188;0.5
0.33;0.23;0.189;0.5
0.33099997;0.23;0.189;0.5
0.33200002;0.23;0.19;0.5
0.33400002;0.23;0.191;0.5
0.33200002;0.23;0.191;0.5
0.33400002;0.23;0.19299999;0.5
0.33400002;0.23;0.19399999;0.5
0.335;0.23;0.19399999;0.5
0.333;0.23;0.19399999;0.5
0.33400002;0.23;0.19399999;0.5
0.333;0.23;0.19399999;0.5
0.33200002;0.23;0.19299999;0.5
0.33200002;0.23;0.19299999;0.5
0.33200002;0.23;0.19299999;0.5
0.33200002;0.23;0.192;0.5
0.333;0.23;0.192;0.5
0.33200002;0.23;0.192;0.5
0.33200002;0.23;0.192;0.5
0.333;0.23;0.192;0.5
0.333;0.23;0.192;0.5
0.33400002;0.23;0.192;0.5
0.335;0.23;0.192;0.5
0.335;0.23;0.19299999;0.5
0.336;0.23;0.19299999;0.5
0.335;0.23;0.19299999;0.5
0.335;0.23;0.19399999;0.5
0.336;0.23;0.19399999;0.5
0.337;0.23;0.195;0.5
0.338;0.23;0.195;0.5
0.338;0.23;0.195;0.5
0.33900002;0.23;0.19700001;0.5
0.33900002;0.23;0.19700001;0.5
0.341;0.23;0.198;0.5
0.34;0.23;0.198;0.5
0.342;0.22;0.199;0.49
0.346;0.22;0.202;0.49
0.344;0.22;0.202;0.49
0.345;0.22;0.204;0.49
0.352;0.22;0.205;0.49
0.349;0.22;0.205;0.49
0.35599998;0.22;0.206;0.49
0.35799998;0.22;0.20799999;0.48
0.35799998;0.22;0.20799999;0.48
0.35799998;0.22;0.20799999;0.48
0.35799998;0.22;0.20899999;0.48
0.35900003;0.22;0.20899999;0.48
0.355;0.22;0.21100001;0.48
0.352;0.22;0.213;0.48
0.353;0.22;0.213;0.48
0.35099998;0.22;0.213;0.48
0.35099998;0.22;0.215;0.47
0.35099998;0.22;0.215;0.47
0.35;0.22;0.215;0.47
0.35;0.22;0.214;0.47
0.348;0.22;0.214;0.47
0.345;0.22;0.214;0.47
0.345;0.22;0.213;0.47
0.345;0.22;0.21200001;0.47
0.345;0.22;0.21100001;0.48
0.345;0.22;0.21;0.48
0.345;0.22;0.21;0.48
0.342;0.23;0.20899999;0.48
0.344;0.22;0.20899999;0.48
0.348;0.22;0.20899999;0.48
0.35;0.22;0.21100001;0.48
0.347;0.22;0.213;0.47
0.347;0.22;0.214;0.47
0.347;0.22;0.214;0.47
0.345;0.22;0.215;0.47
0.345;0.22;0.214;0.47
0.344;0.22;0.214;0.47
0.344;0.22;0.214;0.47
0.346;0.22;0.214;0.47
0.346;0.22;0.214;0.47
0.349;0.22;0.214;0.47
0.349;0.22;0.214;0.47
0.355;0.22;0.215;0.47
0.35599998;0.22;0.215;0.47
0.355;0.22;0.215;0.47
0.357;0.22;0.218;0.47
0.35900003;0.22;0.218;0.47
0.353;0.22;0.218;0.47
0.35;0.22;0.218;0.46
0.35099998;0.22;0.218;0.46
0.348;0.22;0.21700001;0.46
0.348;0.22;0.21700001;0.46
0.347;0.22;0.216;0.46
0.347;0.22;0.216;0.46
0.345;0.22;0.215;0.46
0.346;0.22;0.214;0.47
0.343;0.22;0.213;0.47
0.345;0.22;0.21200001;0.47
0.343;0.22;0.21200001;0.47
0.344;0.22;0.21100001;0.47
0.343;0.22;0.21;0.47
0.343;0.22;0.21;0.47
0.344;0.22;0.20899999;0.47
0.343;0.22;0.20899999;0.47
0.344;0.22;0.20899999;0.47
0.342;0.22;0.20899999;0.47
0.342;0.22;0.20899999;0.47
0.342;0.22;0.20899999;0.47
0.341;0.22;0.20799999;0.47
0.341;0.22;0.20799999;0.47
0.342;0.22;0.20799999;0.47
0.34;0.22;0.207;0.47
0.341;0.22;0.207;0.47
0.34;0.22;0.207;0.47
0.342;0.22;0.206;0.47
0.343;0.22;0.206;0.47
0.343;0.22;0.206;0.47
0.345;0.22;0.205;0.47
0.349;0.22;0.205;0.47
0.348;0.22;0.205;0.47
0.347;0.22;0.205;0.47
0.36400002;0.18;0.214;0.49
0.36400002;0.17;0.215;0.49
0.363;0.18;0.215;0.49
0.36400002;0.18;0.215;0.49
0.36400002;0.17;0.215;0.49
0.36400002;0.17;0.215;0.49
0.365;0.17;0.215;0.49
0.365;0.17;0.215;0.49
0.366;0.17;0.215;0.49
0.365;0.17;0.216;0.49
0.366;0.17;0.216;0.48
0.366;0.17;0.216;0.48
0.365;0.17;0.216;0.48
0.367;0.17;0.216;0.48
0.366;0.17;0.21700001;0.48
0.367;0.17;0.21700001;0.48
0.367;0.17;0.21700001;0.48
0.366;0.17;0.218;0.48
0.367;0.17;0.218;0.48
0.366;0.17;0.218;0.48
0.367;0.17;0.218;0.48
0.367;0.17;0.219;0.48
0.367;0.17;0.219;0.48
0.367;0.17;0.219;0.48
0.367;0.17;0.219;0.48
0.368;0.17;0.22;0.48
0.367;0.17;0.22;0.48
0.367;0.17;0.22;0.48
0.36900002;0.17;0.221;0.48
0.36900002;0.17;0.221;0.48
0.36900002;0.17;0.221;0.48
0.368;0.17;0.221;0.48
0.368;0.17;0.221;0.48
0.368;0.17;0.221;0.48
0.36900002;0.17;0.221;0.47
0.36900002;0.17;0.221;0.47
0.36900002;0.17;0.221;0.48
0.368;0.17;0.222;0.47
0.36900002;0.17;0.222;0.47
0.36900002;0.17;0.222;0.47
0.36900002;0.17;0.222;0.47
0.37;0.17;0.222;0.47
0.37;0.17;0.222;0.47
0.36900002;0.17;0.222;0.47
0.36900002;0.17;0.222;0.47
0.37;0.17;0.222;0.47
0.371;0.17;0.222;0.47
0.371;0.17;0.22299999;0.47
0.371;0.17;0.22299999;0.47
0.37;0.17;0.22299999;0.47
0.37;0.17;0.22299999;0.47
0.37;0.17;0.22299999;0.47
0.37;0.17;0.22299999;0.47
0.37;0.17;0.22399999;0.47
0.371;0.17;0.22299999;0.47
0.37;0.17;0.22399999;0.47
0.37;0.17;0.22399999;0.47
0.371;0.17;0.22399999;0.47
0.371;0.17;0.22399999;0.47
0.37;0.17;0.22399999;0.47
0.371;0.17;0.22399999;0.47
0.36900002;0.17;0.22399999;0.47
0.371;0.17;0.22399999;0.47
0.37;0.17;0.22399999;0.47
0.37;0.17;0.22399999;0.47
0.371;0.17;0.22399999;0.47
0.37;0.17;0.22399999;0.47
0.37;0.17;0.22399999;0.47
0.371;0.17;0.22399999;0.47
0.372;0.17;0.22399999;0.47
0.371;0.17;0.22399999;0.47
0.371;0.17;0.22399999;0.47
0.372;0.17;0.22399999;0.47
0.371;0.17;0.22399999;0.47
0.371;0.17;0.22399999;0.47
0.372;0.17;0.22399999;0.47
0.371;0.17;0.225;0.47
0.372;0.17;0.225;0.47
0.372;0.17;0.225;0.47
0.373;0.17;0.225;0.47
0.371;0.17;0.225;0.47
0.372;0.17;0.225;0.47
0.371;0.17;0.225;0.47
0.373;0.17;0.22399999;0.47
0.372;0.17;0.225;0.47
0.371;0.17;0.22399999;0.47
0.373;0.17;0.225;0.47
0.372;0.17;0.225;0.47
0.371;0.17;0.225;0.47
0.372;0.17;0.225;0.47
0.371;0.17;0.225;0.47
0.372;0.17;0.225;0.47
0.372;0.17;0.225;0.47
0.372;0.17;0.225;0.47
0.372;0.17;0.225;0.47
0.373;0.17;0.225;0.47
0.372;0.17;0.225;0.47
0.372;0.17;0.225;0.47
0.372;0.17;0.225;0.47
0.373;0.17;0.225;0.47
0.373;0.17;0.225;0.47
0.373;0.17;0.225;0.47
0.372;0.17;0.225;0.47
0.372;0.17;0.225;0.47
0.372;0.17;0.225;0.47
0.372;0.17;0.225;0.47
0.372;0.17;0.225;0.47
0.373;0.17;0.225;0.47
0.372;0.17;0.225;0.47
0.373;0.17;0.225;0.47
0.373;0.17;0.225;0.47
0.372;0.17;0.225;0.47
0.373;0.17;0.225;0.47
0.372;0.17;0.225;0.47
0.372;0.17;0.225;0.47
0.373;0.17;0.225;0.47
0.373;0.17;0.225;0.47
0.372;0.17;0.225;0.47
0.373;0.17;0.225;0.47
0.373;0.17;0.225;0.47
0.373;0.17;0.225;0.47
0.372;0.17;0.225;0.47
0.373;0.17;0.225;0.47
0.373;0.17;0.225;0.47
0.373;0.17;0.225;0.47
0.373;0.17;0.225;0.47
0.373;0.17;0.225;0.47
0.373;0.17;0.225;0.47
0.374;0.17;0.225;0.47
0.374;0.17;0.22799999;0.47
0.374;0.17;0.234;0.47
0.374;0.17;0.234;0.47
0.375;0.17;0.239;0.46
0.376;0.17;0.24200001;0.46
0.375;0.17;0.24200001;0.46
0.376;0.17;0.245;0.45
0.377;0.17;0.24700001;0.45
0.377;0.16;0.249;0.44
0.377;0.16;0.25;0.44
0.376;0.16;0.25;0.44
0.376;0.18;0.25;0.45
0.379;0.2;0.25;0.47
0.378;0.2;0.25100002;0.48
0.38;0.23;0.252;0.52
0.376;0.22;0.252;0.51
0.375;0.23;0.252;0.51
0.377;0.24;0.25100002;0.55
0.374;0.24;0.25100002;0.53
0.373;0.24;0.25100002;0.53
0.374;0.24;0.25;0.53
0.374;0.26;0.25;0.55
0.372;0.25;0.25;0.55
0.374;0.26;0.25;0.57
0.373;0.26;0.25;0.57
0.374;0.26;0.25;0.57
0.373;0.26;0.25;0.57
0.377;0.25;0.25100002;0.57
0.378;0.26;0.25100002;0.57
0.376;0.25;0.25100002;0.56
0.374;0.25;0.25100002;0.56
0.374;0.25;0.25100002;0.56
0.373;0.25;0.25100002;0.56
0.373;0.25;0.25;0.56
0.372;0.25;0.25;0.56
0.372;0.25;0.25;0.56
0.372;0.25;0.249;0.56
0.371;0.25;0.249;0.55
0.371;0.24;0.249;0.55
0.37;0.24;0.248;0.55
0.37;0.24;0.248;0.55
0.372;0.24;0.248;0.55
0.37;0.24;0.248;0.54
0.37;0.24;0.248;0.54
0.37;0.24;0.24700001;0.54
0.371;0.24;0.24700001;0.54
0.37;0.24;0.248;0.54
0.371;0.23;0.24700001;0.54
0.371;0.24;0.24700001;0.54
0.36900002;0.23;0.248;0.54
0.37;0.23;0.24700001;0.54
0.36900002;0.23;0.24700001;0.54
0.37;0.23;0.24700001;0.54
0.375;0.25;0.248;0.55
0.374;0.24;0.248;0.55
0.377;0.25;0.249;0.56
0.378;0.25;0.25;0.57
0.377;0.25;0.25;0.57
0.379;0.26;0.252;0.58
0.38;0.26;0.252;0.58
0.379;0.26;0.253;0.58
0.38;0.27;0.253;0.59
0.379;0.26;0.254;0.59
0.38;0.27;0.254;0.59
0.38;0.27;0.254;0.6
0.38099998;0.27;0.254;0.6
0.38099998;0.27;0.254;0.6
0.38099998;0.27;0.254;0.6
0.382;0.27;0.255;0.6
0.383;0.27;0.255;0.61
0.38099998;0.27;0.255;0.61
0.38099998;0.27;0.255;0.61
0.38;0.27;0.255;0.61
0.38;0.27;0.255;0.61
0.38;0.27;0.255;0.61
0.38099998;0.27;0.255;0.61
0.38099998;0.27;0.255;0.61
0.38099998;0.27;0.255;0.61
0.38099998;0.27;0.255;0.61
0.382;0.27;0.255;0.61
0.38099998;0.27;0.255;0.61
0.38099998;0.27;0.255;0.61
0.38099998;0.27;0.255;0.61
0.38099998;0.27;0.255;0.61
0.382;0.27;0.255;0.61
0.38099998;0.27;0.255;0.61
0.38;0.27;0.255;0.61
0.38099998;0.27;0.255;0.61
0.38099998;0.27;0.255;0.61
0.38099998;0.27;0.255;0.61
0.38099998;0.27;0.255;0.61
0.38099998;0.27;0.255;0.61
0.38;0.27;0.255;0.61
0.38099998;0.27;0.254;0.61
0.38;0.27;0.254;0.61
0.382;0.27;0.254;0.61
0.38;0.27;0.254;0.61
0.38099998;0.27;0.254;0.61
0.38099998;0.27;0.254;0.61
0.38;0.27;0.254;0.61
0.382;0.27;0.254;0.61
0.38099998;0.27;0.254;0.61
0.38099998;0.27;0.254;0.61
0.38099998;0.27;0.254;0.61
0.38099998;0.27;0.254;0.61
0.38;0.27;0.254;0.61
0.38099998;0.27;0.254;0.61
0.38099998;0.27;0.254;0.61
0.38;0.27;0.254;0.61
0.38099998;0.27;0.254;0.61
0.38099998;0.26;0.254;0.6
0.38099998;0.26;0.254;0.6
0.38;0.26;0.254;0.6
0.38099998;0.26;0.254;0.6
0.38099998;0.27;0.254;0.6
0.38099998;0.27;0.254;0.61
0.38099998;0.27;0.254;0.61
0.382;0.27;0.254;0.61
0.382;0.27;0.254;0.61
0.382;0.27;0.254;0.61
0.38099998;0.27;0.254;0.61
0.38099998;0.26;0.254;0.59
0.38;0.26;0.254;0.59
0.38;0.26;0.254;0.6
0.38;0.26;0.254;0.6
0.38;0.27;0.254;0.61
0.38099998;0.27;0.254;0.61
0.38099998;0.27;0.254;0.61
0.38099998;0.27;0.254;0.61
0.38099998;0.27;0.254;0.61
0.382;0.27;0.254;0.61
0.38099998;0.27;0.254;0.61
0.38;0.27;0.254;0.61
0.38;0.27;0.254;0.61
0.38099998;0.27;0.254;0.61
0.38;0.27;0.254;0.61
0.38099998;0.27;0.254;0.61
0.38099998;0.27;0.254;0.61
0.38;0.27;0.254;0.61
0.38;0.27;0.254;0.61
0.38;0.27;0.254;0.61
0.38;0.27;0.254;0.61
0.38;0.26;0.254;0.61
0.38;0.26;0.254;0.61
0.379;0.26;0.254;0.6
0.38;0.26;0.254;0.6
0.38;0.26;0.254;0.6
0.38099998;0.26;0.254;0.6
0.38099998;0.26;0.254;0.6
0.38099998;0.26;0.254;0.6
0.38;0.26;0.254;0.6
0.38;0.26;0.254;0.6
0.38099998;0.26;0.254;0.6
0.38;0.26;0.254;0.6
0.38;0.26;0.254;0.6
0.38;0.26;0.254;0.6
0.38099998;0.26;0.254;0.6
0.38099998;0.26;0.254;0.6
0.382;0.26;0.254;0.6
0.38099998;0.26;0.255;0.6
0.38099998;0.26;0.254;0.6
0.38099998;0.26;0.255;0.6
0.38099998;0.26;0.255;0.6
0.38099998;0.26;0.255;0.59
0.38099998;0.26;0.255;0.59
0.382;0.26;0.255;0.59
0.38099998;0.26;0.255;0.59
0.382;0.26;0.255;0.59
0.382;0.25;0.255;0.59
0.382;0.26;0.256;0.59
0.382;0.25;0.256;0.59
0.382;0.25;0.256;0.59
0.38099998;0.25;0.256;0.59
0.382;0.25;0.256;0.59
0.383;0.25;0.256;0.59
0.383;0.25;0.256;0.59
0.382;0.25;0.256;0.59
0.383;0.25;0.256;0.59
0.382;0.25;0.257;0.59
0.383;0.25;0.256;0.59
0.383;0.25;0.257;0.58
0.384;0.25;0.257;0.58
0.383;0.25;0.257;0.58
0.383;0.25;0.257;0.58
0.383;0.25;0.257;0.58
0.384;0.25;0.257;0.58
0.383;0.25;0.257;0.58
0.384;0.25;0.257;0.58
0.383;0.25;0.257;0.58
0.383;0.25;0.258;0.58
0.383;0.25;0.258;0.58
0.384;0.25;0.258;0.57
0.384;0.25;0.257;0.57
0.384;0.24;0.258;0.57
0.384;0.24;0.257;0.57
0.383;0.24;0.258;0.57
0.383;0.24;0.258;0.57
0.384;0.24;0.258;0.57
0.384;0.24;0.258;0.57
0.385;0.24;0.258;0.57
0.384;0.24;0.258;0.57
0.384;0.24;0.258;0.57
0.384;0.24;0.258;0.56
0.385;0.24;0.258;0.56
0.384;0.24;0.258;0.56
0.384;0.24;0.258;0.56
0.384;0.24;0.258;0.56
0.385;0.24;0.258;0.56
0.384;0.24;0.258;0.56
0.384;0.24;0.258;0.56
0.385;0.24;0.258;0.56
0.385;0.24;0.258;0.56
0.384;0.24;0.258;0.56
0.384;0.24;0.258;0.56
0.384;0.24;0.258;0.56
0.385;0.24;0.258;0.56
0.384;0.24;0.258;0.56
0.384;0.24;0.258;0.55
0.385;0.24;0.258;0.55
0.385;0.23;0.259;0.55
0.385;0.23;0.258;0.55
0.384;0.23;0.259;0.55
0.385;0.23;0.259;0.55
0.383;0.23;0.259;0.55
0.385;0.23;0.258;0.55
0.385;0.23;0.258;0.55
0.385;0.23;0.258;0.54
0.38599998;0.23;0.259;0.54
0.385;0.23;0.259;0.54
0.38599998;0.23;0.259;0.54
0.385;0.23;0.259;0.54
0.38599998;0.23;0.259;0.54
0.385;0.23;0.259;0.54
0.385;0.23;0.259;0.54
0.385;0.23;0.259;0.54
0.385;0.23;0.259;0.54
0.38599998;0.23;0.259;0.54
0.385;0.22;0.259;0.54
0.38599998;0.22;0.259;0.53
0.385;0.22;0.258;0.53
0.385;0.22;0.259;0.53
0.385;0.22;0.258;0.53
0.385;0.22;0.259;0.53
0.384;0.22;0.258;0.53
0.384;0.22;0.258;0.53
0.385;0.22;0.258;0.53
0.385;0.22;0.258;0.53
0.385;0.22;0.258;0.53
0.384;0.22;0.258;0.53
0.384;0.22;0.258;0.53
0.384;0.22;0.257;0.53
0.384;0.22;0.257;0.53
0.384;0.22;0.257;0.52
0.384;0.22;0.257;0.52
0.384;0.22;0.257;0.52
0.384;0.22;0.257;0.52
0.383;0.22;0.257;0.52
0.383;0.22;0.257;0.52
0.384;0.22;0.257;0.52
0.384;0.22;0.257;0.52
0.384;0.22;0.257;0.52
0.384;0.22;0.257;0.52
0.384;0.22;0.257;0.52
0.383;0.22;0.257;0.52
0.383;0.22;0.256;0.52
0.384;0.21;0.256;0.52
0.383;0.21;0.256;0.52
0.383;0.21;0.256;0.52
0.383;0.21;0.256;0.52
0.382;0.21;0.255;0.52
0.383;0.21;0.255;0.52
0.383;0.21;0.255;0.51
0.382;0.21;0.255;0.51
0.38099998;0.21;0.254;0.51
0.38099998;0.21;0.254;0.51
0.38099998;0.21;0.254;0.51
0.382;0.21;0.254;0.51
0.382;0.21;0.254;0.51
0.382;0.21;0.254;0.51
0.38099998;0.21;0.253;0.51
0.38;0.21;0.253;0.51
0.38;0.21;0.253;0.51
0.38099998;0.21;0.253;0.51
0.38;0.21;0.253;0.51
0.38;0.21;0.253;0.51
0.38;0.21;0.252;0.51
0.379;0.21;0.252;0.51
0.379;0.21;0.252;0.51
0.379;0.21;0.252;0.51
0.379;0.21;0.252;0.51
0.38;0.21;0.252;0.51
0.38;0.21;0.25100002;0.51
0.379;0.21;0.25100002;0.51
0.378;0.21;0.25100002;0.51
0.378;0.21;0.25;0.51
0.379;0.21;0.25;0.51
0.378;0.21;0.25;0.51
0.378;0.21;0.25;0.51
0.377;0.21;0.25;0.5
0.378;0.21;0.249;0.5
0.377;0.21;0.249;0.5
0.377;0.21;0.249;0.5
0.377;0.21;0.249;0.5
0.377;0.21;0.249;0.5
0.377;0.21;0.248;0.5
0.377;0.2;0.248;0.5
0.376;0.2;0.248;0.5
0.377;0.2;0.248;0.5
0.376;0.2;0.248;0.5
0.377;0.2;0.248;0.5
0.376;0.2;0.24700001;0.5
0.377;0.2;0.24700001;0.5
0.377;0.2;0.24700001;0.5
0.376;0.2;0.24700001;0.5
0.376;0.2;0.24700001;0.5
0.376;0.2;0.24700001;0.5
0.376;0.2;0.246;0.5
0.375;0.2;0.246;0.5
0.376;0.2;0.246;0.5
0.375;0.2;0.246;0.5
0.375;0.2;0.245;0.5
0.375;0.2;0.245;0.5
0.374;0.2;0.245;0.5
0.375;0.2;0.245;0.5
0.375;0.2;0.244;0.5
0.373;0.2;0.244;0.5
0.374;0.2;0.244;0.5
0.374;0.2;0.244;0.5
0.373;0.2;0.244;0.5
0.373;0.2;0.24299999;0.5
0.373;0.2;0.24299999;0.49
0.373;0.2;0.24299999;0.49
0.373;0.2;0.24299999;0.5
0.372;0.2;0.24299999;0.49
0.373;0.2;0.24299999;0.49
0.373;0.2;0.24299999;0.49
0.373;0.2;0.24200001;0.49
0.373;0.2;0.24200001;0.49
0.372;0.2;0.24200001;0.49
0.372;0.2;0.24200001;0.49
0.372;0.2;0.24200001;0.49
0.371;0.2;0.24200001;0.49
0.371;0.2;0.24200001;0.49
0.371;0.2;0.24200001;0.49
0.372;0.2;0.24200001;0.49
0.371;0.2;0.241;0.49
0.371;0.2;0.241;0.49
0.371;0.2;0.241;0.49
0.37;0.19;0.24;0.49
0.37;0.19;0.24;0.49
0.37;0.19;0.24;0.49
0.37;0.19;0.239;0.49
0.37;0.19;0.239;0.49
0.37;0.19;0.239;0.49
0.36900002;0.19;0.23799999;0.49
0.36900002;0.19;0.23799999;0.49
0.368;0.19;0.237;0.49
0.36900002;0.19;0.237;0.49
0.36900002;0.19;0.237;0.49
0.367;0.19;0.237;0.49
0.368;0.19;0.237;0.49
0.368;0.19;0.237;0.49
0.367;0.19;0.236;0.49
0.368;0.19;0.236;0.49
0.367;0.19;0.236;0.48
0.367;0.19;0.236;0.49
0.367;0.19;0.236;0.49
0.367;0.19;0.235;0.49
0.367;0.19;0.235;0.49
0.367;0.19;0.235;0.49
0.367;0.19;0.235;0.49
0.367;0.19;0.235;0.49
0.367;0.19;0.235;0.49
0.366;0.19;0.235;0.48
0.366;0.19;0.234;0.49
0.366;0.19;0.234;0.48
0.365;0.19;0.234;0.48
0.366;0.19;0.234;0.48
0.366;0.19;0.234;0.48
0.365;0.19;0.234;0.48
0.365;0.19;0.233;0.48
0.365;0.19;0.233;0.48
0.365;0.19;0.233;0.48
0.365;0.19;0.233;0.48
0.365;0.19;0.233;0.48
0.365;0.19;0.233;0.48
0.36400002;0.19;0.23200001;0.48
0.365;0.19;0.23200001;0.48
0.365;0.19;0.23200001;0.48
0.36400002;0.19;0.23200001;0.48
0.36400002;0.19;0.23200001;0.48
0.363;0.19;0.23200001;0.48
0.363;0.19;0.23200001;0.48
0.363;0.19;0.23200001;0.48
0.363;0.19;0.23200001;0.48
0.363;0.19;0.231;0.48
0.36400002;0.19;0.231;0.48
0.36400002;0.19;0.231;0.48
0.363;0.19;0.231;0.48
0.36400002;0.19;0.231;0.48
0.363;0.19;0.231;0.48
0.363;0.19;0.231;0.48
0.36400002;0.19;0.231;0.48
0.36200002;0.19;0.231;0.48
0.36200002;0.19;0.231;0.48
0.363;0.19;0.23;0.48
0.36200002;0.19;0.23;0.48
0.36200002;0.19;0.23;0.48
0.36200002;0.19;0.23;0.48
0.36200002;0.19;0.23;0.48
0.36200002;0.19;0.23;0.48
0.36200002;0.19;0.229;0.48
0.36099997;0.19;0.229;0.48
0.36200002;0.19;0.229;0.48
0.36099997;0.19;0.229;0.48
0.36099997;0.19;0.229;0.48
0.36;0.19;0.229;0.48
0.36;0.19;0.229;0.48
0.36;0.19;0.229;0.48
0.36099997;0.19;0.22799999;0.48
0.36;0.19;0.22799999;0.48
0.36099997;0.19;0.22799999;0.48
0.36;0.19;0.22799999;0.48
0.36099997;0.19;0.22799999;0.48
0.36;0.19;0.22799999;0.48
0.36;0.19;0.22799999;0.48
0.36;0.19;0.22799999;0.48
0.35900003;0.19;0.22799999;0.48
0.36;0.19;0.22799999;0.48
0.36;0.19;0.22799999;0.48
0.36;0.19;0.22799999;0.48
0.36;0.19;0.22700001;0.48
0.35900003;0.19;0.22700001;0.48
0.36;0.19;0.22700001;0.48
0.35900003;0.19;0.22700001;0.48
0.35900003;0.19;0.22700001;0.48
0.35900003;0.19;0.22700001;0.48
0.35900003;0.19;0.22700001;0.48
0.35900003;0.19;0.22700001;0.48
0.35900003;0.19;0.22600001;0.48
0.35900003;0.19;0.22600001;0.48
0.35900003;0.19;0.22600001;0.48
0.35799998;0.19;0.22600001;0.48
0.35900003;0.19;0.22600001;0.48
0.35799998;0.19;0.22600001;0.48
0.35900003;0.19;0.22600001;0.48
0.35799998;0.19;0.225;0.48
0.357;0.19;0.225;0.48
0.357;0.19;0.225;0.48
0.35799998;0.19;0.225;0.48
0.35799998;0.19;0.225;0.48
0.357;0.19;0.225;0.48
0.357;0.19;0.225;0.48
0.357;0.19;0.225;0.48
0.357;0.19;0.22399999;0.48
0.35599998;0.19;0.22399999;0.48
0.357;0.19;0.22399999;0.48
0.357;0.19;0.22399999;0.48
0.357;0.19;0.22399999;0.48
0.357;0.19;0.22399999;0.48
0.35599998;0.19;0.22399999;0.48
0.357;0.19;0.22399999;0.48
0.35599998;0.19;0.22399999;0.48
0.357;0.19;0.22399999;0.48
0.35599998;0.19;0.22299999;0.48
0.357;0.19;0.22299999;0.48
0.35599998;0.19;0.22299999;0.48
0.35599998;0.19;0.22299999;0.48
0.35599998;0.19;0.22299999;0.48
0.355;0.19;0.22299999;0.48
0.35599998;0.18;0.222;0.48
0.355;0.18;0.222;0.48
0.355;0.18;0.222;0.48
0.354;0.18;0.222;0.47
0.355;0.18;0.221;0.47
0.355;0.18;0.221;0.47
0.354;0.18;0.221;0.47
0.354;0.18;0.221;0.47
0.353;0.18;0.22;0.47
0.353;0.18;0.22;0.47
0.353;0.18;0.22;0.47
0.354;0.18;0.22;0.47
0.353;0.18;0.219;0.47
0.352;0.18;0.219;0.47
0.352;0.18;0.219;0.47
0.352;0.18;0.219;0.47
0.35099998;0.18;0.219;0.47
0.352;0.18;0.219;0.47
0.352;0.18;0.219;0.47
0.352;0.18;0.219;0.47
0.352;0.18;0.219;0.47
0.352;0.18;0.218;0.47
0.35099998;0.18;0.218;0.47
0.353;0.18;0.218;0.47
0.35099998;0.18;0.218;0.47
0.35099998;0.18;0.218;0.47
0.35099998;0.18;0.218;0.47
0.352;0.18;0.218;0.46
0.35099998;0.18;0.218;0.46
0.35;0.18;0.218;0.46
0.35099998;0.18;0.218;0.46
0.35099998;0.18;0.218;0.46
0.35099998;0.18;0.21700001;0.46
0.35099998;0.17;0.218;0.46
0.35;0.18;0.21700001;0.46
0.35;0.17;0.21700001;0.46
0.35;0.17;0.21700001;0.46
0.35099998;0.17;0.21700001;0.46
0.35099998;0.18;0.21700001;0.46
0.349;0.17;0.21700001;0.46
0.35;0.18;0.21700001;0.46
0.35;0.18;0.21700001;0.46
0.35;0.17;0.216;0.46
0.35;0.18;0.216;0.46
0.35;0.17;0.216;0.46
0.349;0.17;0.216;0.46
0.35;0.17;0.216;0.46
0.35;0.17;0.216;0.46
0.35;0.17;0.216;0.46
0.35;0.17;0.216;0.46
0.349;0.17;0.216;0.46
0.35;0.17;0.216;0.46
0.35;0.17;0.216;0.46
0.35;0.17;0.215;0.46
0.349;0.17;0.215;0.46
0.349;0.17;0.215;0.46
0.349;0.17;0.215;0.46
0.348;0.17;0.215;0.46
0.348;0.17;0.215;0.46
0.347;0.17;0.215;0.45
0.347;0.17;0.215;0.45
0.348;0.18;0.215;0.46
0.348;0.18;0.215;0.46
0.347;0.18;0.215;0.46
0.347;0.18;0.215;0.46
0.347;0.18;0.214;0.46
0.347;0.18;0.214;0.46
0.347;0.18;0.214;0.46
0.352;0.18;0.215;0.47
0.355;0.18;0.216;0.47
0.355;0.18;0.216;0.47
0.35599998;0.18;0.218;0.47
0.352;0.18;0.218;0.47
0.349;0.18;0.21700001;0.47
0.348;0.18;0.215;0.47
0.348;0.18;0.215;0.47
0.348;0.18;0.214;0.47
0.347;0.18;0.213;0.47
0.346;0.18;0.213;0.47
0.345;0.18;0.21200001;0.47
0.346;0.18;0.21200001;0.47
0.345;0.18;0.21200001;0.47
0.345;0.18;0.21100001;0.47
0.346;0.18;0.21100001;0.47
0.345;0.18;0.21100001;0.47
0.344;0.18;0.21;0.47
0.345;0.18;0.21;0.47
0.345;0.18;0.21;0.47
0.344;0.18;0.21;0.47
0.345;0.18;0.20899999;0.47
0.345;0.18;0.20899999;0.47
0.344;0.18;0.20899999;0.47
0.344;0.18;0.20899999;0.47
0.343;0.18;0.20899999;0.47
0.344;0.18;0.20899999;0.48
0.344;0.18;0.20899999;0.47
0.344;0.18;0.20799999;0.48
0.343;0.18;0.20799999;0.48
0.344;0.18;0.20799999;0.47
0.343;0.18;0.20799999;0.47
0.343;0.18;0.20899999;0.47
0.342;0.18;0.20799999;0.47
0.343;0.18;0.20899999;0.47
0.344;0.18;0.20899999;0.47
0.344;0.18;0.20899999;0.47
0.343;0.18;0.20899999;0.47
0.343;0.18;0.21;0.47
0.344;0.18;0.21;0.47
0.344;0.18;0.21100001;0.47
0.344;0.18;0.21100001;0.47
0.345;0.18;0.21100001;0.47
0.345;0.18;0.21100001;0.47
0.345;0.18;0.21100001;0.47
0.345;0.18;0.21200001;0.47
0.344;0.18;0.21200001;0.47
0.344;0.18;0.21200001;0.47
0.345;0.18;0.21200001;0.47
0.345;0.18;0.21200001;0.47
0.346;0.18;0.21200001;0.47
0.345;0.18;0.213;0.47
0.346;0.18;0.213;0.47
0.345;0.18;0.213;0.47
0.345;0.18;0.214;0.47
0.345;0.18;0.214;0.47
0.345;0.18;0.214;0.47
0.346;0.18;0.214;0.47
0.346;0.18;0.214;0.47
0.346;0.18;0.214;0.47
0.346;0.18;0.215;0.47
0.346;0.18;0.215;0.47
0.346;0.18;0.215;0.47
0.346;0.18;0.215;0.47
0.347;0.18;0.215;0.47
0.346;0.18;0.215;0.47
0.345;0.18;0.216;0.46
0.347;0.18;0.216;0.46
0.347;0.18;0.216;0.46
0.347;0.18;0.21700001;0.46
0.347;0.18;0.21700001;0.46
0.347;0.18;0.21700001;0.46
0.348;0.18;0.21700001;0.46
0.347;0.18;0.218;0.46
0.348;0.18;0.218;0.46
0.348;0.18;0.218;0.46
0.348;0.18;0.218;0.46
0.348;0.18;0.218;0.46
0.349;0.18;0.218;0.46
0.349;0.18;0.218;0.46
0.349;0.18;0.218;0.46
0.349;0.18;0.218;0.46
0.348;0.18;0.218;0.46
0.348;0.18;0.218;0.46
0.348;0.18;0.218;0.46
0.347;0.18;0.218;0.46
0.349;0.18;0.218;0.46
0.348;0.18;0.218;0.46
0.349;0.18;0.218;0.46
0.348;0.18;0.218;0.45
0.349;0.18;0.218;0.46
0.349;0.18;0.218;0.46
0.349;0.18;0.219;0.45
0.348;0.18;0.218;0.45
0.348;0.18;0.218;0.45
0.349;0.18;0.219;0.45
0.348;0.18;0.218;0.45
0.348;0.18;0.219;0.45
0.347;0.18;0.218;0.45
0.349;0.18;0.219;0.45
0.348;0.18;0.218;0.45
0.348;0.18;0.218;0.45
0.348;0.18;0.218;0.45
0.349;0.18;0.218;0.45
0.348;0.18;0.218;0.45
0.347;0.18;0.218;0.45
0.348;0.18;0.218;0.45
0.348;0.18;0.218;0.45
0.349;0.17;0.218;0.45
0.348;0.18;0.218;0.45
0.348;0.18;0.218;0.45
0.348;0.18;0.218;0.45
0.348;0.18;0.218;0.45
0.348;0.18;0.218;0.45
0.349;0.17;0.218;0.45
0.348;0.17;0.218;0.45
0.348;0.18;0.21700001;0.45
0.348;0.17;0.21700001;0.45
0.348;0.17;0.21700001;0.45
0.347;0.17;0.21700001;0.45
0.348;0.18;0.21700001;0.45
0.347;0.18;0.21700001;0.45
0.348;0.18;0.21700001;0.45
0.347;0.18;0.21700001;0.45
0.347;0.18;0.21700001;0.45
0.347;0.17;0.216;0.45
0.347;0.18;0.216;0.45
0.347;0.17;0.216;0.45
0.347;0.17;0.216;0.45
0.347;0.17;0.216;0.45
0.348;0.17;0.216;0.45
0.324;0.19;0.218;0.46
0.33400002;0.18;0.216;0.45
0.333;0.18;0.216;0.45
0.335;0.18;0.207;0.46
0.335;0.18;0.206;0.46
0.335;0.18;0.206;0.46
0.333;0.18;0.199;0.47
0.33099997;0.18;0.19399999;0.47
0.333;0.18;0.19399999;0.47
0.33099997;0.18;0.191;0.48
0.33099997;0.19;0.189;0.48
0.33200002;0.18;0.189;0.48
0.33;0.19;0.188;0.49
0.33;0.19;0.188;0.49
0.32900003;0.19;0.188;0.5
0.32900003;0.19;0.189;0.5
0.32900003;0.19;0.189;0.5
0.33;0.19;0.19;0.5
0.33;0.19;0.191;0.5
0.33;0.19;0.191;0.5
0.33;0.19;0.19299999;0.5
0.33099997;0.19;0.19399999;0.5
0.33099997;0.19;0.19399999;0.5
0.33099997;0.19;0.19399999;0.5
0.33099997;0.19;0.19399999;0.5
0.33099997;0.19;0.19399999;0.5
0.33099997;0.19;0.19399999;0.5
0.33;0.19;0.19299999;0.5
0.33;0.19;0.19299999;0.5
0.33;0.19;0.19299999;0.5
0.33;0.19;0.192;0.5
0.33;0.19;0.192;0.5
0.33;0.19;0.192;0.5
0.33;0.19;0.192;0.5
0.33099997;0.19;0.192;0.5
0.32900003;0.19;0.192;0.5
0.33099997;0.19;0.192;0.5
0.33099997;0.19;0.192;0.5
0.33200002;0.19;0.192;0.5
0.333;0.19;0.19299999;0.5
0.33200002;0.19;0.19299999;0.5
0.33200002;0.19;0.19299999;0.5
0.333;0.19;0.19399999;0.5
0.335;0.19;0.19399999;0.5
0.335;0.19;0.195;0.5
0.336;0.19;0.195;0.5
0.336;0.19;0.195;0.5
0.337;0.19;0.19700001;0.5
0.336;0.19;0.19700001;0.5
0.337;0.19;0.198;0.5
0.338;0.19;0.199;0.49
0.33900002;0.19;0.202;0.49
0.338;0.19;0.204;0.49
0.342;0.19;0.205;0.49
0.34;0.19;0.205;0.49
0.343;0.19;0.206;0.49
0.343;0.19;0.20799999;0.48
0.343;0.19;0.20799999;0.48
0.343;0.19;0.20899999;0.48
0.343;0.19;0.20899999;0.48
0.344;0.19;0.21100001;0.48
0.346;0.19;0.213;0.48
0.345;0.18;0.213;0.48
0.347;0.18;0.213;0.48
0.345;0.19;0.215;0.47
0.346;0.19;0.215;0.47
0.343;0.19;0.215;0.47
0.343;0.19;0.214;0.47
0.343;0.19;0.214;0.47
0.342;0.19;0.214;0.47
0.343;0.19;0.214;0.47
0.34;0.19;0.213;0.47
0.34;0.19;0.21200001;0.47
0.338;0.19;0.21100001;0.48
0.33900002;0.19;0.21;0.48
0.33900002;0.19;0.21;0.48
0.33900002;0.19;0.20899999;0.48
0.343;0.19;0.20899999;0.48
0.353;0.18;0.20899999;0.48
0.363;0.18;0.21100001;0.48
0.35900003;0.18;0.213;0.47
0.354;0.18;0.214;0.47
0.349;0.18;0.215;0.47
0.346;0.18;0.214;0.47
0.344;0.18;0.214;0.47
0.345;0.18;0.214;0.47
0.345;0.18;0.214;0.47
0.346;0.18;0.214;0.47
0.35;0.18;0.215;0.47
0.35099998;0.18;0.215;0.47
0.354;0.18;0.21700001;0.47
0.353;0.18;0.218;0.47
0.355;0.18;0.218;0.47
0.35;0.18;0.218;0.47
0.349;0.18;0.218;0.46
0.349;0.18;0.218;0.46
0.347;0.18;0.218;0.46
0.346;0.18;0.21700001;0.46
0.347;0.18;0.21700001;0.46
0.346;0.18;0.21700001;0.46
0.345;0.18;0.216;0.46
0.345;0.18;0.216;0.46
0.344;0.18;0.216;0.46
0.343;0.18;0.215;0.46
0.343;0.18;0.215;0.46
0.342;0.18;0.214;0.47
0.341;0.18;0.213;0.47
0.342;0.18;0.213;0.47
0.342;0.18;0.21200001;0.47
0.341;0.18;0.21200001;0.47
0.341;0.18;0.21200001;0.47
0.341;0.18;0.21100001;0.47
0.34;0.18;0.21;0.47
0.34;0.18;0.21;0.47
0.341;0.18;0.20899999;0.47
0.34;0.18;0.20899999;0.47
0.338;0.18;0.20899999;0.47
0.33900002;0.18;0.20899999;0.47
0.34;0.18;0.20799999;0.47
0.338;0.18;0.20799999;0.47
0.338;0.18;0.207;0.47
0.337;0.18;0.207;0.47
0.336;0.18;0.206;0.47
0.337;0.18;0.206;0.47
0.338;0.18;0.205;0.47
0.33900002;0.18;0.205;0.47
0.338;0.18;0.205;0.47
